{
      "0": {
            "episode_duration": 78,
            "agents_reward_for_plot": {
                  "0": 3.140255619945904,
                  "1": -35.882258177269605,
                  "2": 3.4823879690223913,
                  "3": -19.991049961168272,
                  "4": 0,
                  "5": 0,
                  "6": 0,
                  "7": 0,
                  "8": 0
            },
            "0": {
                  "mean_reward": 3.140255619945904
            },
            "1": {
                  "mean_reward": -35.882258177269605
            },
            "2": {
                  "mean_reward": 3.4823879690223913
            },
            "3": {
                  "mean_reward": -19.991049961168272
            },
            "4": {
                  "mean_reward": 0.0
            },
            "5": {
                  "mean_reward": 0.0
            },
            "6": {
                  "mean_reward": 0.0
            },
            "7": {
                  "mean_reward": 0.0
            },
            "8": {
                  "mean_reward": 0.0
            }
      },
      "1": {
            "episode_duration": 127,
            "agents_reward_for_plot": {
                  "0": -115.06979603789999,
                  "1": 1.3853047577571371,
                  "2": -10.583718320842602,
                  "3": -78.69648322782098,
                  "4": -37.657530419182486,
                  "5": -20.19042072809619,
                  "6": -71.20724603135321,
                  "7": -57.701529509376314,
                  "8": -28.473922253979968
            },
            "0": {
                  "mean_reward": -115.06979603789999
            },
            "1": {
                  "mean_reward": 1.3853047577571371
            },
            "2": {
                  "mean_reward": -10.583718320842602
            },
            "3": {
                  "mean_reward": -78.69648322782098
            },
            "4": {
                  "mean_reward": -37.657530419182486
            },
            "5": {
                  "mean_reward": -20.19042072809619
            },
            "6": {
                  "mean_reward": -71.20724603135321
            },
            "7": {
                  "mean_reward": -57.701529509376314
            },
            "8": {
                  "mean_reward": -28.473922253979968
            }
      },
      "2": {
            "episode_duration": 63,
            "agents_reward_for_plot": {
                  "0": 15.215840798399999,
                  "1": -10.32654437874804,
                  "2": 8.024771832249744,
                  "3": -18.817296896561203,
                  "4": -17.895233522919497,
                  "5": 0,
                  "6": 0,
                  "7": 0,
                  "8": 0
            },
            "0": {
                  "mean_reward": 15.215840798399999
            },
            "1": {
                  "mean_reward": -10.32654437874804
            },
            "2": {
                  "mean_reward": 8.024771832249744
            },
            "3": {
                  "mean_reward": -18.817296896561203
            },
            "4": {
                  "mean_reward": -17.895233522919497
            },
            "5": {
                  "mean_reward": 0.0
            },
            "6": {
                  "mean_reward": 0.0
            },
            "7": {
                  "mean_reward": 0.0
            },
            "8": {
                  "mean_reward": 0.0
            }
      },
      "3": {
            "episode_duration": 94,
            "agents_reward_for_plot": {
                  "0": -1.8102438201087505,
                  "1": -44.6812027952215,
                  "2": -11.996088717580774,
                  "3": -25.401680758787762,
                  "4": -15.076599253646197,
                  "5": 0,
                  "6": -27.06164954235141,
                  "7": 0,
                  "8": 0
            },
            "0": {
                  "mean_reward": -1.8102438201087505
            },
            "1": {
                  "mean_reward": -44.6812027952215
            },
            "2": {
                  "mean_reward": -11.996088717580774
            },
            "3": {
                  "mean_reward": -25.401680758787762
            },
            "4": {
                  "mean_reward": -15.076599253646197
            },
            "5": {
                  "mean_reward": 0.0
            },
            "6": {
                  "mean_reward": -27.06164954235141
            },
            "7": {
                  "mean_reward": 0.0
            },
            "8": {
                  "mean_reward": 0.0
            }
      },
      "4": {
            "episode_duration": 69,
            "agents_reward_for_plot": {
                  "0": 2.436006215694107,
                  "1": -18.48602141014201,
                  "2": -27.87932181211629,
                  "3": -9.48746314242399,
                  "4": -4.283861323307324,
                  "5": 0,
                  "6": 0,
                  "7": 0,
                  "8": 0
            },
            "0": {
                  "mean_reward": 2.436006215694107
            },
            "1": {
                  "mean_reward": -18.48602141014201
            },
            "2": {
                  "mean_reward": -27.87932181211629
            },
            "3": {
                  "mean_reward": -9.48746314242399
            },
            "4": {
                  "mean_reward": -4.283861323307324
            },
            "5": {
                  "mean_reward": 0.0
            },
            "6": {
                  "mean_reward": 0.0
            },
            "7": {
                  "mean_reward": 0.0
            },
            "8": {
                  "mean_reward": 0.0
            }
      },
      "5": {
            "episode_duration": 45,
            "agents_reward_for_plot": {
                  "0": 15.215840798399999,
                  "1": 3.968071418218277,
                  "2": 0,
                  "3": 0,
                  "4": 9.616104854047643,
                  "5": 0,
                  "6": 0,
                  "7": 0,
                  "8": 0
            },
            "0": {
                  "mean_reward": 15.215840798399999
            },
            "1": {
                  "mean_reward": 3.968071418218277
            },
            "2": {
                  "mean_reward": 0.0
            },
            "3": {
                  "mean_reward": 0.0
            },
            "4": {
                  "mean_reward": 9.616104854047643
            },
            "5": {
                  "mean_reward": 0.0
            },
            "6": {
                  "mean_reward": 0.0
            },
            "7": {
                  "mean_reward": 0.0
            },
            "8": {
                  "mean_reward": 0.0
            }
      },
      "6": {
            "episode_duration": 100,
            "agents_reward_for_plot": {
                  "0": -1.2734677379218908,
                  "1": -52.09549256091709,
                  "2": -50.35705148040215,
                  "3": -22.957732776794572,
                  "4": -16.197394999380794,
                  "5": -40.28123451070336,
                  "6": -10.1468832831981,
                  "7": -14.30201443721545,
                  "8": -28.79860610775883
            },
            "0": {
                  "mean_reward": -1.2734677379218908
            },
            "1": {
                  "mean_reward": -52.09549256091709
            },
            "2": {
                  "mean_reward": -50.35705148040215
            },
            "3": {
                  "mean_reward": -22.957732776794572
            },
            "4": {
                  "mean_reward": -16.197394999380794
            },
            "5": {
                  "mean_reward": -40.28123451070336
            },