{
      "0": {
            "episode_duration": 135,
            "agents_reward_for_plot": {
                  "0": 15.215840798399999,
                  "1": -60.982518205454156,
                  "2": -71.31737909463064,
                  "3": -36.9249612228694,
                  "4": -41.506502291230774,
                  "5": 3.3786452453014153,
                  "6": -34.89947049010314,
                  "7": -7.20644896911004,
                  "8": 3.8919450870603067
            },
            "0": {
                  "mean_reward": 15.215840798399999
            },
            "1": {
                  "mean_reward": -60.982518205454156
            },
            "2": {
                  "mean_reward": -71.31737909463064
            },
            "3": {
                  "mean_reward": -36.9249612228694
            },
            "4": {
                  "mean_reward": -41.506502291230774
            },
            "5": {
                  "mean_reward": 3.3786452453014153
            },
            "6": {
                  "mean_reward": -34.89947049010314
            },
            "7": {
                  "mean_reward": -7.20644896911004
            },
            "8": {
                  "mean_reward": 3.8919450870603067
            }
      },
      "1": {
            "episode_duration": 97,
            "agents_reward_for_plot": {
                  "0": -86.54009454089999,
                  "1": 2.3529332079282494,
                  "2": 0,
                  "3": -41.514700423931515,
                  "4": 14.724510570767041,
                  "5": 0,
                  "6": 0,
                  "7": 0,
                  "8": 0
            },
            "0": {
                  "mean_reward": -86.54009454089999
            },
            "1": {
                  "mean_reward": 2.3529332079282494
            },
            "2": {
                  "mean_reward": 0.0
            },
            "3": {
                  "mean_reward": -41.514700423931515
            },
            "4": {
                  "mean_reward": 14.724510570767041
            },
            "5": {
                  "mean_reward": 0.0
            },
            "6": {
                  "mean_reward": 0.0
            },
            "7": {
                  "mean_reward": 0.0
            },
            "8": {
                  "mean_reward": 0.0
            }
      },
      "2": {
            "episode_duration": 45,
            "agents_reward_for_plot": {
                  "0": 15.215840798399999,
                  "1": 3.968071418218277,
                  "2": 0,
                  "3": 0,
                  "4": 9.616104854047643,
                  "5": 0,
                  "6": 0,
                  "7": 0,
                  "8": 0
            },
            "0": {
                  "mean_reward": 15.215840798399999
            },
            "1": {
                  "mean_reward": 3.968071418218277
            },
            "2": {
                  "mean_reward": 0.0
            },
            "3": {
                  "mean_reward": 0.0
            },
            "4": {
                  "mean_reward": 9.616104854047643
            },
            "5": {
                  "mean_reward": 0.0
            },
            "6": {
                  "mean_reward": 0.0
            },
            "7": {
                  "mean_reward": 0.0
            },
            "8": {
                  "mean_reward": 0.0
            }
      },
      "3": {
            "episode_duration": 77,
            "agents_reward_for_plot": {
                  "0": -59.500273088661544,
                  "1": -11.795288318442877,
                  "2": 6.971486927693404,
                  "3": -60.0425691222072,
                  "4": -11.896738242411217,
                  "5": 0,
                  "6": 0,
                  "7": 0,
                  "8": 0
            },
            "0": {
                  "mean_reward": -59.500273088661544
            },
            "1": {
                  "mean_reward": -11.795288318442877
            },
            "2": {
                  "mean_reward": 6.971486927693404
            },
            "3": {
                  "mean_reward": -60.0425691222072
            },
            "4": {
                  "mean_reward": -11.896738242411217
            },
            "5": {
                  "mean_reward": 0.0
            },
            "6": {
                  "mean_reward": 0.0
            },
            "7": {
                  "mean_reward": 0.0
            },
            "8": {
                  "mean_reward": 0.0
            }
      },
      "4": {
            "episode_duration": 69,
            "agents_reward_for_plot": {
                  "0": 15.215840798399999,
                  "1": -12.996991521366859,
                  "2": 0,
                  "3": 0,
                  "4": -6.2163318295753935,
                  "5": 0,
                  "6": 0,
                  "7": 0,
                  "8": 0
            },
            "0": {
                  "mean_reward": 15.215840798399999
            },
            "1": {
                  "mean_reward": -12.996991521366859
            },
            "2": {
                  "mean_reward": 0.0
            },
            "3": {
                  "mean_reward": 0.0
            },
            "4": {
                  "mean_reward": -6.2163318295753935
            },
            "5": {
                  "mean_reward": 0.0
            },
            "6": {
                  "mean_reward": 0.0
            },
            "7": {
                  "mean_reward": 0.0
            },
            "8": {
                  "mean_reward": 0.0
            }
      },
      "5": {
            "episode_duration": 45,
            "agents_reward_for_plot": {
                  "0": 15.215840798399999,
                  "1": 3.968071418218277,
                  "2": 0,
                  "3": 0,
                  "4": 9.616104854047643,
                  "5": 0,
                  "6": 0,
                  "7": 0,
                  "8": 0
            },
            "0": {
                  "mean_reward": 15.215840798399999
            },
            "1": {
                  "mean_reward": 3.968071418218277
            },
            "2": {
                  "mean_reward": 0.0
            },
            "3": {
                  "mean_reward": 0.0
            },
            "4": {
                  "mean_reward": 9.616104854047643
            },
            "5": {
                  "mean_reward": 0.0
            },
            "6": {
                  "mean_reward": 0.0
            },
            "7": {
                  "mean_reward": 0.0
            },
            "8": {
                  "mean_reward": 0.0
            }
      },
      "6": {
            "episode_duration": 45,
            "agents_reward_for_plot": {
                  "0": 15.215840798399999,
                  "1": 3.968071418218277,
                  "2": 0,
                  "3": 0,
                  "4": 9.616104854047643,
                  "5": 0,
                  "6": 0,
                  "7": 0,
                  "8": 0
            },
            "0": {
                  "mean_reward": 15.215840798399999
            },
            "1": {
                  "mean_reward": 3.968071418218277
            },
            "2": {
                  "mean_reward": 0.0
            },
            "3": {
                  "mean_reward": 0.0
            },
            "4": {
                  "mean_reward": 9.616104854047643
            },
            "5": {
                  "mean_reward": 0.0
            },
            "6": {
                  "mean_reward": 0.0
            },
            "7": {
                  "mean_reward": 0.0
            },
            "8": {
                  "mean_reward": 0.0
            }
      },
      "7": {
            "episode_duration": 68,
            "agents_reward_for_plot": {
                  "0": 22.994054392391465,