{
      "0": {
            "episode_duration": 85,
            "agents_reward_for_plot": {
                  "0": -65.89616276046438,
                  "1": 3.245513141842011,
                  "2": -31.981930428968553,
                  "3": -49.6998586829708,
                  "4": -21.83609844780626,
                  "5": -17.092354650399397,
                  "6": -58.53425109108278,
                  "7": 0,
                  "8": 0
            },
            "0": {
                  "mean_reward": -65.89616276046438
            },
            "1": {
                  "mean_reward": 3.245513141842011
            },
            "2": {
                  "mean_reward": -31.981930428968553
            },
            "3": {
                  "mean_reward": -49.6998586829708
            },
            "4": {
                  "mean_reward": -21.83609844780626
            },
            "5": {
                  "mean_reward": -17.092354650399397
            },
            "6": {
                  "mean_reward": -58.53425109108278
            },
            "7": {
                  "mean_reward": 0.0
            },
            "8": {
                  "mean_reward": 0.0
            }
      },
      "1": {
            "episode_duration": 55,
            "agents_reward_for_plot": {
                  "0": 15.215840798399999,
                  "1": -10.577703781737181,
                  "2": 8.696632861405844,
                  "3": 0,
                  "4": -15.465092272329455,
                  "5": 0,
                  "6": 0,
                  "7": 0,
                  "8": 0
            },
            "0": {
                  "mean_reward": 15.215840798399999
            },
            "1": {
                  "mean_reward": -10.577703781737181
            },
            "2": {
                  "mean_reward": 8.696632861405844
            },
            "3": {
                  "mean_reward": 0.0
            },
            "4": {
                  "mean_reward": -15.465092272329455
            },
            "5": {
                  "mean_reward": 0.0
            },
            "6": {
                  "mean_reward": 0.0
            },
            "7": {
                  "mean_reward": 0.0
            },
            "8": {
                  "mean_reward": 0.0
            }
      },
      "2": {
            "episode_duration": 45,
            "agents_reward_for_plot": {
                  "0": 15.215840798399999,
                  "1": 3.968071418218277,
                  "2": 0,
                  "3": 0,
                  "4": 9.616104854047643,
                  "5": 0,
                  "6": 0,
                  "7": 0,
                  "8": 0
            },
            "0": {
                  "mean_reward": 15.215840798399999
            },
            "1": {
                  "mean_reward": 3.968071418218277
            },
            "2": {
                  "mean_reward": 0.0
            },
            "3": {
                  "mean_reward": 0.0
            },
            "4": {
                  "mean_reward": 9.616104854047643
            },
            "5": {
                  "mean_reward": 0.0
            },
            "6": {
                  "mean_reward": 0.0
            },
            "7": {
                  "mean_reward": 0.0
            },
            "8": {
                  "mean_reward": 0.0
            }
      },
      "3": {
            "episode_duration": 61,
            "agents_reward_for_plot": {
                  "0": 1.8364056270063926,
                  "1": -7.833794552116308,
                  "2": 7.5450956035573,
                  "3": -15.712614308278086,
                  "4": -22.191011201648408,
                  "5": 0,
                  "6": -18.474383909079595,
                  "7": -20.299449406819896,
                  "8": 0
            },
            "0": {
                  "mean_reward": 1.8364056270063926
            },
            "1": {
                  "mean_reward": -7.833794552116308
            },
            "2": {
                  "mean_reward": 7.5450956035573
            },
            "3": {
                  "mean_reward": -15.712614308278086
            },
            "4": {
                  "mean_reward": -22.191011201648408
            },
            "5": {
                  "mean_reward": 0.0
            },
            "6": {
                  "mean_reward": -18.474383909079595
            },
            "7": {
                  "mean_reward": -20.299449406819896
            },
            "8": {
                  "mean_reward": 0.0
            }
      },
      "4": {
            "episode_duration": 51,
            "agents_reward_for_plot": {
                  "0": 15.215840798399999,
                  "1": -21.427585658378696,
                  "2": -19.445533984978667,
                  "3": 0,
                  "4": 8.342818607372163,
                  "5": 3.8117135717355177,
                  "6": 0,
                  "7": 0,
                  "8": 0
            },
            "0": {
                  "mean_reward": 15.215840798399999
            },
            "1": {
                  "mean_reward": -21.427585658378696
            },
            "2": {
                  "mean_reward": -19.445533984978667
            },
            "3": {
                  "mean_reward": 0.0
            },
            "4": {
                  "mean_reward": 8.342818607372163
            },
            "5": {
                  "mean_reward": 3.8117135717355177
            },
            "6": {
                  "mean_reward": 0.0
            },
            "7": {
                  "mean_reward": 0.0
            },
            "8": {
                  "mean_reward": 0.0
            }
      },
      "5": {
            "episode_duration": 45,
            "agents_reward_for_plot": {
                  "0": 15.215840798399999,
                  "1": 3.968071418218277,
                  "2": 0,
                  "3": 0,
                  "4": 9.616104854047643,
                  "5": 0,
                  "6": 0,
                  "7": 0,
                  "8": 0
            },
            "0": {
                  "mean_reward": 15.215840798399999
            },
            "1": {
                  "mean_reward": 3.968071418218277
            },
            "2": {
                  "mean_reward": 0.0
            },
            "3": {
                  "mean_reward": 0.0
            },
            "4": {
                  "mean_reward": 9.616104854047643
            },
            "5": {
                  "mean_reward": 0.0
            },
            "6": {
                  "mean_reward": 0.0
            },
            "7": {
                  "mean_reward": 0.0
            },
            "8": {
                  "mean_reward": 0.0
            }
      },
      "6": {
            "episode_duration": 67,
            "agents_reward_for_plot": {
                  "0": -1.919371474673099,
                  "1": -13.220126201096562,
                  "2": 0,
                  "3": -19.53732287669312,
                  "4": -6.805762953368001,
                  "5": 0,
                  "6": 0,
                  "7": 0,
                  "8": 0
            },
            "0": {
                  "mean_reward": -1.919371474673099
            },
            "1": {
                  "mean_reward": -13.220126201096562
            },
            "2": {
                  "mean_reward": 0.0
            },
            "3": {
                  "mean_reward": -19.53732287669312
            },
            "4": {
                  "mean_reward": -6.805762953368001
            },
            "5": {
                  "mean_reward": 0.0
            },
            "6": {
                  "mean_reward": 0.0
            },
            "7": {
                  "mean_reward": 0.0
            },
            "8": {
                  "mean_reward": 0.0
            }
      },
      "7": {
            "episode_duration": 47,