{
      "0": {
            "episode_duration": 74,
            "agents_reward_for_plot": {
                  "0": 64.6673233932,
                  "1": 35.067764859966765,
                  "2": 30.950737586925783,
                  "3": 45.37303161561081,
                  "4": 52.49991380697179,
                  "5": 19.78310248395242,
                  "6": 17.813193609788385,
                  "7": 19.473078851052065,
                  "8": 22.558203446416833
            },
            "0": {
                  "mean_reward": 64.6673233932
            },
            "1": {
                  "mean_reward": 35.067764859966765
            },
            "2": {
                  "mean_reward": 30.950737586925783
            },
            "3": {
                  "mean_reward": 45.37303161561081
            },
            "4": {
                  "mean_reward": 52.49991380697179
            },
            "5": {
                  "mean_reward": 19.78310248395242
            },
            "6": {
                  "mean_reward": 17.813193609788385
            },
            "7": {
                  "mean_reward": 19.473078851052065
            },
            "8": {
                  "mean_reward": 22.558203446416833
            }
      },
      "1": {
            "episode_duration": 74,
            "agents_reward_for_plot": {
                  "0": 64.6673233932,
                  "1": 35.067764859966765,
                  "2": 32.87557215059023,
                  "3": 45.37303161561081,
                  "4": 52.49991380697179,
                  "5": 19.316433617846727,
                  "6": 17.813193609788385,
                  "7": 24.397212716049047,
                  "8": 25.414564166889527
            },
            "0": {
                  "mean_reward": 64.6673233932
            },
            "1": {
                  "mean_reward": 35.067764859966765
            },
            "2": {
                  "mean_reward": 32.87557215059023
            },
            "3": {
                  "mean_reward": 45.37303161561081
            },
            "4": {
                  "mean_reward": 52.49991380697179
            },
            "5": {
                  "mean_reward": 19.316433617846727
            },
            "6": {
                  "mean_reward": 17.813193609788385
            },
            "7": {
                  "mean_reward": 24.397212716049047
            },
            "8": {
                  "mean_reward": 25.414564166889527
            }
      },
      "2": {
            "episode_duration": 74,
            "agents_reward_for_plot": {
                  "0": 64.6673233932,
                  "1": 31.130421763304202,
                  "2": 31.503913619816288,
                  "3": 44.36302281549434,
                  "4": 50.57190906696801,
                  "5": 19.37872438015342,
                  "6": 21.19302531148747,
                  "7": 22.974787668049625,
                  "8": 25.523614786286366
            },
            "0": {
                  "mean_reward": 64.6673233932
            },
            "1": {
                  "mean_reward": 31.130421763304202
            },
            "2": {
                  "mean_reward": 31.503913619816288
            },
            "3": {
                  "mean_reward": 44.36302281549434
            },
            "4": {
                  "mean_reward": 50.57190906696801
            },
            "5": {
                  "mean_reward": 19.37872438015342
            },
            "6": {
                  "mean_reward": 21.19302531148747
            },
            "7": {
                  "mean_reward": 22.974787668049625
            },
            "8": {
                  "mean_reward": 25.523614786286366
            }
      },
      "3": {
            "episode_duration": 72,
            "agents_reward_for_plot": {
                  "0": 62.765343293399994,
                  "1": 0,
                  "2": 33.54307943127256,
                  "3": 41.54803443388947,
                  "4": 48.36862839773997,
                  "5": 31.800424217480774,
                  "6": 22.31240382649482,
                  "7": 24.090000084921563,
                  "8": 29.2921347861759
            },
            "0": {
                  "mean_reward": 62.765343293399994
            },
            "1": {
                  "mean_reward": 0.0
            },
            "2": {
                  "mean_reward": 33.54307943127256
            },
            "3": {
                  "mean_reward": 41.54803443388947
            },
            "4": {
                  "mean_reward": 48.36862839773997
            },
            "5": {
                  "mean_reward": 31.800424217480774
            },
            "6": {
                  "mean_reward": 22.31240382649482
            },
            "7": {
                  "mean_reward": 24.090000084921563
            },
            "8": {
                  "mean_reward": 29.2921347861759
            }
      },
      "4": {
            "episode_duration": 55,
            "agents_reward_for_plot": {
                  "0": 46.5985124451,
                  "1": 20.583253287371797,
                  "2": 18.679302358289902,
                  "3": 43.80707135162853,
                  "4": 32.203535807066544,
                  "5": 6.474147630440597,
                  "6": 0,
                  "7": 0,
                  "8": 0
            },
            "0": {
                  "mean_reward": 46.5985124451
            },
            "1": {
                  "mean_reward": 20.583253287371797
            },
            "2": {
                  "mean_reward": 18.679302358289902
            },
            "3": {
                  "mean_reward": 43.80707135162853
            },
            "4": {
                  "mean_reward": 32.203535807066544
            },
            "5": {
                  "mean_reward": 6.474147630440597
            },
            "6": {
                  "mean_reward": 0.0
            },
            "7": {
                  "mean_reward": 0.0
            },
            "8": {
                  "mean_reward": 0.0
            }
      },
      "5": {
            "episode_duration": 78,
            "agents_reward_for_plot": {
                  "0": 68.47128359279999,
                  "1": 31.741713298945097,
                  "2": 29.731155032557936,
                  "3": 44.49171172960286,
                  "4": 50.43120772832101,
                  "5": 16.89322622650708,
                  "6": 50.19181756968068,
                  "7": 22.069489364525673,
                  "8": 23.842153475423405
            },
            "0": {
                  "mean_reward": 68.47128359279999
            },
            "1": {
                  "mean_reward": 31.741713298945097
            },
            "2": {
                  "mean_reward": 29.731155032557936
            },
            "3": {
                  "mean_reward": 44.49171172960286
            },
            "4": {
                  "mean_reward": 50.43120772832101
            },
            "5": {
                  "mean_reward": 16.89322622650708
            },
            "6": {
                  "mean_reward": 50.19181756968068
            },
            "7": {
                  "mean_reward": 22.069489364525673
            },
            "8": {
                  "mean_reward": 23.842153475423405
            }
      },
      "6": {
            "episode_duration": 74,
            "agents_reward_for_plot": {
                  "0": 64.6673233932,
                  "1": 35.067764859966765,
                  "2": 30.950737586925783,
                  "3": 45.37303161561081,
                  "4": 52.49991380697179,
                  "5": 18.497563224227846,
                  "6": 17.813193609788385,
                  "7": 19.473078851052065,
                  "8": 23.261372569094704
            },
            "0": {
                  "mean_reward": 64.6673233932
            },