{
      "0": {
            "episode_duration": 79,
            "agents_reward_for_plot": {
                  "0": 49.8271934873989,
                  "1": 33.98411135663945,
                  "2": 0,
                  "3": 48.53212243166845,
                  "4": 19.4043057748208,
                  "5": 0,
                  "6": 20.154356198503432,
                  "7": 9.848819563033702,
                  "8": 0
            },
            "0": {
                  "mean_reward": 49.8271934873989
            },
            "1": {
                  "mean_reward": 33.98411135663945
            },
            "2": {
                  "mean_reward": 0.0
            },
            "3": {
                  "mean_reward": 48.53212243166845
            },
            "4": {
                  "mean_reward": 19.4043057748208
            },
            "5": {
                  "mean_reward": 0.0
            },
            "6": {
                  "mean_reward": 20.154356198503432
            },
            "7": {
                  "mean_reward": 9.848819563033702
            },
            "8": {
                  "mean_reward": 0.0
            }
      },
      "1": {
            "episode_duration": 65,
            "agents_reward_for_plot": {
                  "0": 44.76781662746336,
                  "1": 27.58886012896641,
                  "2": 9.087375080867798,
                  "3": 22.041577154126614,
                  "4": 25.149812695201526,
                  "5": 0,
                  "6": 0,
                  "7": 0,
                  "8": 0
            },
            "0": {
                  "mean_reward": 44.76781662746336
            },
            "1": {
                  "mean_reward": 27.58886012896641
            },
            "2": {
                  "mean_reward": 9.087375080867798
            },
            "3": {
                  "mean_reward": 22.041577154126614
            },
            "4": {
                  "mean_reward": 25.149812695201526
            },
            "5": {
                  "mean_reward": 0.0
            },
            "6": {
                  "mean_reward": 0.0
            },
            "7": {
                  "mean_reward": 0.0
            },
            "8": {
                  "mean_reward": 0.0
            }
      },
      "2": {
            "episode_duration": 51,
            "agents_reward_for_plot": {
                  "0": 37.51434493307866,
                  "1": 19.914725280914347,
                  "2": 0,
                  "3": 0,
                  "4": 10.46033827996632,
                  "5": 0,
                  "6": 0,
                  "7": 0,
                  "8": 0
            },
            "0": {
                  "mean_reward": 37.51434493307866
            },
            "1": {
                  "mean_reward": 19.914725280914347
            },
            "2": {
                  "mean_reward": 0.0
            },
            "3": {
                  "mean_reward": 0.0
            },
            "4": {
                  "mean_reward": 10.46033827996632
            },
            "5": {
                  "mean_reward": 0.0
            },
            "6": {
                  "mean_reward": 0.0
            },
            "7": {
                  "mean_reward": 0.0
            },
            "8": {
                  "mean_reward": 0.0
            }
      },
      "3": {
            "episode_duration": 89,
            "agents_reward_for_plot": {
                  "0": 64.49219450653575,
                  "1": 42.67317442179848,
                  "2": 0,
                  "3": 24.691605637691517,
                  "4": 35.86261130197239,
                  "5": 0,
                  "6": 20.59804059389971,
                  "7": 29.26490310471064,
                  "8": 16.025969673382107
            },
            "0": {
                  "mean_reward": 64.49219450653575
            },
            "1": {
                  "mean_reward": 42.67317442179848
            },
            "2": {
                  "mean_reward": 0.0
            },
            "3": {
                  "mean_reward": 24.691605637691517
            },
            "4": {
                  "mean_reward": 35.86261130197239
            },
            "5": {
                  "mean_reward": 0.0
            },
            "6": {
                  "mean_reward": 20.59804059389971
            },
            "7": {
                  "mean_reward": 29.26490310471064
            },
            "8": {
                  "mean_reward": 16.025969673382107
            }
      },
      "4": {
            "episode_duration": 55,
            "agents_reward_for_plot": {
                  "0": 40.62563037067525,
                  "1": 20.733335161660808,
                  "2": 0,
                  "3": 0,
                  "4": 10.048159214985912,
                  "5": 0,
                  "6": 0,
                  "7": 0,
                  "8": 0
            },
            "0": {
                  "mean_reward": 40.62563037067525
            },
            "1": {
                  "mean_reward": 20.733335161660808
            },
            "2": {
                  "mean_reward": 0.0
            },
            "3": {
                  "mean_reward": 0.0
            },
            "4": {
                  "mean_reward": 10.048159214985912
            },
            "5": {
                  "mean_reward": 0.0
            },
            "6": {
                  "mean_reward": 0.0
            },
            "7": {
                  "mean_reward": 0.0
            },
            "8": {
                  "mean_reward": 0.0
            }
      },
      "5": {
            "episode_duration": 142,
            "agents_reward_for_plot": {
                  "0": 94.55316751621316,
                  "1": 45.88307860692093,
                  "2": 65.0843922681506,
                  "3": 70.88623613845952,
                  "4": 76.352279606874,
                  "5": 75.32122878166028,
                  "6": 23.82936840926086,
                  "7": 23.92673933141669,
                  "8": 60.50886560993868
            },
            "0": {
                  "mean_reward": 94.55316751621316
            },
            "1": {
                  "mean_reward": 45.88307860692093
            },
            "2": {
                  "mean_reward": 65.0843922681506
            },
            "3": {
                  "mean_reward": 70.88623613845952
            },
            "4": {
                  "mean_reward": 76.352279606874
            },
            "5": {
                  "mean_reward": 75.32122878166028
            },
            "6": {
                  "mean_reward": 23.82936840926086
            },
            "7": {
                  "mean_reward": 23.92673933141669
            },
            "8": {
                  "mean_reward": 60.50886560993868
            }
      },
      "6": {
            "episode_duration": 131,
            "agents_reward_for_plot": {
                  "0": 65.64004393307673,
                  "1": 31.87147232347632,
                  "2": 30.380281272803316,
                  "3": 75.68239488224242,
                  "4": 14.497004034554536,
                  "5": 21.094635056011548,
                  "6": 77.31042391840484,
                  "7": 9.141839370508578,
                  "8": 24.562874177965284
            },
            "0": {
                  "mean_reward": 65.64004393307673
            },
            "1": {
                  "mean_reward": 31.87147232347632
            },
            "2": {
                  "mean_reward": 30.380281272803316
            },
            "3": {
                  "mean_reward": 75.68239488224242
            },
            "4": {
                  "mean_reward": 14.497004034554536
            },
            "5": {
                  "mean_reward": 21.094635056011548
            },
            "6": {
                  "mean_reward": 77.31042391840484
            },