{
      "0": {
            "episode_duration": 103,
            "agents_reward_for_plot": {
                  "0": 89.49719810106404,
                  "1": 51.20701560626703,
                  "2": 48.044266900598586,
                  "3": 31.79009205575852,
                  "4": 31.560780994210578,
                  "5": 42.473595439955055,
                  "6": 30.2861619141454,
                  "7": 20.28905681086239,
                  "8": 0
            },
            "0": {
                  "mean_reward": 89.49719810106404
            },
            "1": {
                  "mean_reward": 51.20701560626703
            },
            "2": {
                  "mean_reward": 48.044266900598586
            },
            "3": {
                  "mean_reward": 31.79009205575852
            },
            "4": {
                  "mean_reward": 31.560780994210578
            },
            "5": {
                  "mean_reward": 42.473595439955055
            },
            "6": {
                  "mean_reward": 30.2861619141454
            },
            "7": {
                  "mean_reward": 20.28905681086239
            },
            "8": {
                  "mean_reward": 0.0
            }
      },
      "1": {
            "episode_duration": 68,
            "agents_reward_for_plot": {
                  "0": 44.406237541937095,
                  "1": 26.955019470418968,
                  "2": 0,
                  "3": 37.42864819971214,
                  "4": 12.671813349571877,
                  "5": 0,
                  "6": 0,
                  "7": 0,
                  "8": 0
            },
            "0": {
                  "mean_reward": 44.406237541937095
            },
            "1": {
                  "mean_reward": 26.955019470418968
            },
            "2": {
                  "mean_reward": 0.0
            },
            "3": {
                  "mean_reward": 37.42864819971214
            },
            "4": {
                  "mean_reward": 12.671813349571877
            },
            "5": {
                  "mean_reward": 0.0
            },
            "6": {
                  "mean_reward": 0.0
            },
            "7": {
                  "mean_reward": 0.0
            },
            "8": {
                  "mean_reward": 0.0
            }
      },
      "2": {
            "episode_duration": 71,
            "agents_reward_for_plot": {
                  "0": 61.814353243499994,
                  "1": 13.456987425081365,
                  "2": 0,
                  "3": 49.00700657452717,
                  "4": 23.665030815643746,
                  "5": 0,
                  "6": 46.27567833809691,
                  "7": 41.51594288723251,
                  "8": 0
            },
            "0": {
                  "mean_reward": 61.814353243499994
            },
            "1": {
                  "mean_reward": 13.456987425081365
            },
            "2": {
                  "mean_reward": 0.0
            },
            "3": {
                  "mean_reward": 49.00700657452717
            },
            "4": {
                  "mean_reward": 23.665030815643746
            },
            "5": {
                  "mean_reward": 0.0
            },
            "6": {
                  "mean_reward": 46.27567833809691
            },
            "7": {
                  "mean_reward": 41.51594288723251
            },
            "8": {
                  "mean_reward": 0.0
            }
      },
      "3": {
            "episode_duration": 87,
            "agents_reward_for_plot": {
                  "0": 63.90640147305098,
                  "1": 42.41418979168635,
                  "2": 0,
                  "3": 28.03206818241959,
                  "4": 30.240536617585583,
                  "5": 0,
                  "6": 30.356777012587415,
                  "7": 13.77418936641314,
                  "8": 14.226072702159792
            },
            "0": {
                  "mean_reward": 63.90640147305098
            },
            "1": {
                  "mean_reward": 42.41418979168635
            },
            "2": {
                  "mean_reward": 0.0
            },
            "3": {
                  "mean_reward": 28.03206818241959
            },
            "4": {
                  "mean_reward": 30.240536617585583
            },
            "5": {
                  "mean_reward": 0.0
            },
            "6": {
                  "mean_reward": 30.356777012587415
            },
            "7": {
                  "mean_reward": 13.77418936641314
            },
            "8": {
                  "mean_reward": 14.226072702159792
            }
      },
      "4": {
            "episode_duration": 91,
            "agents_reward_for_plot": {
                  "0": 59.604335889565334,
                  "1": 18.415944611640306,
                  "2": 18.186705816050015,
                  "3": 64.04336826169848,
                  "4": 52.13243693037286,
                  "5": 53.32361798775988,
                  "6": 53.17215700412491,
                  "7": 55.871222907266834,
                  "8": 0
            },
            "0": {
                  "mean_reward": 59.604335889565334
            },
            "1": {
                  "mean_reward": 18.415944611640306
            },
            "2": {
                  "mean_reward": 18.186705816050015
            },
            "3": {
                  "mean_reward": 64.04336826169848
            },
            "4": {
                  "mean_reward": 52.13243693037286
            },
            "5": {
                  "mean_reward": 53.32361798775988
            },
            "6": {
                  "mean_reward": 53.17215700412491
            },
            "7": {
                  "mean_reward": 55.871222907266834
            },
            "8": {
                  "mean_reward": 0.0
            }
      },
      "5": {
            "episode_duration": 137,
            "agents_reward_for_plot": {
                  "0": 99.3699884679607,
                  "1": 66.98234318682856,
                  "2": 52.94399876039256,
                  "3": 26.48336536914704,
                  "4": 23.50184373323,
                  "5": 45.33125683776821,
                  "6": 21.6895707053106,
                  "7": 41.187754024114064,
                  "8": 47.70957181396693
            },
            "0": {
                  "mean_reward": 99.3699884679607
            },
            "1": {
                  "mean_reward": 66.98234318682856
            },
            "2": {
                  "mean_reward": 52.94399876039256
            },
            "3": {
                  "mean_reward": 26.48336536914704
            },
            "4": {
                  "mean_reward": 23.50184373323
            },
            "5": {
                  "mean_reward": 45.33125683776821
            },
            "6": {
                  "mean_reward": 21.6895707053106
            },
            "7": {
                  "mean_reward": 41.187754024114064
            },
            "8": {
                  "mean_reward": 47.70957181396693
            }
      },
      "6": {
            "episode_duration": 94,
            "agents_reward_for_plot": {
                  "0": 52.472654849205085,
                  "1": 27.610901885479823,
                  "2": 6.328611103730655,
                  "3": 48.38254170144061,
                  "4": 10.092719404432628,
                  "5": 0,
                  "6": 0,
                  "7": 0,
                  "8": 0
            },
            "0": {
                  "mean_reward": 52.472654849205085
            },
            "1": {
                  "mean_reward": 27.610901885479823
            },
            "2": {
                  "mean_reward": 6.328611103730655
            },
            "3": {
                  "mean_reward": 48.38254170144061
            },