{
      "0": {
            "episode_duration": 117,
            "agents_reward_for_plot": {
                  "0": -26.54594220863479,
                  "1": -66.96102993317366,
                  "2": -57.696993827563375,
                  "3": -22.06077765741207,
                  "4": -24.513023783822263,
                  "5": -43.936108225727196,
                  "6": -20.30261344848693,
                  "7": -18.95761242065371,
                  "8": -25.69719771988681
            },
            "0": {
                  "mean_reward": -26.54594220863479
            },
            "1": {
                  "mean_reward": -66.96102993317366
            },
            "2": {
                  "mean_reward": -57.696993827563375
            },
            "3": {
                  "mean_reward": -22.06077765741207
            },
            "4": {
                  "mean_reward": -24.513023783822263
            },
            "5": {
                  "mean_reward": -43.936108225727196
            },
            "6": {
                  "mean_reward": -20.30261344848693
            },
            "7": {
                  "mean_reward": -18.95761242065371
            },
            "8": {
                  "mean_reward": -25.69719771988681
            }
      },
      "1": {
            "episode_duration": 57,
            "agents_reward_for_plot": {
                  "0": 28.875101083123678,
                  "1": 5.138256865118522,
                  "2": -22.107938716066002,
                  "3": 0,
                  "4": -13.92826436099147,
                  "5": 0,
                  "6": 0,
                  "7": -12.285982710186966,
                  "8": 16.378167976358053
            },
            "0": {
                  "mean_reward": 28.875101083123678
            },
            "1": {
                  "mean_reward": 5.138256865118522
            },
            "2": {
                  "mean_reward": -22.107938716066002
            },
            "3": {
                  "mean_reward": 0.0
            },
            "4": {
                  "mean_reward": -13.92826436099147
            },
            "5": {
                  "mean_reward": 0.0
            },
            "6": {
                  "mean_reward": 0.0
            },
            "7": {
                  "mean_reward": -12.285982710186966
            },
            "8": {
                  "mean_reward": 16.378167976358053
            }
      },
      "2": {
            "episode_duration": 73,
            "agents_reward_for_plot": {
                  "0": -0.4278129552612313,
                  "1": -10.891611303260305,
                  "2": -2.746522146747557,
                  "3": -17.39845740944321,
                  "4": -21.40709627422977,
                  "5": 0,
                  "6": -16.375414411284037,
                  "7": 0,
                  "8": 0
            },
            "0": {
                  "mean_reward": -0.4278129552612313
            },
            "1": {
                  "mean_reward": -10.891611303260305
            },
            "2": {
                  "mean_reward": -2.746522146747557
            },
            "3": {
                  "mean_reward": -17.39845740944321
            },
            "4": {
                  "mean_reward": -21.40709627422977
            },
            "5": {
                  "mean_reward": 0.0
            },
            "6": {
                  "mean_reward": -16.375414411284037
            },
            "7": {
                  "mean_reward": 0.0
            },
            "8": {
                  "mean_reward": 0.0
            }
      },
      "3": {
            "episode_duration": 47,
            "agents_reward_for_plot": {
                  "0": 28.875101083123678,
                  "1": 7.778213593991467,
                  "2": 0,
                  "3": 0,
                  "4": 18.849488734904188,
                  "5": 0,
                  "6": 0,
                  "7": 0,
                  "8": 0
            },
            "0": {
                  "mean_reward": 28.875101083123678
            },
            "1": {
                  "mean_reward": 7.778213593991467
            },
            "2": {
                  "mean_reward": 0.0
            },
            "3": {
                  "mean_reward": 0.0
            },
            "4": {
                  "mean_reward": 18.849488734904188
            },
            "5": {
                  "mean_reward": 0.0
            },
            "6": {
                  "mean_reward": 0.0
            },
            "7": {
                  "mean_reward": 0.0
            },
            "8": {
                  "mean_reward": 0.0
            }
      },
      "4": {
            "episode_duration": 49,
            "agents_reward_for_plot": {
                  "0": 30.431681596799997,
                  "1": -3.6635425388891,
                  "2": 18.474383909079595,
                  "3": 0,
                  "4": -13.314606720989044,
                  "5": 0,
                  "6": 0,
                  "7": 0,
                  "8": 0
            },
            "0": {
                  "mean_reward": 30.431681596799997
            },
            "1": {
                  "mean_reward": -3.6635425388891
            },
            "2": {
                  "mean_reward": 18.474383909079595
            },
            "3": {
                  "mean_reward": 0.0
            },
            "4": {
                  "mean_reward": -13.314606720989044
            },
            "5": {
                  "mean_reward": 0.0
            },
            "6": {
                  "mean_reward": 0.0
            },
            "7": {
                  "mean_reward": 0.0
            },
            "8": {
                  "mean_reward": 0.0
            }
      },
      "5": {
            "episode_duration": 83,
            "agents_reward_for_plot": {
                  "0": 30.431681596799997,
                  "1": -22.600511102945255,
                  "2": -23.88329358451798,
                  "3": 0,
                  "4": 13.127033108463811,
                  "5": -12.2223447906573,
                  "6": 0,
                  "7": 0,
                  "8": 0
            },
            "0": {
                  "mean_reward": 30.431681596799997
            },
            "1": {
                  "mean_reward": -22.600511102945255
            },
            "2": {
                  "mean_reward": -23.88329358451798
            },
            "3": {
                  "mean_reward": 0.0
            },
            "4": {
                  "mean_reward": 13.127033108463811
            },
            "5": {
                  "mean_reward": -12.2223447906573
            },
            "6": {
                  "mean_reward": 0.0
            },
            "7": {
                  "mean_reward": 0.0
            },
            "8": {
                  "mean_reward": 0.0
            }
      },
      "6": {
            "episode_duration": 45,
            "agents_reward_for_plot": {
                  "0": 30.431681596799997,
                  "1": 7.936142836436554,
                  "2": 0,
                  "3": 0,
                  "4": 19.232209708095287,
                  "5": 0,
                  "6": 0,
                  "7": 0,
                  "8": 0
            },
            "0": {
                  "mean_reward": 30.431681596799997
            },
            "1": {
                  "mean_reward": 7.936142836436554
            },
            "2": {
                  "mean_reward": 0.0
            },
            "3": {
                  "mean_reward": 0.0
            },
            "4": {
                  "mean_reward": 19.232209708095287
            },
            "5": {
                  "mean_reward": 0.0
            },
            "6": {
                  "mean_reward": 0.0
            },
            "7": {
                  "mean_reward": 0.0
            },