{
      "0": {
            "episode_duration": 67,
            "agents_reward_for_plot": {
                  "0": -16.674834936965013,
                  "1": -32.112208710468,
                  "2": -27.645367490269056,
                  "3": 0,
                  "4": 7.7085638032194925,
                  "5": -16.110674132396746,
                  "6": -14.929360452473249,
                  "7": -0.8742659502398284,
                  "8": -21.072757942224623
            },
            "0": {
                  "mean_reward": -16.674834936965013
            },
            "1": {
                  "mean_reward": -32.112208710468
            },
            "2": {
                  "mean_reward": -27.645367490269056
            },
            "3": {
                  "mean_reward": 0.0
            },
            "4": {
                  "mean_reward": 7.7085638032194925
            },
            "5": {
                  "mean_reward": -16.110674132396746
            },
            "6": {
                  "mean_reward": -14.929360452473249
            },
            "7": {
                  "mean_reward": -0.8742659502398284
            },
            "8": {
                  "mean_reward": -21.072757942224623
            }
      },
      "1": {
            "episode_duration": 147,
            "agents_reward_for_plot": {
                  "0": -4.148822549694352,
                  "1": -53.24087214449347,
                  "2": -53.51275628775312,
                  "3": -10.175650042212592,
                  "4": -17.92628546180492,
                  "5": -46.56521128678629,
                  "6": -8.40101028149806,
                  "7": -6.517482075384917,
                  "8": 2.0400044914083746
            },
            "0": {
                  "mean_reward": -4.148822549694352
            },
            "1": {
                  "mean_reward": -53.24087214449347
            },
            "2": {
                  "mean_reward": -53.51275628775312
            },
            "3": {
                  "mean_reward": -10.175650042212592
            },
            "4": {
                  "mean_reward": -17.92628546180492
            },
            "5": {
                  "mean_reward": -46.56521128678629
            },
            "6": {
                  "mean_reward": -8.40101028149806
            },
            "7": {
                  "mean_reward": -6.517482075384917
            },
            "8": {
                  "mean_reward": 2.0400044914083746
            }
      },
      "2": {
            "episode_duration": 51,
            "agents_reward_for_plot": {
                  "0": -4.229693186578668,
                  "1": 0.5926749063799113,
                  "2": 0,
                  "3": 0,
                  "4": 9.053371834644455,
                  "5": 0,
                  "6": 0,
                  "7": 0,
                  "8": 0
            },
            "0": {
                  "mean_reward": -4.229693186578668
            },
            "1": {
                  "mean_reward": 0.5926749063799113
            },
            "2": {
                  "mean_reward": 0.0
            },
            "3": {
                  "mean_reward": 0.0
            },
            "4": {
                  "mean_reward": 9.053371834644455
            },
            "5": {
                  "mean_reward": 0.0
            },
            "6": {
                  "mean_reward": 0.0
            },
            "7": {
                  "mean_reward": 0.0
            },
            "8": {
                  "mean_reward": 0.0
            }
      },
      "3": {
            "episode_duration": 161,
            "agents_reward_for_plot": {
                  "0": -65.83766720292715,
                  "1": -2.663224962846326,
                  "2": 2.996965638140837,
                  "3": -66.99674973206166,
                  "4": -67.12227610311047,
                  "5": -26.820818976888393,
                  "6": -66.62006281894494,
                  "7": -51.9432055817171,
                  "8": -34.60082194188794
            },
            "0": {
                  "mean_reward": -65.83766720292715
            },
            "1": {
                  "mean_reward": -2.663224962846326
            },
            "2": {
                  "mean_reward": 2.996965638140837
            },
            "3": {
                  "mean_reward": -66.99674973206166
            },
            "4": {
                  "mean_reward": -67.12227610311047
            },
            "5": {
                  "mean_reward": -26.820818976888393
            },
            "6": {
                  "mean_reward": -66.62006281894494
            },
            "7": {
                  "mean_reward": -51.9432055817171
            },
            "8": {
                  "mean_reward": -34.60082194188794
            }
      },
      "4": {
            "episode_duration": 142,
            "agents_reward_for_plot": {
                  "0": -34.02250274077961,
                  "1": -26.08050858581772,
                  "2": 0,
                  "3": -63.72069180066019,
                  "4": -76.27971259464562,
                  "5": -80.18718486820968,
                  "6": -69.52182705631213,
                  "7": -50.340557863644776,
                  "8": -65.36283820386967
            },
            "0": {
                  "mean_reward": -34.02250274077961
            },
            "1": {
                  "mean_reward": -26.08050858581772
            },
            "2": {
                  "mean_reward": 0.0
            },
            "3": {
                  "mean_reward": -63.72069180066019
            },
            "4": {
                  "mean_reward": -76.27971259464562
            },
            "5": {
                  "mean_reward": -80.18718486820968
            },
            "6": {
                  "mean_reward": -69.52182705631213
            },
            "7": {
                  "mean_reward": -50.340557863644776
            },
            "8": {
                  "mean_reward": -65.36283820386967
            }
      },
      "5": {
            "episode_duration": 69,
            "agents_reward_for_plot": {
                  "0": -13.543892841565496,
                  "1": -7.892495741625032,
                  "2": -25.852872010594016,
                  "3": 0,
                  "4": 5.740145182122815,
                  "5": 0,
                  "6": 0,
                  "7": -9.48746314242399,
                  "8": 0
            },
            "0": {
                  "mean_reward": -13.543892841565496
            },
            "1": {
                  "mean_reward": -7.892495741625032
            },
            "2": {
                  "mean_reward": -25.852872010594016
            },
            "3": {
                  "mean_reward": 0.0
            },
            "4": {
                  "mean_reward": 5.740145182122815
            },
            "5": {
                  "mean_reward": 0.0
            },
            "6": {
                  "mean_reward": 0.0
            },
            "7": {
                  "mean_reward": -9.48746314242399
            },
            "8": {
                  "mean_reward": 0.0
            }
      },
      "6": {
            "episode_duration": 106,
            "agents_reward_for_plot": {
                  "0": -1.756877607126711,
                  "1": -37.44323123898701,
                  "2": -26.884497263931223,
                  "3": -54.8223623081427,
                  "4": 0,
                  "5": 0,
                  "6": -59.30015271197993,
                  "7": 0,
                  "8": 0
            },
            "0": {
                  "mean_reward": -1.756877607126711
            },
            "1": {
                  "mean_reward": -37.44323123898701
            },
            "2": {
                  "mean_reward": -26.884497263931223
            },