{
      "0": {
            "episode_duration": 340,
            "agents_reward_for_plot": {
                  "0": -360.8731922970198,
                  "1": -240.03208440819856,
                  "2": -150.79825604826138,
                  "3": -178.9978600937457,
                  "4": -87.74313354998435,
                  "5": -7.28568938879456,
                  "6": -5.109362337213524,
                  "7": -9.907385106219586,
                  "8": -2.5077696127988105
            },
            "0": {
                  "mean_reward": -16.896551724137932
            },
            "1": {
                  "mean_reward": -15.590909090909092
            },
            "2": {
                  "mean_reward": -14.533333333333333
            },
            "3": {
                  "mean_reward": -4.523076923076923
            },
            "4": {
                  "mean_reward": -7.722222222222222
            },
            "5": {
                  "mean_reward": -1.9166666666666667
            },
            "6": {
                  "mean_reward": -1.6666666666666667
            },
            "7": {
                  "mean_reward": -2.3333333333333335
            },
            "8": {
                  "mean_reward": -1.0
            }
      },
      "1": {
            "episode_duration": 351,
            "agents_reward_for_plot": {
                  "0": -727.154665588491,
                  "1": -451.88109180915984,
                  "2": -239.13337890938226,
                  "3": -295.64646027057273,
                  "4": -280.1466757967051,
                  "5": -325.1387661231042,
                  "6": -2.62571904388245,
                  "7": -130.47157507133045,
                  "8": -127.91846154653436
            },
            "0": {
                  "mean_reward": -34.0
            },
            "1": {
                  "mean_reward": -22.066666666666666
            },
            "2": {
                  "mean_reward": -19.294117647058822
            },
            "3": {
                  "mean_reward": -12.568181818181818
            },
            "4": {
                  "mean_reward": -17.88
            },
            "5": {
                  "mean_reward": -37.357142857142854
            },
            "6": {
                  "mean_reward": -1.2142857142857142
            },
            "7": {
                  "mean_reward": -15.571428571428571
            },
            "8": {
                  "mean_reward": -100.0
            }
      },
      "2": {
            "episode_duration": 313,
            "agents_reward_for_plot": {
                  "0": -434.74342940003237,
                  "1": -253.69887419701152,
                  "2": -161.60419845631833,
                  "3": -172.43057558407136,
                  "4": -160.2196270782097,
                  "5": -155.90580758210862,
                  "6": -74.03859904158347,
                  "7": -9.308358730114787,
                  "8": -67.19940759588226
            },
            "0": {
                  "mean_reward": -13.931818181818182
            },
            "1": {
                  "mean_reward": -17.05
            },
            "2": {
                  "mean_reward": -13.882352941176471
            },
            "3": {
                  "mean_reward": -15.6875
            },
            "4": {
                  "mean_reward": -10.454545454545455
            },
            "5": {
                  "mean_reward": -26.375
            },
            "6": {
                  "mean_reward": -4.896551724137931
            },
            "7": {
                  "mean_reward": -1.2432432432432432
            },
            "8": {
                  "mean_reward": -15.857142857142858
            }
      },
      "3": {
            "episode_duration": 250,
            "agents_reward_for_plot": {
                  "0": -364.598287966045,
                  "1": -111.17564847824384,
                  "2": -332.50559612076574,
                  "3": -166.35352824318383,
                  "4": -12.883599956258722,
                  "5": -76.1075952468515,
                  "6": -6.247340262214284,
                  "7": -4.077388899442486,
                  "8": -3.8406492653650988
            },
            "0": {
                  "mean_reward": -19.32
            },
            "1": {
                  "mean_reward": -7.571428571428571
            },
            "2": {
                  "mean_reward": -23.77777777777778
            },
            "3": {
                  "mean_reward": -11.571428571428571
            },
            "4": {
                  "mean_reward": -2.3529411764705883
            },
            "5": {
                  "mean_reward": -9.833333333333334
            },
            "6": {
                  "mean_reward": -1.8333333333333333
            },
            "7": {
                  "mean_reward": -1.3
            },
            "8": {
                  "mean_reward": -1.8888888888888888
            }
      },
      "4": {
            "episode_duration": 455,
            "agents_reward_for_plot": {
                  "0": -869.3234097414551,
                  "1": -506.71541069000017,
                  "2": -394.87767165504835,
                  "3": -253.11063644459603,
                  "4": -249.82135099076,
                  "5": -328.96662451244674,
                  "6": -49.77111247420577,
                  "7": -98.6972037466213,
                  "8": -119.30803388841014
            },
            "0": {
                  "mean_reward": -35.256410256410255
            },
            "1": {
                  "mean_reward": -37.63636363636363
            },
            "2": {
                  "mean_reward": -14.266666666666667
            },
            "3": {
                  "mean_reward": -10.69767441860465
            },
            "4": {
                  "mean_reward": -24.58823529411765
            },
            "5": {
                  "mean_reward": -30.294117647058822
            },
            "6": {
                  "mean_reward": -3.1739130434782608
            },
            "7": {
                  "mean_reward": -8.758620689655173
            },
            "8": {
                  "mean_reward": -9.6
            }
      },
      "5": {
            "episode_duration": 348,
            "agents_reward_for_plot": {
                  "0": -491.1356266572269,
                  "1": -105.6504144437308,
                  "2": -375.90740223603274,
                  "3": -360.9477538713296,
                  "4": -140.17436057325057,
                  "5": -262.756566450754,
                  "6": -8.60741535706418,
                  "7": -66.62267897594919,
                  "8": -3.3929898651051107
            },
            "0": {
                  "mean_reward": -23.689655172413794
            },
            "1": {
                  "mean_reward": -8.0
            },
            "2": {
                  "mean_reward": -42.25
            },
            "3": {
                  "mean_reward": -19.5
            },
            "4": {
                  "mean_reward": -15.8
            },
            "5": {
                  "mean_reward": -67.0
            },
            "6": {
                  "mean_reward": -1.255813953488372
            },
            "7": {
                  "mean_reward": -8.6
            },
            "8": {
                  "mean_reward": -1.0
            }
      },
      "6": {
            "episode_duration": 970,
            "agents_reward_for_plot": {
                  "0": -607.5904049219355,
                  "1": -385.81654734810536,
                  "2": -374.24528365997753,
                  "3": -86.03037315928717,
                  "4": -145.32944925941868,
                  "5": -253.65641937522787,
                  "6": -7.261185801444904,
                  "7": -119.80863537148518,
                  "8": -179.61381294441568
            },