{
      "0": {
            "episode_duration": 119,
            "agents_reward_for_plot": {
                  "0": 77.33247108259128,
                  "1": 39.449338024064865,
                  "2": 35.24132638974572,
                  "3": 0,
                  "4": 29.79020063086361,
                  "5": 0,
                  "6": 0,
                  "7": 0,
                  "8": 0
            },
            "0": {
                  "mean_reward": 31.4
            },
            "1": {
                  "mean_reward": 31.399999999999995
            },
            "2": {
                  "mean_reward": 31.39999999999999
            },
            "3": {
                  "mean_reward": NaN
            },
            "4": {
                  "mean_reward": 31.4
            },
            "5": {
                  "mean_reward": NaN
            },
            "6": {
                  "mean_reward": NaN
            },
            "7": {
                  "mean_reward": NaN
            },
            "8": {
                  "mean_reward": NaN
            }
      },
      "1": {
            "episode_duration": 69,
            "agents_reward_for_plot": {
                  "0": 55.7805729993418,
                  "1": 29.382252820254017,
                  "2": 29.13971167893225,
                  "3": 18.73120923995105,
                  "4": 16.67789301425349,
                  "5": 0,
                  "6": 0,
                  "7": 14.103167218899245,
                  "8": 12.97562645004899
            },
            "0": {
                  "mean_reward": 31.399999999999995
            },
            "1": {
                  "mean_reward": 31.4
            },
            "2": {
                  "mean_reward": 31.4
            },
            "3": {
                  "mean_reward": 31.4
            },
            "4": {
                  "mean_reward": 31.4
            },
            "5": {
                  "mean_reward": NaN
            },
            "6": {
                  "mean_reward": NaN
            },
            "7": {
                  "mean_reward": 31.4
            },
            "8": {
                  "mean_reward": 31.4
            }
      },
      "2": {
            "episode_duration": 81,
            "agents_reward_for_plot": {
                  "0": 71.32425374249999,
                  "1": 0,
                  "2": 27.9930440660669,
                  "3": 68.04077039721027,
                  "4": 7.211919643933246,
                  "5": 26.408757753279755,
                  "6": 64.8597245713385,
                  "7": 59.68924679518956,
                  "8": 41.90413483286377
            },
            "0": {
                  "mean_reward": 31.4
            },
            "1": {
                  "mean_reward": NaN
            },
            "2": {
                  "mean_reward": 31.400000000000002
            },
            "3": {
                  "mean_reward": 31.4
            },
            "4": {
                  "mean_reward": 31.4
            },
            "5": {
                  "mean_reward": 31.4
            },
            "6": {
                  "mean_reward": 31.4
            },
            "7": {
                  "mean_reward": 31.4
            },
            "8": {
                  "mean_reward": 31.4
            }
      },
      "3": {
            "episode_duration": 51,
            "agents_reward_for_plot": {
                  "0": 42.79455224549999,
                  "1": 17.533882429983382,
                  "2": 0,
                  "3": 40.07880996000057,
                  "4": 27.817165982155494,
                  "5": 0,
                  "6": 0,
                  "7": 0,
                  "8": 0
            },
            "0": {
                  "mean_reward": 31.4
            },
            "1": {
                  "mean_reward": 31.4
            },
            "2": {
                  "mean_reward": NaN
            },
            "3": {
                  "mean_reward": 31.4
            },
            "4": {
                  "mean_reward": 31.399999999999995
            },
            "5": {
                  "mean_reward": NaN
            },
            "6": {
                  "mean_reward": NaN
            },
            "7": {
                  "mean_reward": NaN
            },
            "8": {
                  "mean_reward": NaN
            }
      },
      "4": {
            "episode_duration": 119,
            "agents_reward_for_plot": {
                  "0": 81.309766901344,
                  "1": 35.269809265858605,
                  "2": 33.45619634166303,
                  "3": 67.21001272539759,
                  "4": 47.69127203042699,
                  "5": 32.34362434917269,
                  "6": 66.11331466544593,
                  "7": 27.464733427779187,
                  "8": 27.925635565389406
            },
            "0": {
                  "mean_reward": 31.4
            },
            "1": {
                  "mean_reward": 31.400000000000002
            },
            "2": {
                  "mean_reward": 31.4
            },
            "3": {
                  "mean_reward": 31.399999999999995
            },
            "4": {
                  "mean_reward": 31.400000000000002
            },
            "5": {
                  "mean_reward": 31.4
            },
            "6": {
                  "mean_reward": 31.399999999999995
            },
            "7": {
                  "mean_reward": 31.4
            },
            "8": {
                  "mean_reward": 31.4
            }
      },
      "5": {
            "episode_duration": 116,
            "agents_reward_for_plot": {
                  "0": 64.57714600832304,
                  "1": 47.51158216079197,
                  "2": 0,
                  "3": 58.15832307526371,
                  "4": 21.87595959058373,
                  "5": 0,
                  "6": 29.00472585810617,
                  "7": 29.10318150273777,
                  "8": 5.073208250046957
            },
            "0": {
                  "mean_reward": 31.4
            },
            "1": {
                  "mean_reward": 31.400000000000002
            },
            "2": {
                  "mean_reward": NaN
            },
            "3": {
                  "mean_reward": 31.4
            },
            "4": {
                  "mean_reward": 31.400000000000002
            },
            "5": {
                  "mean_reward": NaN
            },
            "6": {
                  "mean_reward": 31.400000000000002
            },
            "7": {
                  "mean_reward": 31.399999999999995
            },
            "8": {
                  "mean_reward": 31.4
            }
      },
      "6": {
            "episode_duration": 53,
            "agents_reward_for_plot": {
                  "0": 40.47535582179101,
                  "1": 16.125542857073942,
                  "2": 0,
                  "3": 41.942940655814546,
                  "4": 9.555764330145417,
                  "5": 0,
                  "6": 0,
                  "7": 0,
                  "8": 0
            },
            "0": {
                  "mean_reward": 31.399999999999995
            },
            "1": {
                  "mean_reward": 31.4
            },
            "2": {
                  "mean_reward": NaN
            },
            "3": {
                  "mean_reward": 31.4
            },
            "4": {
                  "mean_reward": 31.4
            },
            "5": {
                  "mean_reward": NaN
            },
            "6": {
                  "mean_reward": NaN
            },
            "7": {
                  "mean_reward": NaN
            },
            "8": {
                  "mean_reward": NaN
            }
      },
      "7": {
            "episode_duration": 163,
            "agents_reward_for_plot": {
                  "0": 85.52636159298683,
                  "1": 53.7666331478528,