{
      "0": {
            "episode_duration": 223,
            "agents_reward_for_plot": {
                  "0": -6.104908719367899,
                  "1": -5.308895275657392,
                  "2": -1.2739884456212511,
                  "3": -2.9189372891543712,
                  "4": -2.3620168012249976,
                  "5": -1.9598630956297378,
                  "6": -3.343760200304863,
                  "7": -5.1435809280492535,
                  "8": -5.4871174303548775
            },
            "0": {
                  "mean_reward": -1.0
            },
            "1": {
                  "mean_reward": -1.0
            },
            "2": {
                  "mean_reward": -1.0
            },
            "3": {
                  "mean_reward": -1.0
            },
            "4": {
                  "mean_reward": -1.0
            },
            "5": {
                  "mean_reward": -1.0
            },
            "6": {
                  "mean_reward": -1.0
            },
            "7": {
                  "mean_reward": -1.0
            },
            "8": {
                  "mean_reward": -1.0
            }
      },
      "1": {
            "episode_duration": 61,
            "agents_reward_for_plot": {
                  "0": -1.8285110728989677,
                  "1": -0.7323033696543975,
                  "2": 0,
                  "3": -1.8274036021657063,
                  "4": -0.682554595010387,
                  "5": 0,
                  "6": -0.9135172474836408,
                  "7": -1.967242581228542,
                  "8": -0.6298236312032323
            },
            "0": {
                  "mean_reward": -1.0
            },
            "1": {
                  "mean_reward": -1.0
            },
            "2": {
                  "mean_reward": NaN
            },
            "3": {
                  "mean_reward": -1.0
            },
            "4": {
                  "mean_reward": -1.0
            },
            "5": {
                  "mean_reward": NaN
            },
            "6": {
                  "mean_reward": -1.0
            },
            "7": {
                  "mean_reward": -1.0
            },
            "8": {
                  "mean_reward": -1.0
            }
      },
      "2": {
            "episode_duration": 70,
            "agents_reward_for_plot": {
                  "0": -1.7288114092991465,
                  "1": -0.7936142836436554,
                  "2": 0,
                  "3": -1.3651781349293608,
                  "4": -0.5753547499769285,
                  "5": 0,
                  "6": -2.533110161471919,
                  "7": -1.8350954167720475,
                  "8": 0
            },
            "0": {
                  "mean_reward": -1.0
            },
            "1": {
                  "mean_reward": -1.0
            },
            "2": {
                  "mean_reward": NaN
            },
            "3": {
                  "mean_reward": -1.0
            },
            "4": {
                  "mean_reward": -1.0
            },
            "5": {
                  "mean_reward": NaN
            },
            "6": {
                  "mean_reward": -1.0
            },
            "7": {
                  "mean_reward": -1.0
            },
            "8": {
                  "mean_reward": NaN
            }
      },
      "3": {
            "episode_duration": 175,
            "agents_reward_for_plot": {
                  "0": -4.848554460732796,
                  "1": -1.3268957847470173,
                  "2": -1.4071796184673526,
                  "3": -8.994927898775732,
                  "4": -5.491013184406072,
                  "5": -2.0682993391700997,
                  "6": -3.1293419741734225,
                  "7": -3.6598266075270316,
                  "8": -2.533110161471919
            },
            "0": {
                  "mean_reward": -1.0
            },
            "1": {
                  "mean_reward": -1.0
            },
            "2": {
                  "mean_reward": -1.0
            },
            "3": {
                  "mean_reward": -1.0
            },
            "4": {
                  "mean_reward": -1.0
            },
            "5": {
                  "mean_reward": -1.0
            },
            "6": {
                  "mean_reward": -1.0
            },
            "7": {
                  "mean_reward": -1.0
            },
            "8": {
                  "mean_reward": -1.0
            }
      },
      "4": {
            "episode_duration": 187,
            "agents_reward_for_plot": {
                  "0": -2.7568334386591538,
                  "1": -0.4752811089925862,
                  "2": -0.7571839557471631,
                  "3": -6.005700338058243,
                  "4": -4.371419739517555,
                  "5": -1.749103877981335,
                  "6": -9.10455799951559,
                  "7": -9.45295307906276,
                  "8": -2.726824559957676
            },
            "0": {
                  "mean_reward": -1.0
            },
            "1": {
                  "mean_reward": -1.0
            },
            "2": {
                  "mean_reward": -1.0
            },
            "3": {
                  "mean_reward": -1.0
            },
            "4": {
                  "mean_reward": -1.0
            },
            "5": {
                  "mean_reward": -1.0
            },
            "6": {
                  "mean_reward": -1.0
            },
            "7": {
                  "mean_reward": -1.0
            },
            "8": {
                  "mean_reward": -1.0
            }
      },
      "5": {
            "episode_duration": 76,
            "agents_reward_for_plot": {
                  "0": -4.484031272449534,
                  "1": -3.438975651706393,
                  "2": 0,
                  "3": -1.2115402360407994,
                  "4": -1.7763277103909183,
                  "5": 0,
                  "6": 0,
                  "7": 0,
                  "8": 0
            },
            "0": {
                  "mean_reward": -1.0
            },
            "1": {
                  "mean_reward": -1.0
            },
            "2": {
                  "mean_reward": NaN
            },
            "3": {
                  "mean_reward": -1.0
            },
            "4": {
                  "mean_reward": -1.0
            },
            "5": {
                  "mean_reward": NaN
            },
            "6": {
                  "mean_reward": NaN
            },
            "7": {
                  "mean_reward": NaN
            },
            "8": {
                  "mean_reward": NaN
            }
      },
      "6": {
            "episode_duration": 133,
            "agents_reward_for_plot": {
                  "0": -5.374766622472102,
                  "1": -3.501660665763402,
                  "2": 0,
                  "3": -5.1214525522117516,
                  "4": -3.2841589117937353,
                  "5": 0,
                  "6": -2.653671832934425,
                  "7": -4.0706294762120185,
                  "8": -1.4268013837256108
            },
            "0": {
                  "mean_reward": -1.0
            },
            "1": {
                  "mean_reward": -1.0
            },
            "2": {
                  "mean_reward": NaN
            },
            "3": {
                  "mean_reward": -1.0
            },
            "4": {
                  "mean_reward": -1.0
            },
            "5": {
                  "mean_reward": NaN
            },
            "6": {
                  "mean_reward": -1.0
            },
            "7": {
                  "mean_reward": -1.0
            },
            "8": {
                  "mean_reward": -1.0
            }
      },
      "7": {
            "episode_duration": 97,
            "agents_reward_for_plot": {
                  "0": -1.8830553978069897,
                  "1": 0,