{
      "0": {
            "episode_duration": 94,
            "agents_reward_for_plot": {
                  "0": 54.80902105372337,
                  "1": 20.517302473451878,
                  "2": 20.30058685628595,
                  "3": 45.6495137165384,
                  "4": 53.315954152504744,
                  "5": 0,
                  "6": 0,
                  "7": 0,
                  "8": 0
            },
            "0": {
                  "mean_reward": 54.80902105372337
            },
            "1": {
                  "mean_reward": 20.517302473451878
            },
            "2": {
                  "mean_reward": 20.30058685628595
            },
            "3": {
                  "mean_reward": 45.6495137165384
            },
            "4": {
                  "mean_reward": 53.315954152504744
            },
            "5": {
                  "mean_reward": 0.0
            },
            "6": {
                  "mean_reward": 0.0
            },
            "7": {
                  "mean_reward": 0.0
            },
            "8": {
                  "mean_reward": 0.0
            }
      },
      "1": {
            "episode_duration": 85,
            "agents_reward_for_plot": {
                  "0": 70.39684895908005,
                  "1": 13.817086929059627,
                  "2": 0,
                  "3": 55.404844673578935,
                  "4": 36.560393395533914,
                  "5": 27.273760238734447,
                  "6": 48.41047130226298,
                  "7": 39.391231520814216,
                  "8": 33.10755473084622
            },
            "0": {
                  "mean_reward": 70.39684895908005
            },
            "1": {
                  "mean_reward": 13.817086929059627
            },
            "2": {
                  "mean_reward": 0.0
            },
            "3": {
                  "mean_reward": 55.404844673578935
            },
            "4": {
                  "mean_reward": 36.560393395533914
            },
            "5": {
                  "mean_reward": 27.273760238734447
            },
            "6": {
                  "mean_reward": 48.41047130226298
            },
            "7": {
                  "mean_reward": 39.391231520814216
            },
            "8": {
                  "mean_reward": 33.10755473084622
            }
      },
      "2": {
            "episode_duration": 104,
            "agents_reward_for_plot": {
                  "0": 63.83581617036399,
                  "1": 24.92153018078461,
                  "2": 33.00033093477471,
                  "3": 54.9472275510164,
                  "4": 58.94661126870571,
                  "5": 36.57252458707315,
                  "6": 55.1473305266792,
                  "7": 49.262743455832506,
                  "8": 50.973440651533636
            },
            "0": {
                  "mean_reward": 63.83581617036399
            },
            "1": {
                  "mean_reward": 24.92153018078461
            },
            "2": {
                  "mean_reward": 33.00033093477471
            },
            "3": {
                  "mean_reward": 54.9472275510164
            },
            "4": {
                  "mean_reward": 58.94661126870571
            },
            "5": {
                  "mean_reward": 36.57252458707315
            },
            "6": {
                  "mean_reward": 55.1473305266792
            },
            "7": {
                  "mean_reward": 49.262743455832506
            },
            "8": {
                  "mean_reward": 50.973440651533636
            }
      },
      "3": {
            "episode_duration": 235,
            "agents_reward_for_plot": {
                  "0": 115.2251322560453,
                  "1": 32.24422286840598,
                  "2": 31.033147286778306,
                  "3": 85.80794071885244,
                  "4": 59.02376813479964,
                  "5": 57.938922612615706,
                  "6": 84.4369351570602,
                  "7": 78.46960724173904,
                  "8": 75.62040961472619
            },
            "0": {
                  "mean_reward": 115.2251322560453
            },
            "1": {
                  "mean_reward": 32.24422286840598
            },
            "2": {
                  "mean_reward": 31.033147286778306
            },
            "3": {
                  "mean_reward": 85.80794071885244
            },
            "4": {
                  "mean_reward": 59.02376813479964
            },
            "5": {
                  "mean_reward": 57.938922612615706
            },
            "6": {
                  "mean_reward": 84.4369351570602
            },
            "7": {
                  "mean_reward": 78.46960724173904
            },
            "8": {
                  "mean_reward": 75.62040961472619
            }
      },
      "4": {
            "episode_duration": 152,
            "agents_reward_for_plot": {
                  "0": 97.16101573640937,
                  "1": 59.97536126084395,
                  "2": 71.44652825843534,
                  "3": 29.620252513051028,
                  "4": 23.23245855572341,
                  "5": 59.8143528323084,
                  "6": 37.9072214437618,
                  "7": 40.959474633203584,
                  "8": 64.84664106868479
            },
            "0": {
                  "mean_reward": 97.16101573640937
            },
            "1": {
                  "mean_reward": 59.97536126084395
            },
            "2": {
                  "mean_reward": 71.44652825843534
            },
            "3": {
                  "mean_reward": 29.620252513051028
            },
            "4": {
                  "mean_reward": 23.23245855572341
            },
            "5": {
                  "mean_reward": 59.8143528323084
            },
            "6": {
                  "mean_reward": 37.9072214437618
            },
            "7": {
                  "mean_reward": 40.959474633203584
            },
            "8": {
                  "mean_reward": 64.84664106868479
            }
      },
      "5": {
            "episode_duration": 151,
            "agents_reward_for_plot": {
                  "0": 82.61101226631472,
                  "1": 57.703741142245384,
                  "2": 0,
                  "3": 51.22524211478741,
                  "4": 45.355650060168514,
                  "5": 0,
                  "6": 56.96061753705966,
                  "7": 47.861587059130756,
                  "8": 0
            },
            "0": {
                  "mean_reward": 82.61101226631472
            },
            "1": {
                  "mean_reward": 57.703741142245384
            },
            "2": {
                  "mean_reward": 0.0
            },
            "3": {
                  "mean_reward": 51.22524211478741
            },
            "4": {
                  "mean_reward": 45.355650060168514
            },
            "5": {
                  "mean_reward": 0.0
            },
            "6": {
                  "mean_reward": 56.96061753705966
            },
            "7": {
                  "mean_reward": 47.861587059130756
            },
            "8": {
                  "mean_reward": 0.0
            }
      },
      "6": {
            "episode_duration": 59,
            "agents_reward_for_plot": {
                  "0": 44.37515335085424,
                  "1": 18.51558806887023,
                  "2": 0,
                  "3": 45.69441047460539,
                  "4": 30.882881786448678,
                  "5": 0,
                  "6": 0,
                  "7": 0,
                  "8": 0
            },
            "0": {
                  "mean_reward": 44.37515335085424
            },
            "1": {
                  "mean_reward": 18.51558806887023
            },
            "2": {
                  "mean_reward": 0.0
            },