{
      "0": {
            "episode_duration": 111,
            "agents_reward_for_plot": {
                  "0": 15.215840798399999,
                  "1": -21.081945912823773,
                  "2": 0,
                  "3": -38.5914941943918,
                  "4": -42.85767988421098,
                  "5": 0,
                  "6": -31.196112471558255,
                  "7": -30.513489776051795,
                  "8": -1.1179170767213185
            },
            "0": {
                  "mean_reward": 15.215840798399999
            },
            "1": {
                  "mean_reward": -21.081945912823773
            },
            "2": {
                  "mean_reward": 0.0
            },
            "3": {
                  "mean_reward": -38.5914941943918
            },
            "4": {
                  "mean_reward": -42.85767988421098
            },
            "5": {
                  "mean_reward": 0.0
            },
            "6": {
                  "mean_reward": -31.196112471558255
            },
            "7": {
                  "mean_reward": -30.513489776051795
            },
            "8": {
                  "mean_reward": -1.1179170767213185
            }
      },
      "1": {
            "episode_duration": 68,
            "agents_reward_for_plot": {
                  "0": 22.994054392391465,
                  "1": -34.91902848032084,
                  "2": 0,
                  "3": -20.683472576072333,
                  "4": 0,
                  "5": 0,
                  "6": -15.983194411817829,
                  "7": -11.453872288132175,
                  "8": 5.798126446588703
            },
            "0": {
                  "mean_reward": 22.994054392391465
            },
            "1": {
                  "mean_reward": -34.91902848032084
            },
            "2": {
                  "mean_reward": 0.0
            },
            "3": {
                  "mean_reward": -20.683472576072333
            },
            "4": {
                  "mean_reward": 0.0
            },
            "5": {
                  "mean_reward": 0.0
            },
            "6": {
                  "mean_reward": -15.983194411817829
            },
            "7": {
                  "mean_reward": -11.453872288132175
            },
            "8": {
                  "mean_reward": 5.798126446588703
            }
      },
      "2": {
            "episode_duration": 118,
            "agents_reward_for_plot": {
                  "0": 3.9897173738198433,
                  "1": -51.252707600496,
                  "2": -59.59674463485631,
                  "3": -25.238098570802517,
                  "4": -24.357276268110304,
                  "5": 0,
                  "6": -32.055641675418336,
                  "7": -5.79795228576795,
                  "8": 4.617090591165949
            },
            "0": {
                  "mean_reward": 3.9897173738198433
            },
            "1": {
                  "mean_reward": -51.252707600496
            },
            "2": {
                  "mean_reward": -59.59674463485631
            },
            "3": {
                  "mean_reward": -25.238098570802517
            },
            "4": {
                  "mean_reward": -24.357276268110304
            },
            "5": {
                  "mean_reward": 0.0
            },
            "6": {
                  "mean_reward": -32.055641675418336
            },
            "7": {
                  "mean_reward": -5.79795228576795
            },
            "8": {
                  "mean_reward": 4.617090591165949
            }
      },
      "3": {
            "episode_duration": 67,
            "agents_reward_for_plot": {
                  "0": -5.6765557430872065,
                  "1": -19.494612190452923,
                  "2": 0,
                  "3": -15.742380348820642,
                  "4": -5.5744914515396875,
                  "5": 0,
                  "6": -12.596472624064646,
                  "7": 0,
                  "8": 0
            },
            "0": {
                  "mean_reward": -5.6765557430872065
            },
            "1": {
                  "mean_reward": -19.494612190452923
            },
            "2": {
                  "mean_reward": 0.0
            },
            "3": {
                  "mean_reward": -15.742380348820642
            },
            "4": {
                  "mean_reward": -5.5744914515396875
            },
            "5": {
                  "mean_reward": 0.0
            },
            "6": {
                  "mean_reward": -12.596472624064646
            },
            "7": {
                  "mean_reward": 0.0
            },
            "8": {
                  "mean_reward": 0.0
            }
      },
      "4": {
            "episode_duration": 90,
            "agents_reward_for_plot": {
                  "0": -0.8339425431546168,
                  "1": -34.756132920774746,
                  "2": -37.42289413717912,
                  "3": -7.682263305142739,
                  "4": 6.117626340613448,
                  "5": 0,
                  "6": 0,
                  "7": 0,
                  "8": 0
            },
            "0": {
                  "mean_reward": -0.8339425431546168
            },
            "1": {
                  "mean_reward": -34.756132920774746
            },
            "2": {
                  "mean_reward": -37.42289413717912
            },
            "3": {
                  "mean_reward": -7.682263305142739
            },
            "4": {
                  "mean_reward": 6.117626340613448
            },
            "5": {
                  "mean_reward": 0.0
            },
            "6": {
                  "mean_reward": 0.0
            },
            "7": {
                  "mean_reward": 0.0
            },
            "8": {
                  "mean_reward": 0.0
            }
      },
      "5": {
            "episode_duration": 45,
            "agents_reward_for_plot": {
                  "0": 15.215840798399999,
                  "1": 3.968071418218277,
                  "2": 0,
                  "3": 0,
                  "4": 9.616104854047643,
                  "5": 0,
                  "6": 0,
                  "7": 0,
                  "8": 0
            },
            "0": {
                  "mean_reward": 15.215840798399999
            },
            "1": {
                  "mean_reward": 3.968071418218277
            },
            "2": {
                  "mean_reward": 0.0
            },
            "3": {
                  "mean_reward": 0.0
            },
            "4": {
                  "mean_reward": 9.616104854047643
            },
            "5": {
                  "mean_reward": 0.0
            },
            "6": {
                  "mean_reward": 0.0
            },
            "7": {
                  "mean_reward": 0.0
            },
            "8": {
                  "mean_reward": 0.0
            }
      },
      "6": {
            "episode_duration": 47,
            "agents_reward_for_plot": {
                  "0": 13.962055516611839,
                  "1": 3.8891067969957334,
                  "2": 0,
                  "3": 0,
                  "4": 9.424744367452094,
                  "5": 0,
                  "6": 0,
                  "7": 0,
                  "8": 0
            },
            "0": {
                  "mean_reward": 13.962055516611839
            },
            "1": {
                  "mean_reward": 3.8891067969957334
            },
            "2": {
                  "mean_reward": 0.0
            },
            "3": {
                  "mean_reward": 0.0
            },
            "4": {
                  "mean_reward": 9.424744367452094
            },
            "5": {
                  "mean_reward": 0.0
            },
            "6": {
                  "mean_reward": 0.0
            },