{
      "0": {
            "episode_duration": 51,
            "agents_reward_for_plot": {
                  "0": 15.215840798399999,
                  "1": 1.402082114268075,
                  "2": 0,
                  "3": 0,
                  "4": 9.053371834644455,
                  "5": 0,
                  "6": 0,
                  "7": 0,
                  "8": 0
            },
            "0": {
                  "mean_reward": 15.215840798399999
            },
            "1": {
                  "mean_reward": 1.402082114268075
            },
            "2": {
                  "mean_reward": 0.0
            },
            "3": {
                  "mean_reward": 0.0
            },
            "4": {
                  "mean_reward": 9.053371834644455
            },
            "5": {
                  "mean_reward": 0.0
            },
            "6": {
                  "mean_reward": 0.0
            },
            "7": {
                  "mean_reward": 0.0
            },
            "8": {
                  "mean_reward": 0.0
            }
      },
      "1": {
            "episode_duration": 57,
            "agents_reward_for_plot": {
                  "0": 15.215840798399999,
                  "1": -1.0137458789763287,
                  "2": 0,
                  "3": 0,
                  "4": 8.523569867463866,
                  "5": 0,
                  "6": 0,
                  "7": 0,
                  "8": 0
            },
            "0": {
                  "mean_reward": 15.215840798399999
            },
            "1": {
                  "mean_reward": -1.0137458789763287
            },
            "2": {
                  "mean_reward": 0.0
            },
            "3": {
                  "mean_reward": 0.0
            },
            "4": {
                  "mean_reward": 8.523569867463866
            },
            "5": {
                  "mean_reward": 0.0
            },
            "6": {
                  "mean_reward": 0.0
            },
            "7": {
                  "mean_reward": 0.0
            },
            "8": {
                  "mean_reward": 0.0
            }
      },
      "2": {
            "episode_duration": 124,
            "agents_reward_for_plot": {
                  "0": -9.483119146797618,
                  "1": -37.80071887082469,
                  "2": -6.876679070049489,
                  "3": -39.71115978036862,
                  "4": 0,
                  "5": 0,
                  "6": 0,
                  "7": 0,
                  "8": 0
            },
            "0": {
                  "mean_reward": -9.483119146797618
            },
            "1": {
                  "mean_reward": -37.80071887082469
            },
            "2": {
                  "mean_reward": -6.876679070049489
            },
            "3": {
                  "mean_reward": -39.71115978036862
            },
            "4": {
                  "mean_reward": 0.0
            },
            "5": {
                  "mean_reward": 0.0
            },
            "6": {
                  "mean_reward": 0.0
            },
            "7": {
                  "mean_reward": 0.0
            },
            "8": {
                  "mean_reward": 0.0
            }
      },
      "3": {
            "episode_duration": 49,
            "agents_reward_for_plot": {
                  "0": 15.215840798399999,
                  "1": 2.2402779286927155,
                  "2": 0,
                  "3": 0,
                  "4": 9.237191954539798,
                  "5": 0,
                  "6": 0,
                  "7": 0,
                  "8": 0
            },
            "0": {
                  "mean_reward": 15.215840798399999
            },
            "1": {
                  "mean_reward": 2.2402779286927155
            },
            "2": {
                  "mean_reward": 0.0
            },
            "3": {
                  "mean_reward": 0.0
            },
            "4": {
                  "mean_reward": 9.237191954539798
            },
            "5": {
                  "mean_reward": 0.0
            },
            "6": {
                  "mean_reward": 0.0
            },
            "7": {
                  "mean_reward": 0.0
            },
            "8": {
                  "mean_reward": 0.0
            }
      },
      "4": {
            "episode_duration": 78,
            "agents_reward_for_plot": {
                  "0": 22.994054392391465,
                  "1": -42.85517131675739,
                  "2": 0,
                  "3": -22.018510137081616,
                  "4": 0,
                  "5": 0,
                  "6": -13.650568586961189,
                  "7": -9.948302588922932,
                  "8": 6.360086982449618
            },
            "0": {
                  "mean_reward": 22.994054392391465
            },
            "1": {
                  "mean_reward": -42.85517131675739
            },
            "2": {
                  "mean_reward": 0.0
            },
            "3": {
                  "mean_reward": -22.018510137081616
            },
            "4": {
                  "mean_reward": 0.0
            },
            "5": {
                  "mean_reward": 0.0
            },
            "6": {
                  "mean_reward": -13.650568586961189
            },
            "7": {
                  "mean_reward": -9.948302588922932
            },
            "8": {
                  "mean_reward": 6.360086982449618
            }
      },
      "5": {
            "episode_duration": 45,
            "agents_reward_for_plot": {
                  "0": 15.215840798399999,
                  "1": 3.968071418218277,
                  "2": 0,
                  "3": 0,
                  "4": 9.616104854047643,
                  "5": 0,
                  "6": 0,
                  "7": 0,
                  "8": 0
            },
            "0": {
                  "mean_reward": 15.215840798399999
            },
            "1": {
                  "mean_reward": 3.968071418218277
            },
            "2": {
                  "mean_reward": 0.0
            },
            "3": {
                  "mean_reward": 0.0
            },
            "4": {
                  "mean_reward": 9.616104854047643
            },
            "5": {
                  "mean_reward": 0.0
            },
            "6": {
                  "mean_reward": 0.0
            },
            "7": {
                  "mean_reward": 0.0
            },
            "8": {
                  "mean_reward": 0.0
            }
      },
      "6": {
            "episode_duration": 125,
            "agents_reward_for_plot": {
                  "0": -5.456376440923185,
                  "1": -10.478829504680224,
                  "2": 3.965675747274278,
                  "3": -37.56121564213404,
                  "4": -66.69819090812251,
                  "5": 0,
                  "6": 0,
                  "7": 0,
                  "8": 0
            },
            "0": {
                  "mean_reward": -5.456376440923185
            },
            "1": {
                  "mean_reward": -10.478829504680224
            },
            "2": {
                  "mean_reward": 3.965675747274278
            },
            "3": {
                  "mean_reward": -37.56121564213404
            },
            "4": {
                  "mean_reward": -66.69819090812251
            },
            "5": {
                  "mean_reward": 0.0
            },
            "6": {
                  "mean_reward": 0.0
            },
            "7": {
                  "mean_reward": 0.0
            },
            "8": {
                  "mean_reward": 0.0
            }
      },
      "7": {
            "episode_duration": 182,
            "agents_reward_for_plot": {
                  "0": 20.969388298169285,
                  "1": -85.52148706820759,
                  "2": 0,
                  "3": -36.556395257545745,