{
      "0": {
            "episode_duration": 45,
            "agents_reward_for_plot": {
                  "0": 15.215840798399999,
                  "1": 3.968071418218277,
                  "2": 0,
                  "3": 0,
                  "4": 9.616104854047643,
                  "5": 0,
                  "6": 0,
                  "7": 0,
                  "8": 0
            },
            "0": {
                  "mean_reward": 15.215840798399999
            },
            "1": {
                  "mean_reward": 3.968071418218277
            },
            "2": {
                  "mean_reward": 0.0
            },
            "3": {
                  "mean_reward": 0.0
            },
            "4": {
                  "mean_reward": 9.616104854047643
            },
            "5": {
                  "mean_reward": 0.0
            },
            "6": {
                  "mean_reward": 0.0
            },
            "7": {
                  "mean_reward": 0.0
            },
            "8": {
                  "mean_reward": 0.0
            }
      },
      "1": {
            "episode_duration": 55,
            "agents_reward_for_plot": {
                  "0": -46.5985124451,
                  "1": 3.5886526629913744,
                  "2": 0,
                  "3": -38.71928279260703,
                  "4": 22.45756653566646,
                  "5": 0,
                  "6": 0,
                  "7": 0,
                  "8": 0
            },
            "0": {
                  "mean_reward": -46.5985124451
            },
            "1": {
                  "mean_reward": 3.5886526629913744
            },
            "2": {
                  "mean_reward": 0.0
            },
            "3": {
                  "mean_reward": -38.71928279260703
            },
            "4": {
                  "mean_reward": 22.45756653566646
            },
            "5": {
                  "mean_reward": 0.0
            },
            "6": {
                  "mean_reward": 0.0
            },
            "7": {
                  "mean_reward": 0.0
            },
            "8": {
                  "mean_reward": 0.0
            }
      },
      "2": {
            "episode_duration": 45,
            "agents_reward_for_plot": {
                  "0": 15.215840798399999,
                  "1": 3.968071418218277,
                  "2": 0,
                  "3": 0,
                  "4": 9.616104854047643,
                  "5": 0,
                  "6": 0,
                  "7": 0,
                  "8": 0
            },
            "0": {
                  "mean_reward": 15.215840798399999
            },
            "1": {
                  "mean_reward": 3.968071418218277
            },
            "2": {
                  "mean_reward": 0.0
            },
            "3": {
                  "mean_reward": 0.0
            },
            "4": {
                  "mean_reward": 9.616104854047643
            },
            "5": {
                  "mean_reward": 0.0
            },
            "6": {
                  "mean_reward": 0.0
            },
            "7": {
                  "mean_reward": 0.0
            },
            "8": {
                  "mean_reward": 0.0
            }
      },
      "3": {
            "episode_duration": 45,
            "agents_reward_for_plot": {
                  "0": 15.215840798399999,
                  "1": 3.968071418218277,
                  "2": 0,
                  "3": 0,
                  "4": 9.616104854047643,
                  "5": 0,
                  "6": 0,
                  "7": 0,
                  "8": 0
            },
            "0": {
                  "mean_reward": 15.215840798399999
            },
            "1": {
                  "mean_reward": 3.968071418218277
            },
            "2": {
                  "mean_reward": 0.0
            },
            "3": {
                  "mean_reward": 0.0
            },
            "4": {
                  "mean_reward": 9.616104854047643
            },
            "5": {
                  "mean_reward": 0.0
            },
            "6": {
                  "mean_reward": 0.0
            },
            "7": {
                  "mean_reward": 0.0
            },
            "8": {
                  "mean_reward": 0.0
            }
      },
      "4": {
            "episode_duration": 45,
            "agents_reward_for_plot": {
                  "0": 15.215840798399999,
                  "1": 3.968071418218277,
                  "2": 0,
                  "3": 0,
                  "4": 9.616104854047643,
                  "5": 0,
                  "6": 0,
                  "7": 0,
                  "8": 0
            },
            "0": {
                  "mean_reward": 15.215840798399999
            },
            "1": {
                  "mean_reward": 3.968071418218277
            },
            "2": {
                  "mean_reward": 0.0
            },
            "3": {
                  "mean_reward": 0.0
            },
            "4": {
                  "mean_reward": 9.616104854047643
            },
            "5": {
                  "mean_reward": 0.0
            },
            "6": {
                  "mean_reward": 0.0
            },
            "7": {
                  "mean_reward": 0.0
            },
            "8": {
                  "mean_reward": 0.0
            }
      },
      "5": {
            "episode_duration": 45,
            "agents_reward_for_plot": {
                  "0": 15.215840798399999,
                  "1": 3.968071418218277,
                  "2": 0,
                  "3": 0,
                  "4": 9.616104854047643,
                  "5": 0,
                  "6": 0,
                  "7": 0,
                  "8": 0
            },
            "0": {
                  "mean_reward": 15.215840798399999
            },
            "1": {
                  "mean_reward": 3.968071418218277
            },
            "2": {
                  "mean_reward": 0.0
            },
            "3": {
                  "mean_reward": 0.0
            },
            "4": {
                  "mean_reward": 9.616104854047643
            },
            "5": {
                  "mean_reward": 0.0
            },
            "6": {
                  "mean_reward": 0.0
            },
            "7": {
                  "mean_reward": 0.0
            },
            "8": {
                  "mean_reward": 0.0
            }
      },
      "6": {
            "episode_duration": 47,
            "agents_reward_for_plot": {
                  "0": 15.215840798399999,
                  "1": 3.968071418218277,
                  "2": 0,
                  "3": 0,
                  "4": 8.685043994063815,
                  "5": 0,
                  "6": 0,
                  "7": 0,
                  "8": 0
            },
            "0": {
                  "mean_reward": 15.215840798399999
            },
            "1": {
                  "mean_reward": 3.968071418218277
            },
            "2": {
                  "mean_reward": 0.0
            },
            "3": {
                  "mean_reward": 0.0
            },
            "4": {
                  "mean_reward": 8.685043994063815
            },
            "5": {
                  "mean_reward": 0.0
            },
            "6": {
                  "mean_reward": 0.0
            },
            "7": {
                  "mean_reward": 0.0
            },
            "8": {
                  "mean_reward": 0.0
            }
      },
      "7": {
            "episode_duration": 47,
            "agents_reward_for_plot": {
                  "0": 15.215840798399999,
                  "1": 3.095492513352078,
                  "2": 0,
                  "3": 0,
                  "4": 9.424744367452094,
                  "5": 0,
                  "6": 0,
                  "7": 0,
                  "8": 0
            },