{
      "0": {
            "episode_duration": 179,
            "agents_reward_for_plot": {
                  "0": -70.87446103588299,
                  "1": -53.34395076444862,
                  "2": -7.675414355190862,
                  "3": 0,
                  "4": -2.693394380515539,
                  "5": -2.295970460208589,
                  "6": 0,
                  "7": 0,
                  "8": 0
            },
            "0": {
                  "mean_reward": -70.87446103588299
            },
            "1": {
                  "mean_reward": -53.34395076444862
            },
            "2": {
                  "mean_reward": -7.675414355190862
            },
            "3": {
                  "mean_reward": 0.0
            },
            "4": {
                  "mean_reward": -2.693394380515539
            },
            "5": {
                  "mean_reward": -2.295970460208589
            },
            "6": {
                  "mean_reward": 0.0
            },
            "7": {
                  "mean_reward": 0.0
            },
            "8": {
                  "mean_reward": 0.0
            }
      },
      "1": {
            "episode_duration": 179,
            "agents_reward_for_plot": {
                  "0": -71.73598469130835,
                  "1": -48.05638541328054,
                  "2": 0,
                  "3": -123.13918031179516,
                  "4": -92.17700957639393,
                  "5": 0,
                  "6": 0,
                  "7": 0,
                  "8": 0
            },
            "0": {
                  "mean_reward": -71.73598469130835
            },
            "1": {
                  "mean_reward": -48.05638541328054
            },
            "2": {
                  "mean_reward": 0.0
            },
            "3": {
                  "mean_reward": -123.13918031179516
            },
            "4": {
                  "mean_reward": -92.17700957639393
            },
            "5": {
                  "mean_reward": 0.0
            },
            "6": {
                  "mean_reward": 0.0
            },
            "7": {
                  "mean_reward": 0.0
            },
            "8": {
                  "mean_reward": 0.0
            }
      },
      "2": {
            "episode_duration": 87,
            "agents_reward_for_plot": {
                  "0": -49.89078666893958,
                  "1": -14.444455981526158,
                  "2": 0,
                  "3": -68.99595166479435,
                  "4": -7.284717843438487,
                  "5": 0,
                  "6": 0,
                  "7": 0,
                  "8": 0
            },
            "0": {
                  "mean_reward": -49.89078666893958
            },
            "1": {
                  "mean_reward": -14.444455981526158
            },
            "2": {
                  "mean_reward": 0.0
            },
            "3": {
                  "mean_reward": -68.99595166479435
            },
            "4": {
                  "mean_reward": -7.284717843438487
            },
            "5": {
                  "mean_reward": 0.0
            },
            "6": {
                  "mean_reward": 0.0
            },
            "7": {
                  "mean_reward": 0.0
            },
            "8": {
                  "mean_reward": 0.0
            }
      },
      "3": {
            "episode_duration": 109,
            "agents_reward_for_plot": {
                  "0": -75.4096063291626,
                  "1": -17.11590171758537,
                  "2": 0,
                  "3": -87.76132791057913,
                  "4": -37.38350100053019,
                  "5": 0,
                  "6": -83.36449718490195,
                  "7": -60.98194180632858,
                  "8": 0
            },
            "0": {
                  "mean_reward": -75.4096063291626
            },
            "1": {
                  "mean_reward": -17.11590171758537
            },
            "2": {
                  "mean_reward": 0.0
            },
            "3": {
                  "mean_reward": -87.76132791057913
            },
            "4": {
                  "mean_reward": -37.38350100053019
            },
            "5": {
                  "mean_reward": 0.0
            },
            "6": {
                  "mean_reward": -83.36449718490195
            },
            "7": {
                  "mean_reward": -60.98194180632858
            },
            "8": {
                  "mean_reward": 0.0
            }
      },
      "4": {
            "episode_duration": 133,
            "agents_reward_for_plot": {
                  "0": -84.95192074944603,
                  "1": -21.123106654689416,
                  "2": 0,
                  "3": 0,
                  "4": -4.276426362996264,
                  "5": 0,
                  "6": 0,
                  "7": 0,
                  "8": 0
            },
            "0": {
                  "mean_reward": -84.95192074944603
            },
            "1": {
                  "mean_reward": -21.123106654689416
            },
            "2": {
                  "mean_reward": 0.0
            },
            "3": {
                  "mean_reward": 0.0
            },
            "4": {
                  "mean_reward": -4.276426362996264
            },
            "5": {
                  "mean_reward": 0.0
            },
            "6": {
                  "mean_reward": 0.0
            },
            "7": {
                  "mean_reward": 0.0
            },
            "8": {
                  "mean_reward": 0.0
            }
      },
      "5": {
            "episode_duration": 113,
            "agents_reward_for_plot": {
                  "0": -74.27889632517699,
                  "1": -30.27735950996965,
                  "2": -16.04496489668702,
                  "3": 0,
                  "4": -5.228499926359769,
                  "5": -11.234308576972698,
                  "6": 0,
                  "7": 0,
                  "8": 0
            },
            "0": {
                  "mean_reward": -74.27889632517699
            },
            "1": {
                  "mean_reward": -30.27735950996965
            },
            "2": {
                  "mean_reward": -16.04496489668702
            },
            "3": {
                  "mean_reward": 0.0
            },
            "4": {
                  "mean_reward": -5.228499926359769
            },
            "5": {
                  "mean_reward": -11.234308576972698
            },
            "6": {
                  "mean_reward": 0.0
            },
            "7": {
                  "mean_reward": 0.0
            },
            "8": {
                  "mean_reward": 0.0
            }
      },
      "6": {
            "episode_duration": 284,
            "agents_reward_for_plot": {
                  "0": -156.30692894306873,
                  "1": -30.104112354269212,
                  "2": 0,
                  "3": -148.1940918872315,
                  "4": -118.77842709488422,
                  "5": 0,
                  "6": -142.5031108590811,
                  "7": -67.93093951467762,
                  "8": -52.150740524648285
            },
            "0": {
                  "mean_reward": -156.30692894306873
            },
            "1": {
                  "mean_reward": -30.104112354269212
            },
            "2": {
                  "mean_reward": 0.0
            },
            "3": {
                  "mean_reward": -148.1940918872315
            },
            "4": {
                  "mean_reward": -118.77842709488422
            },
            "5": {
                  "mean_reward": 0.0
            },
            "6": {
                  "mean_reward": -142.5031108590811
            },
            "7": {
                  "mean_reward": -67.93093951467762
            },
            "8": {
                  "mean_reward": -52.150740524648285
            }
      },