{
      "0": {
            "episode_duration": 53,
            "agents_reward_for_plot": {
                  "0": -5.096512342065749,
                  "1": 0.5808806757429514,
                  "2": 0,
                  "3": 0,
                  "4": 8.873209735135031,
                  "5": 0,
                  "6": 0,
                  "7": 0,
                  "8": 0
            },
            "0": {
                  "mean_reward": -5.096512342065749
            },
            "1": {
                  "mean_reward": 0.5808806757429514
            },
            "2": {
                  "mean_reward": 0.0
            },
            "3": {
                  "mean_reward": 0.0
            },
            "4": {
                  "mean_reward": 8.873209735135031
            },
            "5": {
                  "mean_reward": 0.0
            },
            "6": {
                  "mean_reward": 0.0
            },
            "7": {
                  "mean_reward": 0.0
            },
            "8": {
                  "mean_reward": 0.0
            }
      }
}