{
      "0": {
            "episode_duration": 58,
            "agents_reward_for_plot": {
                  "0": 42.79358978898469,
                  "1": 22.870281430413108,
                  "2": 0,
                  "3": 32.034015657604506,
                  "4": 39.233505964117775,
                  "5": 0,
                  "6": 0,
                  "7": 0,
                  "8": 0
            },
            "0": {
                  "mean_reward": 42.79358978898469
            },
            "1": {
                  "mean_reward": 22.870281430413108
            },
            "2": {
                  "mean_reward": 0.0
            },
            "3": {
                  "mean_reward": 32.034015657604506
            },
            "4": {
                  "mean_reward": 39.233505964117775
            },
            "5": {
                  "mean_reward": 0.0
            },
            "6": {
                  "mean_reward": 0.0
            },
            "7": {
                  "mean_reward": 0.0
            },
            "8": {
                  "mean_reward": 0.0
            }
      },
      "1": {
            "episode_duration": 60,
            "agents_reward_for_plot": {
                  "0": 43.124437592354724,
                  "1": 24.394966859107313,
                  "2": 0,
                  "3": 33.68727575156918,
                  "4": 40.87970046682162,
                  "5": 0,
                  "6": 0,
                  "7": 0,
                  "8": 0
            },
            "0": {
                  "mean_reward": 43.124437592354724
            },
            "1": {
                  "mean_reward": 24.394966859107313
            },
            "2": {
                  "mean_reward": 0.0
            },
            "3": {
                  "mean_reward": 33.68727575156918
            },
            "4": {
                  "mean_reward": 40.87970046682162
            },
            "5": {
                  "mean_reward": 0.0
            },
            "6": {
                  "mean_reward": 0.0
            },
            "7": {
                  "mean_reward": 0.0
            },
            "8": {
                  "mean_reward": 0.0
            }
      },
      "2": {
            "episode_duration": 58,
            "agents_reward_for_plot": {
                  "0": 42.79358978898469,
                  "1": 22.870281430413108,
                  "2": 0,
                  "3": 32.034015657604506,
                  "4": 39.233505964117775,
                  "5": 0,
                  "6": 0,
                  "7": 0,
                  "8": 0
            },
            "0": {
                  "mean_reward": 42.79358978898469
            },
            "1": {
                  "mean_reward": 22.870281430413108
            },
            "2": {
                  "mean_reward": 0.0
            },
            "3": {
                  "mean_reward": 32.034015657604506
            },
            "4": {
                  "mean_reward": 39.233505964117775
            },
            "5": {
                  "mean_reward": 0.0
            },
            "6": {
                  "mean_reward": 0.0
            },
            "7": {
                  "mean_reward": 0.0
            },
            "8": {
                  "mean_reward": 0.0
            }
      },
      "3": {
            "episode_duration": 66,
            "agents_reward_for_plot": {
                  "0": 49.18166532406586,
                  "1": 33.33179991303353,
                  "2": 0,
                  "3": 17.361815777085695,
                  "4": 10.255960275199854,
                  "5": 0,
                  "6": 17.56895527556736,
                  "7": 14.71055584422937,
                  "8": 14.280257824104847
            },
            "0": {
                  "mean_reward": 49.18166532406586
            },
            "1": {
                  "mean_reward": 33.33179991303353
            },
            "2": {
                  "mean_reward": 0.0
            },
            "3": {
                  "mean_reward": 17.361815777085695
            },
            "4": {
                  "mean_reward": 10.255960275199854
            },
            "5": {
                  "mean_reward": 0.0
            },
            "6": {
                  "mean_reward": 17.56895527556736
            },
            "7": {
                  "mean_reward": 14.71055584422937
            },
            "8": {
                  "mean_reward": 14.280257824104847
            }
      },
      "4": {
            "episode_duration": 66,
            "agents_reward_for_plot": {
                  "0": 46.831243884968536,
                  "1": 24.898314568249514,
                  "2": 0,
                  "3": 36.112685612948866,
                  "4": 40.85366194148806,
                  "5": 0,
                  "6": 11.223457108041599,
                  "7": 9.77787583252584,
                  "8": 0
            },
            "0": {
                  "mean_reward": 46.831243884968536
            },
            "1": {
                  "mean_reward": 24.898314568249514
            },
            "2": {
                  "mean_reward": 0.0
            },
            "3": {
                  "mean_reward": 36.112685612948866
            },
            "4": {
                  "mean_reward": 40.85366194148806
            },
            "5": {
                  "mean_reward": 0.0
            },
            "6": {
                  "mean_reward": 11.223457108041599
            },
            "7": {
                  "mean_reward": 9.77787583252584
            },
            "8": {
                  "mean_reward": 0.0
            }
      },
      "5": {
            "episode_duration": 49,
            "agents_reward_for_plot": {
                  "0": 40.892572145699994,
                  "1": 19.840357091091384,
                  "2": 17.889891266180374,
                  "3": 0,
                  "4": 9.947745181812088,
                  "5": 6.098741714776828,
                  "6": 0,
                  "7": 0,
                  "8": 0
            },
            "0": {
                  "mean_reward": 40.892572145699994
            },
            "1": {
                  "mean_reward": 19.840357091091384
            },
            "2": {
                  "mean_reward": 17.889891266180374
            },
            "3": {
                  "mean_reward": 0.0
            },
            "4": {
                  "mean_reward": 9.947745181812088
            },
            "5": {
                  "mean_reward": 6.098741714776828
            },
            "6": {
                  "mean_reward": 0.0
            },
            "7": {
                  "mean_reward": 0.0
            },
            "8": {
                  "mean_reward": 0.0
            }
      },
      "6": {
            "episode_duration": 54,
            "agents_reward_for_plot": {
                  "0": 39.847809011276105,
                  "1": 23.80842850930966,
                  "2": 0,
                  "3": 11.031185373905243,
                  "4": 9.460206686843962,
                  "5": 0,
                  "6": 0,
                  "7": 0,
                  "8": 0
            },
            "0": {
                  "mean_reward": 39.847809011276105
            },
            "1": {
                  "mean_reward": 23.80842850930966
            },
            "2": {
                  "mean_reward": 0.0
            },
            "3": {
                  "mean_reward": 11.031185373905243
            },
            "4": {
                  "mean_reward": 9.460206686843962
            },
            "5": {
                  "mean_reward": 0.0
            },
            "6": {
                  "mean_reward": 0.0
            },
            "7": {
                  "mean_reward": 0.0
            },
            "8": {
                  "mean_reward": 0.0
            }
      },
      "7": {
            "episode_duration": 60,