{
      "0": {
            "episode_duration": 91,
            "agents_reward_for_plot": {
                  "0": 80.83415424149999,
                  "1": 7.605440672091311,
                  "2": 45.41339882233444,
                  "3": 57.984423791963295,
                  "4": 45.86321192879506,
                  "5": 44.3418440914658,
                  "6": 57.292723106420354,
                  "7": 50.69630348712999,
                  "8": 37.518117843212224
            },
            "0": {
                  "mean_reward": 80.83415424149999
            },
            "1": {
                  "mean_reward": 7.605440672091311
            },
            "2": {
                  "mean_reward": 45.41339882233444
            },
            "3": {
                  "mean_reward": 57.984423791963295
            },
            "4": {
                  "mean_reward": 45.86321192879506
            },
            "5": {
                  "mean_reward": 44.3418440914658
            },
            "6": {
                  "mean_reward": 57.292723106420354
            },
            "7": {
                  "mean_reward": 50.69630348712999
            },
            "8": {
                  "mean_reward": 37.518117843212224
            }
      },
      "1": {
            "episode_duration": 87,
            "agents_reward_for_plot": {
                  "0": 77.03019404189999,
                  "1": 39.93581255618166,
                  "2": 38.17110714576532,
                  "3": 55.26068624921966,
                  "4": 46.79600213850476,
                  "5": 30.756741525484692,
                  "6": 20.23232717808429,
                  "7": 20.895209237222183,
                  "8": 0
            },
            "0": {
                  "mean_reward": 77.03019404189999
            },
            "1": {
                  "mean_reward": 39.93581255618166
            },
            "2": {
                  "mean_reward": 38.17110714576532
            },
            "3": {
                  "mean_reward": 55.26068624921966
            },
            "4": {
                  "mean_reward": 46.79600213850476
            },
            "5": {
                  "mean_reward": 30.756741525484692
            },
            "6": {
                  "mean_reward": 20.23232717808429
            },
            "7": {
                  "mean_reward": 20.895209237222183
            },
            "8": {
                  "mean_reward": 0.0
            }
      },
      "2": {
            "episode_duration": 61,
            "agents_reward_for_plot": {
                  "0": 52.3044527445,
                  "1": 17.586192374989228,
                  "2": 15.857328974988787,
                  "3": 44.1848367653551,
                  "4": 33.57833909612339,
                  "5": 5.405832392482265,
                  "6": 0,
                  "7": 0,
                  "8": 0
            },
            "0": {
                  "mean_reward": 52.3044527445
            },
            "1": {
                  "mean_reward": 17.586192374989228
            },
            "2": {
                  "mean_reward": 15.857328974988787
            },
            "3": {
                  "mean_reward": 44.1848367653551
            },
            "4": {
                  "mean_reward": 33.57833909612339
            },
            "5": {
                  "mean_reward": 5.405832392482265
            },
            "6": {
                  "mean_reward": 0.0
            },
            "7": {
                  "mean_reward": 0.0
            },
            "8": {
                  "mean_reward": 0.0
            }
      },
      "3": {
            "episode_duration": 67,
            "agents_reward_for_plot": {
                  "0": 58.010393043899995,
                  "1": 22.879518457652477,
                  "2": 21.806878544986645,
                  "3": 52.03980002795037,
                  "4": 38.816032563288914,
                  "5": 0,
                  "6": 0,
                  "7": 11.56956796781028,
                  "8": 10.153400672447855
            },
            "0": {
                  "mean_reward": 58.010393043899995
            },
            "1": {
                  "mean_reward": 22.879518457652477
            },
            "2": {
                  "mean_reward": 21.806878544986645
            },
            "3": {
                  "mean_reward": 52.03980002795037
            },
            "4": {
                  "mean_reward": 38.816032563288914
            },
            "5": {
                  "mean_reward": 0.0
            },
            "6": {
                  "mean_reward": 0.0
            },
            "7": {
                  "mean_reward": 11.56956796781028
            },
            "8": {
                  "mean_reward": 10.153400672447855
            }
      },
      "4": {
            "episode_duration": 71,
            "agents_reward_for_plot": {
                  "0": 59.67110696804036,
                  "1": 26.057122713934284,
                  "2": 25.549697706385764,
                  "3": 55.72455209650209,
                  "4": 40.28075234007406,
                  "5": 15.62062638393166,
                  "6": 0,
                  "7": 22.751819833679566,
                  "8": 23.057943605867482
            },
            "0": {
                  "mean_reward": 59.67110696804036
            },
            "1": {
                  "mean_reward": 26.057122713934284
            },
            "2": {
                  "mean_reward": 25.549697706385764
            },
            "3": {
                  "mean_reward": 55.72455209650209
            },
            "4": {
                  "mean_reward": 40.28075234007406
            },
            "5": {
                  "mean_reward": 15.62062638393166
            },
            "6": {
                  "mean_reward": 0.0
            },
            "7": {
                  "mean_reward": 22.751819833679566
            },
            "8": {
                  "mean_reward": 23.057943605867482
            }
      },
      "5": {
            "episode_duration": 98,
            "agents_reward_for_plot": {
                  "0": 64.53497974614376,
                  "1": 39.44090148374708,
                  "2": 42.33465209951503,
                  "3": 54.13040443003247,
                  "4": 71.16947578116778,
                  "5": 0,
                  "6": 19.73226191807604,
                  "7": 17.723487343731772,
                  "8": 0
            },
            "0": {
                  "mean_reward": 64.53497974614376
            },
            "1": {
                  "mean_reward": 39.44090148374708
            },
            "2": {
                  "mean_reward": 42.33465209951503
            },
            "3": {
                  "mean_reward": 54.13040443003247
            },
            "4": {
                  "mean_reward": 71.16947578116778
            },
            "5": {
                  "mean_reward": 0.0
            },
            "6": {
                  "mean_reward": 19.73226191807604
            },
            "7": {
                  "mean_reward": 17.723487343731772
            },
            "8": {
                  "mean_reward": 0.0
            }
      },
      "6": {
            "episode_duration": 99,
            "agents_reward_for_plot": {
                  "0": 65.46996985264371,
                  "1": 43.52901233305761,
                  "2": 0,
                  "3": 60.80424251299506,
                  "4": 49.63710429395236,
                  "5": 0,
                  "6": 38.7645801371832,
                  "7": 33.9790370851556,
                  "8": 9.279611615523063
            },
            "0": {
                  "mean_reward": 65.46996985264371
            },
            "1": {
                  "mean_reward": 43.52901233305761
            },
            "2": {
                  "mean_reward": 0.0
            },