{
      "0": {
            "episode_duration": 45,
            "agents_reward_for_plot": {
                  "0": 37.088611946099995,
                  "1": 16.665899956516764,
                  "2": 0,
                  "3": 0,
                  "4": 10.355805227435923,
                  "5": 0,
                  "6": 0,
                  "7": 0,
                  "8": 0
            },
            "0": {
                  "mean_reward": 37.088611946099995
            },
            "1": {
                  "mean_reward": 16.665899956516764
            },
            "2": {
                  "mean_reward": 0.0
            },
            "3": {
                  "mean_reward": 0.0
            },
            "4": {
                  "mean_reward": 10.355805227435923
            },
            "5": {
                  "mean_reward": 0.0
            },
            "6": {
                  "mean_reward": 0.0
            },
            "7": {
                  "mean_reward": 0.0
            },
            "8": {
                  "mean_reward": 0.0
            }
      },
      "1": {
            "episode_duration": 45,
            "agents_reward_for_plot": {
                  "0": 37.088611946099995,
                  "1": 16.665899956516764,
                  "2": 0,
                  "3": 0,
                  "4": 10.355805227435923,
                  "5": 0,
                  "6": 0,
                  "7": 0,
                  "8": 0
            },
            "0": {
                  "mean_reward": 37.088611946099995
            },
            "1": {
                  "mean_reward": 16.665899956516764
            },
            "2": {
                  "mean_reward": 0.0
            },
            "3": {
                  "mean_reward": 0.0
            },
            "4": {
                  "mean_reward": 10.355805227435923
            },
            "5": {
                  "mean_reward": 0.0
            },
            "6": {
                  "mean_reward": 0.0
            },
            "7": {
                  "mean_reward": 0.0
            },
            "8": {
                  "mean_reward": 0.0
            }
      },
      "2": {
            "episode_duration": 45,
            "agents_reward_for_plot": {
                  "0": 37.088611946099995,
                  "1": 16.665899956516764,
                  "2": 0,
                  "3": 0,
                  "4": 10.355805227435923,
                  "5": 0,
                  "6": 0,
                  "7": 0,
                  "8": 0
            },
            "0": {
                  "mean_reward": 37.088611946099995
            },
            "1": {
                  "mean_reward": 16.665899956516764
            },
            "2": {
                  "mean_reward": 0.0
            },
            "3": {
                  "mean_reward": 0.0
            },
            "4": {
                  "mean_reward": 10.355805227435923
            },
            "5": {
                  "mean_reward": 0.0
            },
            "6": {
                  "mean_reward": 0.0
            },
            "7": {
                  "mean_reward": 0.0
            },
            "8": {
                  "mean_reward": 0.0
            }
      },
      "3": {
            "episode_duration": 45,
            "agents_reward_for_plot": {
                  "0": 37.088611946099995,
                  "1": 16.665899956516764,
                  "2": 0,
                  "3": 0,
                  "4": 10.355805227435923,
                  "5": 0,
                  "6": 0,
                  "7": 0,
                  "8": 0
            },
            "0": {
                  "mean_reward": 37.088611946099995
            },
            "1": {
                  "mean_reward": 16.665899956516764
            },
            "2": {
                  "mean_reward": 0.0
            },
            "3": {
                  "mean_reward": 0.0
            },
            "4": {
                  "mean_reward": 10.355805227435923
            },
            "5": {
                  "mean_reward": 0.0
            },
            "6": {
                  "mean_reward": 0.0
            },
            "7": {
                  "mean_reward": 0.0
            },
            "8": {
                  "mean_reward": 0.0
            }
      },
      "4": {
            "episode_duration": 45,
            "agents_reward_for_plot": {
                  "0": 37.088611946099995,
                  "1": 16.665899956516764,
                  "2": 0,
                  "3": 0,
                  "4": 10.355805227435923,
                  "5": 0,
                  "6": 0,
                  "7": 0,
                  "8": 0
            },
            "0": {
                  "mean_reward": 37.088611946099995
            },
            "1": {
                  "mean_reward": 16.665899956516764
            },
            "2": {
                  "mean_reward": 0.0
            },
            "3": {
                  "mean_reward": 0.0
            },
            "4": {
                  "mean_reward": 10.355805227435923
            },
            "5": {
                  "mean_reward": 0.0
            },
            "6": {
                  "mean_reward": 0.0
            },
            "7": {
                  "mean_reward": 0.0
            },
            "8": {
                  "mean_reward": 0.0
            }
      },
      "5": {
            "episode_duration": 53,
            "agents_reward_for_plot": {
                  "0": 44.69653234529999,
                  "1": 23.014814225666004,
                  "2": 0,
                  "3": 0,
                  "4": 14.733666943863378,
                  "5": 0,
                  "6": 12.789958090901258,
                  "7": 13.317552496666735,
                  "8": 0
            },
            "0": {
                  "mean_reward": 44.69653234529999
            },
            "1": {
                  "mean_reward": 23.014814225666004
            },
            "2": {
                  "mean_reward": 0.0
            },
            "3": {
                  "mean_reward": 0.0
            },
            "4": {
                  "mean_reward": 14.733666943863378
            },
            "5": {
                  "mean_reward": 0.0
            },
            "6": {
                  "mean_reward": 12.789958090901258
            },
            "7": {
                  "mean_reward": 13.317552496666735
            },
            "8": {
                  "mean_reward": 0.0
            }
      },
      "6": {
            "episode_duration": 49,
            "agents_reward_for_plot": {
                  "0": 40.892572145699994,
                  "1": 16.009197001289174,
                  "2": 0,
                  "3": 38.214679264186586,
                  "4": 27.304572884001264,
                  "5": 0,
                  "6": 0,
                  "7": 0,
                  "8": 0
            },
            "0": {
                  "mean_reward": 40.892572145699994
            },
            "1": {
                  "mean_reward": 16.009197001289174
            },
            "2": {
                  "mean_reward": 0.0
            },
            "3": {
                  "mean_reward": 38.214679264186586
            },
            "4": {
                  "mean_reward": 27.304572884001264
            },
            "5": {
                  "mean_reward": 0.0
            },
            "6": {
                  "mean_reward": 0.0
            },
            "7": {
                  "mean_reward": 0.0
            },
            "8": {
                  "mean_reward": 0.0
            }
      },
      "7": {
            "episode_duration": 49,
            "agents_reward_for_plot": {
                  "0": 40.892572145699994,
                  "1": 18.39003985222014,
                  "2": 17.889891266180374,
                  "3": 0,
                  "4": 9.947745181812088,
                  "5": 0,
                  "6": 0,