{
      "0": {
            "episode_duration": 74,
            "agents_reward_for_plot": {
                  "0": 18.080052227435672,
                  "1": -32.266256334163394,
                  "2": 0,
                  "3": -42.07750341623185,
                  "4": -11.740735638749689,
                  "5": 0,
                  "6": -14.66681374878876,
                  "7": -9.597837797215128,
                  "8": 7.184885203111006
            },
            "0": {
                  "mean_reward": 18.080052227435672
            },
            "1": {
                  "mean_reward": -32.266256334163394
            },
            "2": {
                  "mean_reward": 0.0
            },
            "3": {
                  "mean_reward": -42.07750341623185
            },
            "4": {
                  "mean_reward": -11.740735638749689
            },
            "5": {
                  "mean_reward": 0.0
            },
            "6": {
                  "mean_reward": -14.66681374878876
            },
            "7": {
                  "mean_reward": -9.597837797215128
            },
            "8": {
                  "mean_reward": 7.184885203111006
            }
      },
      "1": {
            "episode_duration": 210,
            "agents_reward_for_plot": {
                  "0": -56.734068921851105,
                  "1": -65.31689176077184,
                  "2": -44.86426357508162,
                  "3": -74.45037911890414,
                  "4": -24.20373578976232,
                  "5": 0,
                  "6": -69.8805511399811,
                  "7": -2.7488432112688437,
                  "8": -2.639943749377866
            },
            "0": {
                  "mean_reward": -56.734068921851105
            },
            "1": {
                  "mean_reward": -65.31689176077184
            },
            "2": {
                  "mean_reward": -44.86426357508162
            },
            "3": {
                  "mean_reward": -74.45037911890414
            },
            "4": {
                  "mean_reward": -24.20373578976232
            },
            "5": {
                  "mean_reward": 0.0
            },
            "6": {
                  "mean_reward": -69.8805511399811
            },
            "7": {
                  "mean_reward": -2.7488432112688437
            },
            "8": {
                  "mean_reward": -2.639943749377866
            }
      },
      "2": {
            "episode_duration": 75,
            "agents_reward_for_plot": {
                  "0": 15.215840798399999,
                  "1": -29.35957124601557,
                  "2": -30.174645016929915,
                  "3": 0,
                  "4": -4.630343634896785,
                  "5": 3.5886526629913744,
                  "6": 0,
                  "7": 0,
                  "8": 0
            },
            "0": {
                  "mean_reward": 15.215840798399999
            },
            "1": {
                  "mean_reward": -29.35957124601557
            },
            "2": {
                  "mean_reward": -30.174645016929915
            },
            "3": {
                  "mean_reward": 0.0
            },
            "4": {
                  "mean_reward": -4.630343634896785
            },
            "5": {
                  "mean_reward": 3.5886526629913744
            },
            "6": {
                  "mean_reward": 0.0
            },
            "7": {
                  "mean_reward": 0.0
            },
            "8": {
                  "mean_reward": 0.0
            }
      },
      "3": {
            "episode_duration": 45,
            "agents_reward_for_plot": {
                  "0": 15.215840798399999,
                  "1": 3.968071418218277,
                  "2": 0,
                  "3": 0,
                  "4": 9.616104854047643,
                  "5": 0,
                  "6": 0,
                  "7": 0,
                  "8": 0
            },
            "0": {
                  "mean_reward": 15.215840798399999
            },
            "1": {
                  "mean_reward": 3.968071418218277
            },
            "2": {
                  "mean_reward": 0.0
            },
            "3": {
                  "mean_reward": 0.0
            },
            "4": {
                  "mean_reward": 9.616104854047643
            },
            "5": {
                  "mean_reward": 0.0
            },
            "6": {
                  "mean_reward": 0.0
            },
            "7": {
                  "mean_reward": 0.0
            },
            "8": {
                  "mean_reward": 0.0
            }
      },
      "4": {
            "episode_duration": 59,
            "agents_reward_for_plot": {
                  "0": -48.48632279315648,
                  "1": 2.7437977343458195,
                  "2": 0,
                  "3": -40.582041259835194,
                  "4": 21.841041921244162,
                  "5": 0,
                  "6": -39.488446034953554,
                  "7": 0,
                  "8": 0
            },
            "0": {
                  "mean_reward": -48.48632279315648
            },
            "1": {
                  "mean_reward": 2.7437977343458195
            },
            "2": {
                  "mean_reward": 0.0
            },
            "3": {
                  "mean_reward": -40.582041259835194
            },
            "4": {
                  "mean_reward": 21.841041921244162
            },
            "5": {
                  "mean_reward": 0.0
            },
            "6": {
                  "mean_reward": -39.488446034953554
            },
            "7": {
                  "mean_reward": 0.0
            },
            "8": {
                  "mean_reward": 0.0
            }
      },
      "5": {
            "episode_duration": 45,
            "agents_reward_for_plot": {
                  "0": 15.215840798399999,
                  "1": 3.968071418218277,
                  "2": 0,
                  "3": 0,
                  "4": 9.616104854047643,
                  "5": 0,
                  "6": 0,
                  "7": 0,
                  "8": 0
            },
            "0": {
                  "mean_reward": 15.215840798399999
            },
            "1": {
                  "mean_reward": 3.968071418218277
            },
            "2": {
                  "mean_reward": 0.0
            },
            "3": {
                  "mean_reward": 0.0
            },
            "4": {
                  "mean_reward": 9.616104854047643
            },
            "5": {
                  "mean_reward": 0.0
            },
            "6": {
                  "mean_reward": 0.0
            },
            "7": {
                  "mean_reward": 0.0
            },
            "8": {
                  "mean_reward": 0.0
            }
      },
      "6": {
            "episode_duration": 57,
            "agents_reward_for_plot": {
                  "0": 13.962055516611839,
                  "1": 3.8891067969957334,
                  "2": 0,
                  "3": -12.082515950174844,
                  "4": 2.824716940599969,
                  "5": 0,
                  "6": 0,
                  "7": 0,
                  "8": 0
            },
            "0": {
                  "mean_reward": 13.962055516611839
            },
            "1": {
                  "mean_reward": 3.8891067969957334
            },
            "2": {
                  "mean_reward": 0.0
            },
            "3": {
                  "mean_reward": -12.082515950174844
            },
            "4": {
                  "mean_reward": 2.824716940599969
            },
            "5": {
                  "mean_reward": 0.0
            },
            "6": {
                  "mean_reward": 0.0
            },
            "7": {
                  "mean_reward": 0.0
            },