{
      "0": {
            "episode_duration": 104,
            "agents_reward_for_plot": {
                  "0": 68.50958841883606,
                  "1": 44.97533642366977,
                  "2": 21.229521663117534,
                  "3": 35.71046914562034,
                  "4": 27.426170434379095,
                  "5": 0,
                  "6": 32.59430405544339,
                  "7": 28.96734366191239,
                  "8": 34.9174221139072
            },
            "0": {
                  "mean_reward": 68.50958841883606
            },
            "1": {
                  "mean_reward": 44.97533642366977
            },
            "2": {
                  "mean_reward": 21.229521663117534
            },
            "3": {
                  "mean_reward": 35.71046914562034
            },
            "4": {
                  "mean_reward": 27.426170434379095
            },
            "5": {
                  "mean_reward": 0.0
            },
            "6": {
                  "mean_reward": 32.59430405544339
            },
            "7": {
                  "mean_reward": 28.96734366191239
            },
            "8": {
                  "mean_reward": 34.9174221139072
            }
      },
      "1": {
            "episode_duration": 88,
            "agents_reward_for_plot": {
                  "0": 66.29373523084709,
                  "1": 50.791314153193944,
                  "2": 0,
                  "3": 25.88597987302972,
                  "4": 10.199714924991305,
                  "5": 0,
                  "6": 23.743483971088807,
                  "7": 20.819632847794193,
                  "8": 13.906865595110903
            },
            "0": {
                  "mean_reward": 66.29373523084709
            },
            "1": {
                  "mean_reward": 50.791314153193944
            },
            "2": {
                  "mean_reward": 0.0
            },
            "3": {
                  "mean_reward": 25.88597987302972
            },
            "4": {
                  "mean_reward": 10.199714924991305
            },
            "5": {
                  "mean_reward": 0.0
            },
            "6": {
                  "mean_reward": 23.743483971088807
            },
            "7": {
                  "mean_reward": 20.819632847794193
            },
            "8": {
                  "mean_reward": 13.906865595110903
            }
      },
      "2": {
            "episode_duration": 103,
            "agents_reward_for_plot": {
                  "0": 63.672646016665496,
                  "1": 41.86034093646418,
                  "2": 5.781295395874434,
                  "3": 35.267810810671236,
                  "4": 39.08245314007674,
                  "5": 0,
                  "6": 45.81515376248164,
                  "7": 50.74862351704974,
                  "8": 0
            },
            "0": {
                  "mean_reward": 63.672646016665496
            },
            "1": {
                  "mean_reward": 41.86034093646418
            },
            "2": {
                  "mean_reward": 5.781295395874434
            },
            "3": {
                  "mean_reward": 35.267810810671236
            },
            "4": {
                  "mean_reward": 39.08245314007674
            },
            "5": {
                  "mean_reward": 0.0
            },
            "6": {
                  "mean_reward": 45.81515376248164
            },
            "7": {
                  "mean_reward": 50.74862351704974
            },
            "8": {
                  "mean_reward": 0.0
            }
      },
      "3": {
            "episode_duration": 124,
            "agents_reward_for_plot": {
                  "0": 63.11169043474083,
                  "1": 51.2812030542441,
                  "2": 0,
                  "3": 58.2823195838366,
                  "4": 73.82160602019337,
                  "5": 0,
                  "6": 6.265676060863957,
                  "7": 0,
                  "8": 0
            },
            "0": {
                  "mean_reward": 63.11169043474083
            },
            "1": {
                  "mean_reward": 51.2812030542441
            },
            "2": {
                  "mean_reward": 0.0
            },
            "3": {
                  "mean_reward": 58.2823195838366
            },
            "4": {
                  "mean_reward": 73.82160602019337
            },
            "5": {
                  "mean_reward": 0.0
            },
            "6": {
                  "mean_reward": 6.265676060863957
            },
            "7": {
                  "mean_reward": 0.0
            },
            "8": {
                  "mean_reward": 0.0
            }
      },
      "4": {
            "episode_duration": 47,
            "agents_reward_for_plot": {
                  "0": 38.990592045899994,
                  "1": 17.127862831025734,
                  "2": 0,
                  "3": 0,
                  "4": 10.149724703409948,
                  "5": 0,
                  "6": 0,
                  "7": 0,
                  "8": 0
            },
            "0": {
                  "mean_reward": 38.990592045899994
            },
            "1": {
                  "mean_reward": 17.127862831025734
            },
            "2": {
                  "mean_reward": 0.0
            },
            "3": {
                  "mean_reward": 0.0
            },
            "4": {
                  "mean_reward": 10.149724703409948
            },
            "5": {
                  "mean_reward": 0.0
            },
            "6": {
                  "mean_reward": 0.0
            },
            "7": {
                  "mean_reward": 0.0
            },
            "8": {
                  "mean_reward": 0.0
            }
      },
      "5": {
            "episode_duration": 59,
            "agents_reward_for_plot": {
                  "0": 46.64540052450539,
                  "1": 21.515695985419818,
                  "2": 19.422738778942865,
                  "3": 0,
                  "4": 9.652221649760197,
                  "5": 0,
                  "6": 0,
                  "7": 0,
                  "8": 0
            },
            "0": {
                  "mean_reward": 46.64540052450539
            },
            "1": {
                  "mean_reward": 21.515695985419818
            },
            "2": {
                  "mean_reward": 19.422738778942865
            },
            "3": {
                  "mean_reward": 0.0
            },
            "4": {
                  "mean_reward": 9.652221649760197
            },
            "5": {
                  "mean_reward": 0.0
            },
            "6": {
                  "mean_reward": 0.0
            },
            "7": {
                  "mean_reward": 0.0
            },
            "8": {
                  "mean_reward": 0.0
            }
      },
      "6": {
            "episode_duration": 96,
            "agents_reward_for_plot": {
                  "0": 85.58910449099999,
                  "1": 29.929218954777596,
                  "2": 32.97119478564694,
                  "3": 55.693953403587194,
                  "4": 61.72022706913863,
                  "5": 36.715452201257484,
                  "6": 53.77721976603932,
                  "7": 58.58781110244355,
                  "8": 20.586540492189627
            },
            "0": {
                  "mean_reward": 85.58910449099999
            },
            "1": {
                  "mean_reward": 29.929218954777596
            },
            "2": {
                  "mean_reward": 32.97119478564694
            },
            "3": {
                  "mean_reward": 55.693953403587194
            },
            "4": {
                  "mean_reward": 61.72022706913863
            },
            "5": {
                  "mean_reward": 36.715452201257484
            },