{
      "0": {
            "episode_duration": 165,
            "agents_reward_for_plot": {
                  "0": 79.19836847441854,
                  "1": 64.2015184426908,
                  "2": 73.21806839827174,
                  "3": 35.77655272110698,
                  "4": 44.53380459689433,
                  "5": 70.97460072749817,
                  "6": 33.6650644967962,
                  "7": 13.097386398126769,
                  "8": 82.03710209659677
            },
            "0": {
                  "mean_reward": 79.19836847441854
            },
            "1": {
                  "mean_reward": 64.2015184426908
            },
            "2": {
                  "mean_reward": 73.21806839827174
            },
            "3": {
                  "mean_reward": 35.77655272110698
            },
            "4": {
                  "mean_reward": 44.53380459689433
            },
            "5": {
                  "mean_reward": 70.97460072749817
            },
            "6": {
                  "mean_reward": 33.6650644967962
            },
            "7": {
                  "mean_reward": 13.097386398126769
            },
            "8": {
                  "mean_reward": 82.03710209659677
            }
      },
      "1": {
            "episode_duration": 77,
            "agents_reward_for_plot": {
                  "0": 57.43981213141588,
                  "1": 30.91773554049871,
                  "2": 33.42740744070211,
                  "3": 18.89470893609697,
                  "4": 23.345894069431786,
                  "5": 0,
                  "6": 20.56357126671098,
                  "7": 22.292413499520883,
                  "8": 0
            },
            "0": {
                  "mean_reward": 57.43981213141588
            },
            "1": {
                  "mean_reward": 30.91773554049871
            },
            "2": {
                  "mean_reward": 33.42740744070211
            },
            "3": {
                  "mean_reward": 18.89470893609697
            },
            "4": {
                  "mean_reward": 23.345894069431786
            },
            "5": {
                  "mean_reward": 0.0
            },
            "6": {
                  "mean_reward": 20.56357126671098
            },
            "7": {
                  "mean_reward": 22.292413499520883
            },
            "8": {
                  "mean_reward": 0.0
            }
      },
      "2": {
            "episode_duration": 49,
            "agents_reward_for_plot": {
                  "0": 39.165669314086585,
                  "1": 17.889891266180374,
                  "2": 0,
                  "3": 0,
                  "4": 10.672725517769942,
                  "5": 0,
                  "6": 0,
                  "7": 0,
                  "8": 0
            },
            "0": {
                  "mean_reward": 39.165669314086585
            },
            "1": {
                  "mean_reward": 17.889891266180374
            },
            "2": {
                  "mean_reward": 0.0
            },
            "3": {
                  "mean_reward": 0.0
            },
            "4": {
                  "mean_reward": 10.672725517769942
            },
            "5": {
                  "mean_reward": 0.0
            },
            "6": {
                  "mean_reward": 0.0
            },
            "7": {
                  "mean_reward": 0.0
            },
            "8": {
                  "mean_reward": 0.0
            }
      },
      "3": {
            "episode_duration": 149,
            "agents_reward_for_plot": {
                  "0": 100.02538454917153,
                  "1": 52.67069447908636,
                  "2": 50.406007500490496,
                  "3": 86.01494945805491,
                  "4": 76.06974728022357,
                  "5": 55.0789932597026,
                  "6": 92.80167383067547,
                  "7": 28.875946133189984,
                  "8": 24.776980268033288
            },
            "0": {
                  "mean_reward": 100.02538454917153
            },
            "1": {
                  "mean_reward": 52.67069447908636
            },
            "2": {
                  "mean_reward": 50.406007500490496
            },
            "3": {
                  "mean_reward": 86.01494945805491
            },
            "4": {
                  "mean_reward": 76.06974728022357
            },
            "5": {
                  "mean_reward": 55.0789932597026
            },
            "6": {
                  "mean_reward": 92.80167383067547
            },
            "7": {
                  "mean_reward": 28.875946133189984
            },
            "8": {
                  "mean_reward": 24.776980268033288
            }
      },
      "4": {
            "episode_duration": 77,
            "agents_reward_for_plot": {
                  "0": 57.62071285886129,
                  "1": 21.023965930325183,
                  "2": 14.16282189141349,
                  "3": 56.07591757079008,
                  "4": 35.23452439105783,
                  "5": 0,
                  "6": 58.0243761913859,
                  "7": 0,
                  "8": 0
            },
            "0": {
                  "mean_reward": 57.62071285886129
            },
            "1": {
                  "mean_reward": 21.023965930325183
            },
            "2": {
                  "mean_reward": 14.16282189141349
            },
            "3": {
                  "mean_reward": 56.07591757079008
            },
            "4": {
                  "mean_reward": 35.23452439105783
            },
            "5": {
                  "mean_reward": 0.0
            },
            "6": {
                  "mean_reward": 58.0243761913859
            },
            "7": {
                  "mean_reward": 0.0
            },
            "8": {
                  "mean_reward": 0.0
            }
      },
      "5": {
            "episode_duration": 162,
            "agents_reward_for_plot": {
                  "0": 95.53916550056987,
                  "1": 19.922392564586538,
                  "2": 20.17504040512751,
                  "3": 73.78304976883011,
                  "4": 90.27577242335624,
                  "5": 73.84964611260673,
                  "6": 41.54235948895944,
                  "7": 70.55030467365071,
                  "8": 69.31593307064205
            },
            "0": {
                  "mean_reward": 95.53916550056987
            },
            "1": {
                  "mean_reward": 19.922392564586538
            },
            "2": {
                  "mean_reward": 20.17504040512751
            },
            "3": {
                  "mean_reward": 73.78304976883011
            },
            "4": {
                  "mean_reward": 90.27577242335624
            },
            "5": {
                  "mean_reward": 73.84964611260673
            },
            "6": {
                  "mean_reward": 41.54235948895944
            },
            "7": {
                  "mean_reward": 70.55030467365071
            },
            "8": {
                  "mean_reward": 69.31593307064205
            }
      },
      "6": {
            "episode_duration": 66,
            "agents_reward_for_plot": {
                  "0": 45.855284514470284,
                  "1": 25.787072833815014,
                  "2": 8.385384090526253,
                  "3": 37.581891521779596,
                  "4": 11.85964259410547,
                  "5": 0,
                  "6": 0,
                  "7": 0,
                  "8": 0
            },
            "0": {
                  "mean_reward": 45.855284514470284
            },
            "1": {
                  "mean_reward": 25.787072833815014
            },
            "2": {
                  "mean_reward": 8.385384090526253
            },
            "3": {
                  "mean_reward": 37.581891521779596
            },