{
      "0": {
            "episode_duration": 152,
            "agents_reward_for_plot": {
                  "0": -102.46107010884114,
                  "1": -15.443268147558744,
                  "2": -26.1543440645022,
                  "3": -81.05592587311777,
                  "4": -74.78565337500436,
                  "5": -55.345720359846965,
                  "6": -66.45755569791275,
                  "7": -72.08904084479587,
                  "8": -58.984590208068695
            },
            "0": {
                  "mean_reward": -102.46107010884114
            },
            "1": {
                  "mean_reward": -15.443268147558744
            },
            "2": {
                  "mean_reward": -26.1543440645022
            },
            "3": {
                  "mean_reward": -81.05592587311777
            },
            "4": {
                  "mean_reward": -74.78565337500436
            },
            "5": {
                  "mean_reward": -55.345720359846965
            },
            "6": {
                  "mean_reward": -66.45755569791275
            },
            "7": {
                  "mean_reward": -72.08904084479587
            },
            "8": {
                  "mean_reward": -58.984590208068695
            }
      },
      "1": {
            "episode_duration": 59,
            "agents_reward_for_plot": {
                  "0": 15.215840798399999,
                  "1": 0.5926749063799113,
                  "2": -25.66810486017184,
                  "3": -12.724046249264632,
                  "4": 4.216225516279325,
                  "5": 0,
                  "6": 0,
                  "7": 0,
                  "8": 0
            },
            "0": {
                  "mean_reward": 15.215840798399999
            },
            "1": {
                  "mean_reward": 0.5926749063799113
            },
            "2": {
                  "mean_reward": -25.66810486017184
            },
            "3": {
                  "mean_reward": -12.724046249264632
            },
            "4": {
                  "mean_reward": 4.216225516279325
            },
            "5": {
                  "mean_reward": 0.0
            },
            "6": {
                  "mean_reward": 0.0
            },
            "7": {
                  "mean_reward": 0.0
            },
            "8": {
                  "mean_reward": 0.0
            }
      },
      "2": {
            "episode_duration": 57,
            "agents_reward_for_plot": {
                  "0": 15.215840798399999,
                  "1": -2.5690867024363135,
                  "2": -20.59461238440125,
                  "3": 0,
                  "4": 8.523569867463866,
                  "5": 0,
                  "6": 0,
                  "7": 0,
                  "8": 0
            },
            "0": {
                  "mean_reward": 15.215840798399999
            },
            "1": {
                  "mean_reward": -2.5690867024363135
            },
            "2": {
                  "mean_reward": -20.59461238440125
            },
            "3": {
                  "mean_reward": 0.0
            },
            "4": {
                  "mean_reward": 8.523569867463866
            },
            "5": {
                  "mean_reward": 0.0
            },
            "6": {
                  "mean_reward": 0.0
            },
            "7": {
                  "mean_reward": 0.0
            },
            "8": {
                  "mean_reward": 0.0
            }
      },
      "3": {
            "episode_duration": 80,
            "agents_reward_for_plot": {
                  "0": 22.68756174171596,
                  "1": -41.213256789092185,
                  "2": 0,
                  "3": -20.60182654812937,
                  "4": -3.835504918696416,
                  "5": 0,
                  "6": -13.20315728457298,
                  "7": -11.878603368699752,
                  "8": 0
            },
            "0": {
                  "mean_reward": 22.68756174171596
            },
            "1": {
                  "mean_reward": -41.213256789092185
            },
            "2": {
                  "mean_reward": 0.0
            },
            "3": {
                  "mean_reward": -20.60182654812937
            },
            "4": {
                  "mean_reward": -3.835504918696416
            },
            "5": {
                  "mean_reward": 0.0
            },
            "6": {
                  "mean_reward": -13.20315728457298
            },
            "7": {
                  "mean_reward": -11.878603368699752
            },
            "8": {
                  "mean_reward": 0.0
            }
      },
      "4": {
            "episode_duration": 55,
            "agents_reward_for_plot": {
                  "0": 13.962055516611839,
                  "1": -1.8560968528026525,
                  "2": -18.35249231072984,
                  "3": 0,
                  "4": 8.696632861405844,
                  "5": 0,
                  "6": 0,
                  "7": 0,
                  "8": 0
            },
            "0": {
                  "mean_reward": 13.962055516611839
            },
            "1": {
                  "mean_reward": -1.8560968528026525
            },
            "2": {
                  "mean_reward": -18.35249231072984
            },
            "3": {
                  "mean_reward": 0.0
            },
            "4": {
                  "mean_reward": 8.696632861405844
            },
            "5": {
                  "mean_reward": 0.0
            },
            "6": {
                  "mean_reward": 0.0
            },
            "7": {
                  "mean_reward": 0.0
            },
            "8": {
                  "mean_reward": 0.0
            }
      },
      "5": {
            "episode_duration": 113,
            "agents_reward_for_plot": {
                  "0": -26.174337134897822,
                  "1": -34.84281613649337,
                  "2": -62.77762654386959,
                  "3": -37.43036603416482,
                  "4": -23.753156053786324,
                  "5": 0,
                  "6": -22.186512425897593,
                  "7": -23.41862658582983,
                  "8": 0
            },
            "0": {
                  "mean_reward": -26.174337134897822
            },
            "1": {
                  "mean_reward": -34.84281613649337
            },
            "2": {
                  "mean_reward": -62.77762654386959
            },
            "3": {
                  "mean_reward": -37.43036603416482
            },
            "4": {
                  "mean_reward": -23.753156053786324
            },
            "5": {
                  "mean_reward": 0.0
            },
            "6": {
                  "mean_reward": -22.186512425897593
            },
            "7": {
                  "mean_reward": -23.41862658582983
            },
            "8": {
                  "mean_reward": 0.0
            }
      },
      "6": {
            "episode_duration": 67,
            "agents_reward_for_plot": {
                  "0": 15.215840798399999,
                  "1": 3.968071418218277,
                  "2": 0,
                  "3": -22.00476278548409,
                  "4": -7.8251440379343915,
                  "5": 0,
                  "6": -16.50808163081397,
                  "7": -19.111528660290833,
                  "8": 0
            },
            "0": {
                  "mean_reward": 15.215840798399999
            },
            "1": {
                  "mean_reward": 3.968071418218277
            },
            "2": {
                  "mean_reward": 0.0
            },
            "3": {
                  "mean_reward": -22.00476278548409
            },
            "4": {
                  "mean_reward": -7.8251440379343915
            },
            "5": {
                  "mean_reward": 0.0
            },