{
      "0": {
            "episode_duration": 133,
            "agents_reward_for_plot": {
                  "0": 120.77573633729999,
                  "1": 49.70383990179572,
                  "2": 57.83809586420425,
                  "3": 79.7270843285134,
                  "4": 71.18038488022532,
                  "5": 65.09085999465498,
                  "6": 61.24587222248745,
                  "7": 64.86916127978988,
                  "8": 60.13492019971025
            },
            "0": {
                  "mean_reward": 120.77573633729999
            },
            "1": {
                  "mean_reward": 49.70383990179572
            },
            "2": {
                  "mean_reward": 57.83809586420425
            },
            "3": {
                  "mean_reward": 79.7270843285134
            },
            "4": {
                  "mean_reward": 71.18038488022532
            },
            "5": {
                  "mean_reward": 65.09085999465498
            },
            "6": {
                  "mean_reward": 61.24587222248745
            },
            "7": {
                  "mean_reward": 64.86916127978988
            },
            "8": {
                  "mean_reward": 60.13492019971025
            }
      },
      "1": {
            "episode_duration": 134,
            "agents_reward_for_plot": {
                  "0": 78.365528310551,
                  "1": 42.31394420071297,
                  "2": 13.965415368139634,
                  "3": 60.614574278451116,
                  "4": 67.52137640443024,
                  "5": 0,
                  "6": 71.64956549018581,
                  "7": 90.61902026569278,
                  "8": 0
            },
            "0": {
                  "mean_reward": 78.365528310551
            },
            "1": {
                  "mean_reward": 42.31394420071297
            },
            "2": {
                  "mean_reward": 13.965415368139634
            },
            "3": {
                  "mean_reward": 60.614574278451116
            },
            "4": {
                  "mean_reward": 67.52137640443024
            },
            "5": {
                  "mean_reward": 0.0
            },
            "6": {
                  "mean_reward": 71.64956549018581
            },
            "7": {
                  "mean_reward": 90.61902026569278
            },
            "8": {
                  "mean_reward": 0.0
            }
      },
      "2": {
            "episode_duration": 95,
            "agents_reward_for_plot": {
                  "0": 72.18171330743895,
                  "1": 0,
                  "2": 13.005911493729538,
                  "3": 69.11040808901107,
                  "4": 33.699785097676546,
                  "5": 22.146849680648725,
                  "6": 57.15634200692079,
                  "7": 43.14470143807129,
                  "8": 30.95107175131865
            },
            "0": {
                  "mean_reward": 72.18171330743895
            },
            "1": {
                  "mean_reward": 0.0
            },
            "2": {
                  "mean_reward": 13.005911493729538
            },
            "3": {
                  "mean_reward": 69.11040808901107
            },
            "4": {
                  "mean_reward": 33.699785097676546
            },
            "5": {
                  "mean_reward": 22.146849680648725
            },
            "6": {
                  "mean_reward": 57.15634200692079
            },
            "7": {
                  "mean_reward": 43.14470143807129
            },
            "8": {
                  "mean_reward": 30.95107175131865
            }
      },
      "3": {
            "episode_duration": 45,
            "agents_reward_for_plot": {
                  "0": 37.088611946099995,
                  "1": 16.665899956516764,
                  "2": 0,
                  "3": 0,
                  "4": 10.355805227435923,
                  "5": 0,
                  "6": 0,
                  "7": 0,
                  "8": 0
            },
            "0": {
                  "mean_reward": 37.088611946099995
            },
            "1": {
                  "mean_reward": 16.665899956516764
            },
            "2": {
                  "mean_reward": 0.0
            },
            "3": {
                  "mean_reward": 0.0
            },
            "4": {
                  "mean_reward": 10.355805227435923
            },
            "5": {
                  "mean_reward": 0.0
            },
            "6": {
                  "mean_reward": 0.0
            },
            "7": {
                  "mean_reward": 0.0
            },
            "8": {
                  "mean_reward": 0.0
            }
      },
      "4": {
            "episode_duration": 58,
            "agents_reward_for_plot": {
                  "0": 42.84107247831311,
                  "1": 25.68389778441635,
                  "2": 0,
                  "3": 12.163122883085096,
                  "4": 9.749718838141614,
                  "5": 0,
                  "6": 0,
                  "7": 0,
                  "8": 0
            },
            "0": {
                  "mean_reward": 42.84107247831311
            },
            "1": {
                  "mean_reward": 25.68389778441635
            },
            "2": {
                  "mean_reward": 0.0
            },
            "3": {
                  "mean_reward": 12.163122883085096
            },
            "4": {
                  "mean_reward": 9.749718838141614
            },
            "5": {
                  "mean_reward": 0.0
            },
            "6": {
                  "mean_reward": 0.0
            },
            "7": {
                  "mean_reward": 0.0
            },
            "8": {
                  "mean_reward": 0.0
            }
      },
      "5": {
            "episode_duration": 53,
            "agents_reward_for_plot": {
                  "0": 37.39475602151589,
                  "1": 17.665398905783658,
                  "2": 0,
                  "3": 41.942940655814546,
                  "4": 9.555764330145417,
                  "5": 0,
                  "6": 0,
                  "7": 0,
                  "8": 0
            },
            "0": {
                  "mean_reward": 37.39475602151589
            },
            "1": {
                  "mean_reward": 17.665398905783658
            },
            "2": {
                  "mean_reward": 0.0
            },
            "3": {
                  "mean_reward": 41.942940655814546
            },
            "4": {
                  "mean_reward": 9.555764330145417
            },
            "5": {
                  "mean_reward": 0.0
            },
            "6": {
                  "mean_reward": 0.0
            },
            "7": {
                  "mean_reward": 0.0
            },
            "8": {
                  "mean_reward": 0.0
            }
      },
      "6": {
            "episode_duration": 122,
            "agents_reward_for_plot": {
                  "0": 67.8001245960622,
                  "1": 25.45935864997066,
                  "2": 0,
                  "3": 53.940292461921445,
                  "4": 40.13570402432781,
                  "5": 0,
                  "6": 62.78825395082801,
                  "7": 43.10443350964746,
                  "8": 0
            },
            "0": {
                  "mean_reward": 67.8001245960622
            },
            "1": {
                  "mean_reward": 25.45935864997066
            },
            "2": {
                  "mean_reward": 0.0
            },
            "3": {
                  "mean_reward": 53.940292461921445
            },
            "4": {
                  "mean_reward": 40.13570402432781
            },
            "5": {
                  "mean_reward": 0.0
            },
            "6": {
                  "mean_reward": 62.78825395082801
            },