{
      "0": {
            "episode_duration": 93,
            "agents_reward_for_plot": {
                  "0": -18.215857201658082,
                  "1": -29.03205421626921,
                  "2": -43.2289137649947,
                  "3": -13.235653765497876,
                  "4": -4.519102812777783,
                  "5": -21.630306526171612,
                  "6": 0,
                  "7": 0,
                  "8": 0
            },
            "0": {
                  "mean_reward": -18.215857201658082
            },
            "1": {
                  "mean_reward": -29.03205421626921
            },
            "2": {
                  "mean_reward": -43.2289137649947
            },
            "3": {
                  "mean_reward": -13.235653765497876
            },
            "4": {
                  "mean_reward": -4.519102812777783
            },
            "5": {
                  "mean_reward": -21.630306526171612
            },
            "6": {
                  "mean_reward": 0.0
            },
            "7": {
                  "mean_reward": 0.0
            },
            "8": {
                  "mean_reward": 0.0
            }
      },
      "1": {
            "episode_duration": 109,
            "agents_reward_for_plot": {
                  "0": -97.9519751397,
                  "1": 2.5499287312478263,
                  "2": 0,
                  "3": -70.88580124394113,
                  "4": -4.181287439455289,
                  "5": -29.929218954777596,
                  "6": -57.33164338216758,
                  "7": -54.15873141249672,
                  "8": -55.2770479278955
            },
            "0": {
                  "mean_reward": -97.9519751397
            },
            "1": {
                  "mean_reward": 2.5499287312478263
            },
            "2": {
                  "mean_reward": 0.0
            },
            "3": {
                  "mean_reward": -70.88580124394113
            },
            "4": {
                  "mean_reward": -4.181287439455289
            },
            "5": {
                  "mean_reward": -29.929218954777596
            },
            "6": {
                  "mean_reward": -57.33164338216758
            },
            "7": {
                  "mean_reward": -54.15873141249672
            },
            "8": {
                  "mean_reward": -55.2770479278955
            }
      },
      "2": {
            "episode_duration": 118,
            "agents_reward_for_plot": {
                  "0": -103.47817831966888,
                  "1": -45.80535499659871,
                  "2": -53.29654207559985,
                  "3": -77.2704902827788,
                  "4": -76.85869054637725,
                  "5": -41.23093988010277,
                  "6": -12.776092628320665,
                  "7": -44.94687220543422,
                  "8": -45.59029606990248
            },
            "0": {
                  "mean_reward": -103.47817831966888
            },
            "1": {
                  "mean_reward": -45.80535499659871
            },
            "2": {
                  "mean_reward": -53.29654207559985
            },
            "3": {
                  "mean_reward": -77.2704902827788
            },
            "4": {
                  "mean_reward": -76.85869054637725
            },
            "5": {
                  "mean_reward": -41.23093988010277
            },
            "6": {
                  "mean_reward": -12.776092628320665
            },
            "7": {
                  "mean_reward": -44.94687220543422
            },
            "8": {
                  "mean_reward": -45.59029606990248
            }
      },
      "3": {
            "episode_duration": 49,
            "agents_reward_for_plot": {
                  "0": 15.215840798399999,
                  "1": 3.968071418218277,
                  "2": 0,
                  "3": 0,
                  "4": 7.0180908343749575,
                  "5": 0,
                  "6": 0,
                  "7": -11.599685375325654,
                  "8": 0
            },
            "0": {
                  "mean_reward": 15.215840798399999
            },
            "1": {
                  "mean_reward": 3.968071418218277
            },
            "2": {
                  "mean_reward": 0.0
            },
            "3": {
                  "mean_reward": 0.0
            },
            "4": {
                  "mean_reward": 7.0180908343749575
            },
            "5": {
                  "mean_reward": 0.0
            },
            "6": {
                  "mean_reward": 0.0
            },
            "7": {
                  "mean_reward": -11.599685375325654
            },
            "8": {
                  "mean_reward": 0.0
            }
      },
      "4": {
            "episode_duration": 77,
            "agents_reward_for_plot": {
                  "0": -24.453048530956483,
                  "1": -36.55859734634303,
                  "2": -30.52118141067485,
                  "3": 0,
                  "4": 6.971486927693404,
                  "5": -16.217497177446795,
                  "6": 0,
                  "7": 2.8767737498846424,
                  "8": -17.283014780868626
            },
            "0": {
                  "mean_reward": -24.453048530956483
            },
            "1": {
                  "mean_reward": -36.55859734634303
            },
            "2": {
                  "mean_reward": -30.52118141067485
            },
            "3": {
                  "mean_reward": 0.0
            },
            "4": {
                  "mean_reward": 6.971486927693404
            },
            "5": {
                  "mean_reward": -16.217497177446795
            },
            "6": {
                  "mean_reward": 0.0
            },
            "7": {
                  "mean_reward": 2.8767737498846424
            },
            "8": {
                  "mean_reward": -17.283014780868626
            }
      },
      "5": {
            "episode_duration": 81,
            "agents_reward_for_plot": {
                  "0": -71.32425374249999,
                  "1": 3.3114102049199174,
                  "2": 0,
                  "3": -51.54671954878268,
                  "4": 6.422172797282274,
                  "5": 0,
                  "6": -58.590169576425076,
                  "7": -50.30277380520602,
                  "8": 0
            },
            "0": {
                  "mean_reward": -71.32425374249999
            },
            "1": {
                  "mean_reward": 3.3114102049199174
            },
            "2": {
                  "mean_reward": 0.0
            },
            "3": {
                  "mean_reward": -51.54671954878268
            },
            "4": {
                  "mean_reward": 6.422172797282274
            },
            "5": {
                  "mean_reward": 0.0
            },
            "6": {
                  "mean_reward": -58.590169576425076
            },
            "7": {
                  "mean_reward": -50.30277380520602
            },
            "8": {
                  "mean_reward": 0.0
            }
      },
      "6": {
            "episode_duration": 45,
            "agents_reward_for_plot": {
                  "0": 15.215840798399999,
                  "1": 3.968071418218277,
                  "2": 0,
                  "3": 0,
                  "4": 9.616104854047643,
                  "5": 0,
                  "6": 0,
                  "7": 0,
                  "8": 0
            },
            "0": {
                  "mean_reward": 15.215840798399999
            },
            "1": {
                  "mean_reward": 3.968071418218277
            },
            "2": {
                  "mean_reward": 0.0
            },
            "3": {
                  "mean_reward": 0.0
            },
            "4": {
                  "mean_reward": 9.616104854047643
            },