{
      "0": {
            "episode_duration": 108,
            "agents_reward_for_plot": {
                  "0": 22.21520814400388,
                  "1": -42.08515560697679,
                  "2": -48.17424633802963,
                  "3": -29.91844699880028,
                  "4": 10.210486737302926,
                  "5": -43.73790606119498,
                  "6": 0,
                  "7": 0,
                  "8": -53.84436278192674
            },
            "0": {
                  "mean_reward": 22.21520814400388
            },
            "1": {
                  "mean_reward": -42.08515560697679
            },
            "2": {
                  "mean_reward": -48.17424633802963
            },
            "3": {
                  "mean_reward": -29.91844699880028
            },
            "4": {
                  "mean_reward": 10.210486737302926
            },
            "5": {
                  "mean_reward": -43.73790606119498
            },
            "6": {
                  "mean_reward": 0.0
            },
            "7": {
                  "mean_reward": 0.0
            },
            "8": {
                  "mean_reward": -53.84436278192674
            }
      },
      "1": {
            "episode_duration": 230,
            "agents_reward_for_plot": {
                  "0": -67.77710045922214,
                  "1": -57.234824419156894,
                  "2": 0,
                  "3": -78.36755132157398,
                  "4": -65.2502281126958,
                  "5": -135.47612338606353,
                  "6": -83.08406433189805,
                  "7": -82.1774771963566,
                  "8": -12.825687526264472
            },
            "0": {
                  "mean_reward": -67.77710045922214
            },
            "1": {
                  "mean_reward": -57.234824419156894
            },
            "2": {
                  "mean_reward": 0.0
            },
            "3": {
                  "mean_reward": -78.36755132157398
            },
            "4": {
                  "mean_reward": -65.2502281126958
            },
            "5": {
                  "mean_reward": -135.47612338606353
            },
            "6": {
                  "mean_reward": -83.08406433189805
            },
            "7": {
                  "mean_reward": -82.1774771963566
            },
            "8": {
                  "mean_reward": -12.825687526264472
            }
      },
      "2": {
            "episode_duration": 71,
            "agents_reward_for_plot": {
                  "0": 30.431681596799997,
                  "1": -37.2998713312518,
                  "2": -32.17421994134169,
                  "3": 0,
                  "4": -13.580383100730335,
                  "5": -19.039887611014333,
                  "6": 0,
                  "7": -5.8560385523918885,
                  "8": 1.05783827261026
            },
            "0": {
                  "mean_reward": 30.431681596799997
            },
            "1": {
                  "mean_reward": -37.2998713312518
            },
            "2": {
                  "mean_reward": -32.17421994134169
            },
            "3": {
                  "mean_reward": 0.0
            },
            "4": {
                  "mean_reward": -13.580383100730335
            },
            "5": {
                  "mean_reward": -19.039887611014333
            },
            "6": {
                  "mean_reward": 0.0
            },
            "7": {
                  "mean_reward": -5.8560385523918885
            },
            "8": {
                  "mean_reward": 1.05783827261026
            }
      },
      "3": {
            "episode_duration": 59,
            "agents_reward_for_plot": {
                  "0": 30.431681596799997,
                  "1": -26.461719143815497,
                  "2": -20.18508149328997,
                  "3": 0,
                  "4": 16.707901654202672,
                  "5": 6.191043163691209,
                  "6": 0,
                  "7": 0,
                  "8": 0
            },
            "0": {
                  "mean_reward": 30.431681596799997
            },
            "1": {
                  "mean_reward": -26.461719143815497
            },
            "2": {
                  "mean_reward": -20.18508149328997
            },
            "3": {
                  "mean_reward": 0.0
            },
            "4": {
                  "mean_reward": 16.707901654202672
            },
            "5": {
                  "mean_reward": 6.191043163691209
            },
            "6": {
                  "mean_reward": 0.0
            },
            "7": {
                  "mean_reward": 0.0
            },
            "8": {
                  "mean_reward": 0.0
            }
      },
      "4": {
            "episode_duration": 55,
            "agents_reward_for_plot": {
                  "0": 30.431681596799997,
                  "1": 0.8897019708227631,
                  "2": -20.219466432036153,
                  "3": 0,
                  "4": 17.393265722811687,
                  "5": 0,
                  "6": 0,
                  "7": 0,
                  "8": 0
            },
            "0": {
                  "mean_reward": 30.431681596799997
            },
            "1": {
                  "mean_reward": 0.8897019708227631
            },
            "2": {
                  "mean_reward": -20.219466432036153
            },
            "3": {
                  "mean_reward": 0.0
            },
            "4": {
                  "mean_reward": 17.393265722811687
            },
            "5": {
                  "mean_reward": 0.0
            },
            "6": {
                  "mean_reward": 0.0
            },
            "7": {
                  "mean_reward": 0.0
            },
            "8": {
                  "mean_reward": 0.0
            }
      },
      "5": {
            "episode_duration": 77,
            "agents_reward_for_plot": {
                  "0": 30.431681596799997,
                  "1": 1.767733711038387,
                  "2": -36.657252507331265,
                  "3": 0,
                  "4": -22.99545216471976,
                  "5": 0,
                  "6": -14.836200780773522,
                  "7": -16.739788576297585,
                  "8": 13.942973855386809
            },
            "0": {
                  "mean_reward": 30.431681596799997
            },
            "1": {
                  "mean_reward": 1.767733711038387
            },
            "2": {
                  "mean_reward": -36.657252507331265
            },
            "3": {
                  "mean_reward": 0.0
            },
            "4": {
                  "mean_reward": -22.99545216471976
            },
            "5": {
                  "mean_reward": 0.0
            },
            "6": {
                  "mean_reward": -14.836200780773522
            },
            "7": {
                  "mean_reward": -16.739788576297585
            },
            "8": {
                  "mean_reward": 13.942973855386809
            }
      },
      "6": {
            "episode_duration": 49,
            "agents_reward_for_plot": {
                  "0": 30.431681596799997,
                  "1": 6.984599310347812,
                  "2": 0,
                  "3": 0,
                  "4": 17.749403573121743,
                  "5": 0,
                  "6": 0,
                  "7": 0,
                  "8": 0
            },
            "0": {
                  "mean_reward": 30.431681596799997
            },
            "1": {
                  "mean_reward": 6.984599310347812
            },
            "2": {
                  "mean_reward": 0.0
            },
            "3": {
                  "mean_reward": 0.0
            },
            "4": {
                  "mean_reward": 17.749403573121743
            },
            "5": {
                  "mean_reward": 0.0
            },