{
      "0": {
            "episode_duration": 315,
            "agents_reward_for_plot": {
                  "0": -510.07049933580305,
                  "1": -102.4982360845996,
                  "2": -216.2300725512261,
                  "3": -82.27067333361539,
                  "4": -10.031855672714292,
                  "5": -80.28198853090059,
                  "6": -5.396460187588443,
                  "7": -5.695527430840816,
                  "8": -4.357325783946277
            },
            "0": {
                  "mean_reward": -22.193548387096776
            },
            "1": {
                  "mean_reward": -6.444444444444445
            },
            "2": {
                  "mean_reward": -14.772727272727273
            },
            "3": {
                  "mean_reward": -4.4411764705882355
            },
            "4": {
                  "mean_reward": -2.0384615384615383
            },
            "5": {
                  "mean_reward": -11.363636363636363
            },
            "6": {
                  "mean_reward": -1.4736842105263157
            },
            "7": {
                  "mean_reward": -1.9375
            },
            "8": {
                  "mean_reward": -1.4
            }
      },
      "1": {
            "episode_duration": 283,
            "agents_reward_for_plot": {
                  "0": -553.3026360370761,
                  "1": -78.08669205277613,
                  "2": -127.25486685292923,
                  "3": -371.1547164209595,
                  "4": -8.547694413221738,
                  "5": -68.87444638517411,
                  "6": -190.35372680090362,
                  "7": -7.72405961623793,
                  "8": -2.949407501526623
            },
            "0": {
                  "mean_reward": -26.29032258064516
            },
            "1": {
                  "mean_reward": -7.470588235294118
            },
            "2": {
                  "mean_reward": -15.357142857142858
            },
            "3": {
                  "mean_reward": -19.03125
            },
            "4": {
                  "mean_reward": -2.933333333333333
            },
            "5": {
                  "mean_reward": -11.545454545454545
            },
            "6": {
                  "mean_reward": -14.391304347826088
            },
            "7": {
                  "mean_reward": -2.533333333333333
            },
            "8": {
                  "mean_reward": -1.6666666666666667
            }
      },
      "2": {
            "episode_duration": 286,
            "agents_reward_for_plot": {
                  "0": -582.0721196749339,
                  "1": -85.14489417171642,
                  "2": -71.51337465714846,
                  "3": -312.9892590779954,
                  "4": -320.3003538317206,
                  "5": -88.62637771172959,
                  "6": -214.80478117347803,
                  "7": -67.18951555766235,
                  "8": -3.5075763138287033
            },
            "0": {
                  "mean_reward": -24.65625
            },
            "1": {
                  "mean_reward": -6.619047619047619
            },
            "2": {
                  "mean_reward": -9.538461538461538
            },
            "3": {
                  "mean_reward": -15.4
            },
            "4": {
                  "mean_reward": -18.08
            },
            "5": {
                  "mean_reward": -10.538461538461538
            },
            "6": {
                  "mean_reward": -19.41176470588235
            },
            "7": {
                  "mean_reward": -11.090909090909092
            },
            "8": {
                  "mean_reward": -1.375
            }
      },
      "3": {
            "episode_duration": 300,
            "agents_reward_for_plot": {
                  "0": -436.3107742166401,
                  "1": -171.50633795406742,
                  "2": -140.85031170812516,
                  "3": -250.4346324036795,
                  "4": -75.50939361316783,
                  "5": -70.57533528898325,
                  "6": -74.01988334839076,
                  "7": -8.27734585951093,
                  "8": -5.291733543769237
            },
            "0": {
                  "mean_reward": -22.185185185185187
            },
            "1": {
                  "mean_reward": -12.421052631578947
            },
            "2": {
                  "mean_reward": -19.545454545454547
            },
            "3": {
                  "mean_reward": -14.73076923076923
            },
            "4": {
                  "mean_reward": -6.173913043478261
            },
            "5": {
                  "mean_reward": -7.0588235294117645
            },
            "6": {
                  "mean_reward": -6.6
            },
            "7": {
                  "mean_reward": -2.0
            },
            "8": {
                  "mean_reward": -1.4285714285714286
            }
      },
      "4": {
            "episode_duration": 276,
            "agents_reward_for_plot": {
                  "0": -754.4989067334261,
                  "1": -315.0247502284458,
                  "2": -6.647542484931987,
                  "3": -71.82044733789552,
                  "4": -577.8195823147236,
                  "5": -88.56048942425662,
                  "6": -8.124084165138997,
                  "7": -120.40411623633992,
                  "8": -2.024384400875383
            },
            "0": {
                  "mean_reward": -38.464285714285715
            },
            "1": {
                  "mean_reward": -18.8
            },
            "2": {
                  "mean_reward": -2.1818181818181817
            },
            "3": {
                  "mean_reward": -8.875
            },
            "4": {
                  "mean_reward": -34.48
            },
            "5": {
                  "mean_reward": -9.76923076923077
            },
            "6": {
                  "mean_reward": -2.2142857142857144
            },
            "7": {
                  "mean_reward": -13.666666666666666
            },
            "8": {
                  "mean_reward": -1.5
            }
      },
      "5": {
            "episode_duration": 282,
            "agents_reward_for_plot": {
                  "0": -632.6933803154897,
                  "1": -66.09157259478953,
                  "2": -2.0268115722697266,
                  "3": -304.57028360827286,
                  "4": -77.28153098393541,
                  "5": -2.848375835591937,
                  "6": -291.96819976195985,
                  "7": -204.11995134273468,
                  "8": -3.7240592108046378
            },
            "0": {
                  "mean_reward": -27.93548387096774
            },
            "1": {
                  "mean_reward": -6.6
            },
            "2": {
                  "mean_reward": -1.0
            },
            "3": {
                  "mean_reward": -14.903225806451612
            },
            "4": {
                  "mean_reward": -7.705882352941177
            },
            "5": {
                  "mean_reward": -1.125
            },
            "6": {
                  "mean_reward": -26.1875
            },
            "7": {
                  "mean_reward": -20.3125
            },
            "8": {
                  "mean_reward": -1.3333333333333333
            }
      },
      "6": {
            "episode_duration": 268,
            "agents_reward_for_plot": {
                  "0": -770.0777322497753,
                  "1": -449.26761763346076,
                  "2": -226.9354291969124,
                  "3": -446.726833373117,
                  "4": -212.6283823099358,
                  "5": -200.6913924276116,
                  "6": -214.85438255246137,
                  "7": -5.402708159001168,
                  "8": -168.905544806919
            },