{
      "0": {
            "episode_duration": 91,
            "agents_reward_for_plot": {
                  "0": 59.78475402734472,
                  "1": 37.38666842345786,
                  "2": 25.709274926937006,
                  "3": 32.82153567950141,
                  "4": 34.53624078919202,
                  "5": 0,
                  "6": 0,
                  "7": 0,
                  "8": 0
            },
            "0": {
                  "mean_reward": 59.78475402734472
            },
            "1": {
                  "mean_reward": 37.38666842345786
            },
            "2": {
                  "mean_reward": 25.709274926937006
            },
            "3": {
                  "mean_reward": 32.82153567950141
            },
            "4": {
                  "mean_reward": 34.53624078919202
            },
            "5": {
                  "mean_reward": 0.0
            },
            "6": {
                  "mean_reward": 0.0
            },
            "7": {
                  "mean_reward": 0.0
            },
            "8": {
                  "mean_reward": 0.0
            }
      },
      "1": {
            "episode_duration": 67,
            "agents_reward_for_plot": {
                  "0": 47.94121633278292,
                  "1": 25.478497132807767,
                  "2": 0,
                  "3": 22.737703272713347,
                  "4": 22.021216991516738,
                  "5": 0,
                  "6": 0,
                  "7": 11.111222536961183,
                  "8": 8.906536316758528
            },
            "0": {
                  "mean_reward": 47.94121633278292
            },
            "1": {
                  "mean_reward": 25.478497132807767
            },
            "2": {
                  "mean_reward": 0.0
            },
            "3": {
                  "mean_reward": 22.737703272713347
            },
            "4": {
                  "mean_reward": 22.021216991516738
            },
            "5": {
                  "mean_reward": 0.0
            },
            "6": {
                  "mean_reward": 0.0
            },
            "7": {
                  "mean_reward": 11.111222536961183
            },
            "8": {
                  "mean_reward": 8.906536316758528
            }
      },
      "2": {
            "episode_duration": 173,
            "agents_reward_for_plot": {
                  "0": 81.95803526785002,
                  "1": 68.16577777270354,
                  "2": 80.79555673011161,
                  "3": 34.819613157468254,
                  "4": 44.14338237063927,
                  "5": 69.8348442278144,
                  "6": 38.57780386442801,
                  "7": 41.09715442675779,
                  "8": 11.713497644931305
            },
            "0": {
                  "mean_reward": 81.95803526785002
            },
            "1": {
                  "mean_reward": 68.16577777270354
            },
            "2": {
                  "mean_reward": 80.79555673011161
            },
            "3": {
                  "mean_reward": 34.819613157468254
            },
            "4": {
                  "mean_reward": 44.14338237063927
            },
            "5": {
                  "mean_reward": 69.8348442278144
            },
            "6": {
                  "mean_reward": 38.57780386442801
            },
            "7": {
                  "mean_reward": 41.09715442675779
            },
            "8": {
                  "mean_reward": 11.713497644931305
            }
      },
      "3": {
            "episode_duration": 65,
            "agents_reward_for_plot": {
                  "0": 56.108412944099996,
                  "1": 31.128647300210375,
                  "2": 28.20668043084283,
                  "3": 0,
                  "4": 9.087375080867798,
                  "5": 11.620665606550014,
                  "6": 0,
                  "7": 0,
                  "8": 20.399983154987506
            },
            "0": {
                  "mean_reward": 56.108412944099996
            },
            "1": {
                  "mean_reward": 31.128647300210375
            },
            "2": {
                  "mean_reward": 28.20668043084283
            },
            "3": {
                  "mean_reward": 0.0
            },
            "4": {
                  "mean_reward": 9.087375080867798
            },
            "5": {
                  "mean_reward": 11.620665606550014
            },
            "6": {
                  "mean_reward": 0.0
            },
            "7": {
                  "mean_reward": 0.0
            },
            "8": {
                  "mean_reward": 20.399983154987506
            }
      },
      "4": {
            "episode_duration": 86,
            "agents_reward_for_plot": {
                  "0": 57.71869295137888,
                  "1": 40.44993103147068,
                  "2": 0,
                  "3": 22.00022062318314,
                  "4": 12.268427549399064,
                  "5": 0,
                  "6": 19.384133028465662,
                  "7": 14.32183067737918,
                  "8": 0
            },
            "0": {
                  "mean_reward": 57.71869295137888
            },
            "1": {
                  "mean_reward": 40.44993103147068
            },
            "2": {
                  "mean_reward": 0.0
            },
            "3": {
                  "mean_reward": 22.00022062318314
            },
            "4": {
                  "mean_reward": 12.268427549399064
            },
            "5": {
                  "mean_reward": 0.0
            },
            "6": {
                  "mean_reward": 19.384133028465662
            },
            "7": {
                  "mean_reward": 14.32183067737918
            },
            "8": {
                  "mean_reward": 0.0
            }
      },
      "5": {
            "episode_duration": 173,
            "agents_reward_for_plot": {
                  "0": 87.41971234177845,
                  "1": 41.7322316800498,
                  "2": 0,
                  "3": 76.51396566402566,
                  "4": 59.067255668849015,
                  "5": 101.94335431856089,
                  "6": 79.99375354969692,
                  "7": 87.81906801017196,
                  "8": 100.58557387546745
            },
            "0": {
                  "mean_reward": 87.41971234177845
            },
            "1": {
                  "mean_reward": 41.7322316800498
            },
            "2": {
                  "mean_reward": 0.0
            },
            "3": {
                  "mean_reward": 76.51396566402566
            },
            "4": {
                  "mean_reward": 59.067255668849015
            },
            "5": {
                  "mean_reward": 101.94335431856089
            },
            "6": {
                  "mean_reward": 79.99375354969692
            },
            "7": {
                  "mean_reward": 87.81906801017196
            },
            "8": {
                  "mean_reward": 100.58557387546745
            }
      },
      "6": {
            "episode_duration": 81,
            "agents_reward_for_plot": {
                  "0": 57.66655514585457,
                  "1": 28.389020562440127,
                  "2": 27.452155232766387,
                  "3": 57.155724922878655,
                  "4": 19.94713657106845,
                  "5": 0,
                  "6": 0,
                  "7": 0,
                  "8": 0
            },
            "0": {
                  "mean_reward": 57.66655514585457
            },
            "1": {
                  "mean_reward": 28.389020562440127
            },
            "2": {
                  "mean_reward": 27.452155232766387
            },
            "3": {
                  "mean_reward": 57.155724922878655
            },
            "4": {
                  "mean_reward": 19.94713657106845
            },