{
      "0": {
            "episode_duration": 79,
            "agents_reward_for_plot": {
                  "0": -69.42227364269999,
                  "1": -5.524705405650635,
                  "2": -7.130791234407095,
                  "3": -57.76859016630677,
                  "4": -41.5564556243632,
                  "5": -14.721129759848475,
                  "6": -63.03269007637122,
                  "7": -59.987663035333995,
                  "8": -38.87947843170228
            },
            "0": {
                  "mean_reward": -69.42227364269999
            },
            "1": {
                  "mean_reward": -5.524705405650635
            },
            "2": {
                  "mean_reward": -7.130791234407095
            },
            "3": {
                  "mean_reward": -57.76859016630677
            },
            "4": {
                  "mean_reward": -41.5564556243632
            },
            "5": {
                  "mean_reward": -14.721129759848475
            },
            "6": {
                  "mean_reward": -63.03269007637122
            },
            "7": {
                  "mean_reward": -59.987663035333995
            },
            "8": {
                  "mean_reward": -38.87947843170228
            }
      },
      "1": {
            "episode_duration": 120,
            "agents_reward_for_plot": {
                  "0": -78.15657337918931,
                  "1": -23.361675732522098,
                  "2": -24.17657063926872,
                  "3": -75.22740990605226,
                  "4": -50.03414117455695,
                  "5": -22.09655687660424,
                  "6": -57.91469052071,
                  "7": -52.65420124591205,
                  "8": -51.35808539626099
            },
            "0": {
                  "mean_reward": -78.15657337918931
            },
            "1": {
                  "mean_reward": -23.361675732522098
            },
            "2": {
                  "mean_reward": -24.17657063926872
            },
            "3": {
                  "mean_reward": -75.22740990605226
            },
            "4": {
                  "mean_reward": -50.03414117455695
            },
            "5": {
                  "mean_reward": -22.09655687660424
            },
            "6": {
                  "mean_reward": -57.91469052071
            },
            "7": {
                  "mean_reward": -52.65420124591205
            },
            "8": {
                  "mean_reward": -51.35808539626099
            }
      },
      "2": {
            "episode_duration": 59,
            "agents_reward_for_plot": {
                  "0": 13.962055516611839,
                  "1": -25.66810486017184,
                  "2": -22.430333449963392,
                  "3": 0,
                  "4": 8.353950827101336,
                  "5": 1.293763832093147,
                  "6": 0,
                  "7": 0,
                  "8": 0
            },
            "0": {
                  "mean_reward": 13.962055516611839
            },
            "1": {
                  "mean_reward": -25.66810486017184
            },
            "2": {
                  "mean_reward": -22.430333449963392
            },
            "3": {
                  "mean_reward": 0.0
            },
            "4": {
                  "mean_reward": 8.353950827101336
            },
            "5": {
                  "mean_reward": 1.293763832093147
            },
            "6": {
                  "mean_reward": 0.0
            },
            "7": {
                  "mean_reward": 0.0
            },
            "8": {
                  "mean_reward": 0.0
            }
      },
      "3": {
            "episode_duration": 89,
            "agents_reward_for_plot": {
                  "0": -64.44458784684645,
                  "1": -26.404405621778142,
                  "2": -21.145243374278117,
                  "3": -68.26647069531117,
                  "4": 8.293434300197156,
                  "5": -11.50709499953857,
                  "6": -12.49873756391216,
                  "7": -32.00073101490845,
                  "8": -16.591726028161556
            },
            "0": {
                  "mean_reward": -64.44458784684645
            },
            "1": {
                  "mean_reward": -26.404405621778142
            },
            "2": {
                  "mean_reward": -21.145243374278117
            },
            "3": {
                  "mean_reward": -68.26647069531117
            },
            "4": {
                  "mean_reward": 8.293434300197156
            },
            "5": {
                  "mean_reward": -11.50709499953857
            },
            "6": {
                  "mean_reward": -12.49873756391216
            },
            "7": {
                  "mean_reward": -32.00073101490845
            },
            "8": {
                  "mean_reward": -16.591726028161556
            }
      },
      "4": {
            "episode_duration": 79,
            "agents_reward_for_plot": {
                  "0": -12.086343002015479,
                  "1": -19.34652879386361,
                  "2": -15.843533160226137,
                  "3": 0,
                  "4": -17.577357983980942,
                  "5": 0,
                  "6": 0,
                  "7": 0,
                  "8": 0
            },
            "0": {
                  "mean_reward": -12.086343002015479
            },
            "1": {
                  "mean_reward": -19.34652879386361
            },
            "2": {
                  "mean_reward": -15.843533160226137
            },
            "3": {
                  "mean_reward": 0.0
            },
            "4": {
                  "mean_reward": -17.577357983980942
            },
            "5": {
                  "mean_reward": 0.0
            },
            "6": {
                  "mean_reward": 0.0
            },
            "7": {
                  "mean_reward": 0.0
            },
            "8": {
                  "mean_reward": 0.0
            }
      },
      "5": {
            "episode_duration": 117,
            "agents_reward_for_plot": {
                  "0": -77.30740785789052,
                  "1": -12.495489102632408,
                  "2": -4.322220311238119,
                  "3": -63.93556851914267,
                  "4": -23.241366831412236,
                  "5": -69.39816440218928,
                  "6": -30.818649259793027,
                  "7": -33.85364826174572,
                  "8": 0
            },
            "0": {
                  "mean_reward": -77.30740785789052
            },
            "1": {
                  "mean_reward": -12.495489102632408
            },
            "2": {
                  "mean_reward": -4.322220311238119
            },
            "3": {
                  "mean_reward": -63.93556851914267
            },
            "4": {
                  "mean_reward": -23.241366831412236
            },
            "5": {
                  "mean_reward": -69.39816440218928
            },
            "6": {
                  "mean_reward": -30.818649259793027
            },
            "7": {
                  "mean_reward": -33.85364826174572
            },
            "8": {
                  "mean_reward": 0.0
            }
      },
      "6": {
            "episode_duration": 97,
            "agents_reward_for_plot": {
                  "0": -69.08089039551506,
                  "1": 0.9011961931595092,
                  "2": -12.247256825105122,
                  "3": -58.447326528118694,
                  "4": -7.386470960658367,
                  "5": -47.61685701861932,
                  "6": -66.59251227733021,
                  "7": -58.38482765679925,
                  "8": -55.225316517339415
            },
            "0": {
                  "mean_reward": -69.08089039551506
            },
            "1": {
                  "mean_reward": 0.9011961931595092
            },