{
      "0": {
            "episode_duration": 77,
            "agents_reward_for_plot": {
                  "0": 56.701193162910975,
                  "1": 22.961385258090562,
                  "2": 42.871284901334995,
                  "3": 53.33243079805291,
                  "4": 46.94797130251844,
                  "5": 38.15374130683307,
                  "6": 13.983633624137445,
                  "7": 10.618391696338705,
                  "8": 32.44987865439866
            },
            "0": {
                  "mean_reward": 56.701193162910975
            },
            "1": {
                  "mean_reward": 22.961385258090562
            },
            "2": {
                  "mean_reward": 42.871284901334995
            },
            "3": {
                  "mean_reward": 53.33243079805291
            },
            "4": {
                  "mean_reward": 46.94797130251844
            },
            "5": {
                  "mean_reward": 38.15374130683307
            },
            "6": {
                  "mean_reward": 13.983633624137445
            },
            "7": {
                  "mean_reward": 10.618391696338705
            },
            "8": {
                  "mean_reward": 32.44987865439866
            }
      },
      "1": {
            "episode_duration": 67,
            "agents_reward_for_plot": {
                  "0": 47.54204926921081,
                  "1": 30.055986864225066,
                  "2": 9.523826457700816,
                  "3": 20.640125096585336,
                  "4": 26.629213441978088,
                  "5": 0,
                  "6": 17.393265722811687,
                  "7": 0,
                  "8": 0
            },
            "0": {
                  "mean_reward": 47.54204926921081
            },
            "1": {
                  "mean_reward": 30.055986864225066
            },
            "2": {
                  "mean_reward": 9.523826457700816
            },
            "3": {
                  "mean_reward": 20.640125096585336
            },
            "4": {
                  "mean_reward": 26.629213441978088
            },
            "5": {
                  "mean_reward": 0.0
            },
            "6": {
                  "mean_reward": 17.393265722811687
            },
            "7": {
                  "mean_reward": 0.0
            },
            "8": {
                  "mean_reward": 0.0
            }
      },
      "2": {
            "episode_duration": 73,
            "agents_reward_for_plot": {
                  "0": 63.71633334329999,
                  "1": 18.82397622268366,
                  "2": 20.279513738903056,
                  "3": 52.86808011714396,
                  "4": 40.29391009929918,
                  "5": 27.45658533107818,
                  "6": 0,
                  "7": 54.6156335097817,
                  "8": 49.90084723755241
            },
            "0": {
                  "mean_reward": 63.71633334329999
            },
            "1": {
                  "mean_reward": 18.82397622268366
            },
            "2": {
                  "mean_reward": 20.279513738903056
            },
            "3": {
                  "mean_reward": 52.86808011714396
            },
            "4": {
                  "mean_reward": 40.29391009929918
            },
            "5": {
                  "mean_reward": 27.45658533107818
            },
            "6": {
                  "mean_reward": 0.0
            },
            "7": {
                  "mean_reward": 54.6156335097817
            },
            "8": {
                  "mean_reward": 49.90084723755241
            }
      },
      "3": {
            "episode_duration": 53,
            "agents_reward_for_plot": {
                  "0": 42.134211791496554,
                  "1": 19.058567858677588,
                  "2": 17.18495816962671,
                  "3": 41.942940655814546,
                  "4": 9.555764330145417,
                  "5": 5.85842695723518,
                  "6": 0,
                  "7": 0,
                  "8": 0
            },
            "0": {
                  "mean_reward": 42.134211791496554
            },
            "1": {
                  "mean_reward": 19.058567858677588
            },
            "2": {
                  "mean_reward": 17.18495816962671
            },
            "3": {
                  "mean_reward": 41.942940655814546
            },
            "4": {
                  "mean_reward": 9.555764330145417
            },
            "5": {
                  "mean_reward": 5.85842695723518
            },
            "6": {
                  "mean_reward": 0.0
            },
            "7": {
                  "mean_reward": 0.0
            },
            "8": {
                  "mean_reward": 0.0
            }
      },
      "4": {
            "episode_duration": 67,
            "agents_reward_for_plot": {
                  "0": 53.95353850437452,
                  "1": 24.417410945397467,
                  "2": 21.806878544986645,
                  "3": 49.2436039842294,
                  "4": 37.25972400858693,
                  "5": 11.031185373905243,
                  "6": 0,
                  "7": 15.34674133029324,
                  "8": 16.956547599654098
            },
            "0": {
                  "mean_reward": 53.95353850437452
            },
            "1": {
                  "mean_reward": 24.417410945397467
            },
            "2": {
                  "mean_reward": 21.806878544986645
            },
            "3": {
                  "mean_reward": 49.2436039842294
            },
            "4": {
                  "mean_reward": 37.25972400858693
            },
            "5": {
                  "mean_reward": 11.031185373905243
            },
            "6": {
                  "mean_reward": 0.0
            },
            "7": {
                  "mean_reward": 15.34674133029324
            },
            "8": {
                  "mean_reward": 16.956547599654098
            }
      },
      "5": {
            "episode_duration": 55,
            "agents_reward_for_plot": {
                  "0": 39.42988559487094,
                  "1": 21.28192888577684,
                  "2": 16.84297750205114,
                  "3": 0,
                  "4": 9.365604619975525,
                  "5": 0,
                  "6": 0,
                  "7": 0,
                  "8": 0
            },
            "0": {
                  "mean_reward": 39.42988559487094
            },
            "1": {
                  "mean_reward": 21.28192888577684
            },
            "2": {
                  "mean_reward": 16.84297750205114
            },
            "3": {
                  "mean_reward": 0.0
            },
            "4": {
                  "mean_reward": 9.365604619975525
            },
            "5": {
                  "mean_reward": 0.0
            },
            "6": {
                  "mean_reward": 0.0
            },
            "7": {
                  "mean_reward": 0.0
            },
            "8": {
                  "mean_reward": 0.0
            }
      },
      "6": {
            "episode_duration": 99,
            "agents_reward_for_plot": {
                  "0": 71.13090036892096,
                  "1": 42.07707518520714,
                  "2": 38.07458712426732,
                  "3": 63.75939504880469,
                  "4": 52.99345586779649,
                  "5": 22.23508040452307,
                  "6": 15.185952086983043,
                  "7": 16.954664564552445,
                  "8": 0
            },
            "0": {
                  "mean_reward": 71.13090036892096
            },
            "1": {
                  "mean_reward": 42.07707518520714
            },
            "2": {
                  "mean_reward": 38.07458712426732
            },
            "3": {
                  "mean_reward": 63.75939504880469
            },