{
      "0": {
            "episode_duration": 49,
            "agents_reward_for_plot": {
                  "0": 40.892572145699994,
                  "1": 19.840357091091384,
                  "2": 17.889891266180374,
                  "3": 0,
                  "4": 9.947745181812088,
                  "5": 6.098741714776828,
                  "6": 0,
                  "7": 0,
                  "8": 0
            },
            "0": {
                  "mean_reward": 40.892572145699994
            },
            "1": {
                  "mean_reward": 19.840357091091384
            },
            "2": {
                  "mean_reward": 17.889891266180374
            },
            "3": {
                  "mean_reward": 0.0
            },
            "4": {
                  "mean_reward": 9.947745181812088
            },
            "5": {
                  "mean_reward": 6.098741714776828
            },
            "6": {
                  "mean_reward": 0.0
            },
            "7": {
                  "mean_reward": 0.0
            },
            "8": {
                  "mean_reward": 0.0
            }
      },
      "1": {
            "episode_duration": 87,
            "agents_reward_for_plot": {
                  "0": 61.10423563255889,
                  "1": 37.863586476554765,
                  "2": 38.072742553941225,
                  "3": 73.6331624846522,
                  "4": 21.683775956490944,
                  "5": 28.709221303930995,
                  "6": 0,
                  "7": 16.44775778845065,
                  "8": 12.110745602663023
            },
            "0": {
                  "mean_reward": 61.10423563255889
            },
            "1": {
                  "mean_reward": 37.863586476554765
            },
            "2": {
                  "mean_reward": 38.072742553941225
            },
            "3": {
                  "mean_reward": 73.6331624846522
            },
            "4": {
                  "mean_reward": 21.683775956490944
            },
            "5": {
                  "mean_reward": 28.709221303930995
            },
            "6": {
                  "mean_reward": 0.0
            },
            "7": {
                  "mean_reward": 16.44775778845065
            },
            "8": {
                  "mean_reward": 12.110745602663023
            }
      },
      "2": {
            "episode_duration": 115,
            "agents_reward_for_plot": {
                  "0": 86.68740497284615,
                  "1": 14.58452314083407,
                  "2": 19.32291075141597,
                  "3": 85.21803711471902,
                  "4": 67.75312612343133,
                  "5": 46.63053201999588,
                  "6": 62.25657756329548,
                  "7": 38.927128461944406,
                  "8": 44.12667912031684
            },
            "0": {
                  "mean_reward": 86.68740497284615
            },
            "1": {
                  "mean_reward": 14.58452314083407
            },
            "2": {
                  "mean_reward": 19.32291075141597
            },
            "3": {
                  "mean_reward": 85.21803711471902
            },
            "4": {
                  "mean_reward": 67.75312612343133
            },
            "5": {
                  "mean_reward": 46.63053201999588
            },
            "6": {
                  "mean_reward": 62.25657756329548
            },
            "7": {
                  "mean_reward": 38.927128461944406
            },
            "8": {
                  "mean_reward": 44.12667912031684
            }
      },
      "3": {
            "episode_duration": 376,
            "agents_reward_for_plot": {
                  "0": 133.66741319117622,
                  "1": 21.554660473844546,
                  "2": 33.09488590450348,
                  "3": 97.9830651424955,
                  "4": 101.45466350277235,
                  "5": 113.410959047521,
                  "6": 91.05391612708976,
                  "7": 88.67467890450575,
                  "8": 31.763877721371077
            },
            "0": {
                  "mean_reward": 133.66741319117622
            },
            "1": {
                  "mean_reward": 21.554660473844546
            },
            "2": {
                  "mean_reward": 33.09488590450348
            },
            "3": {
                  "mean_reward": 97.9830651424955
            },
            "4": {
                  "mean_reward": 101.45466350277235
            },
            "5": {
                  "mean_reward": 113.410959047521
            },
            "6": {
                  "mean_reward": 91.05391612708976
            },
            "7": {
                  "mean_reward": 88.67467890450575
            },
            "8": {
                  "mean_reward": 31.763877721371077
            }
      },
      "4": {
            "episode_duration": 91,
            "agents_reward_for_plot": {
                  "0": 78.31241392618016,
                  "1": 19.46249587602992,
                  "2": 37.55604657343631,
                  "3": 73.99489704617491,
                  "4": 29.40821759441365,
                  "5": 43.70550222565707,
                  "6": 70.7317220864386,
                  "7": 67.56911877092053,
                  "8": 64.50437659809663
            },
            "0": {
                  "mean_reward": 78.31241392618016
            },
            "1": {
                  "mean_reward": 19.46249587602992
            },
            "2": {
                  "mean_reward": 37.55604657343631
            },
            "3": {
                  "mean_reward": 73.99489704617491
            },
            "4": {
                  "mean_reward": 29.40821759441365
            },
            "5": {
                  "mean_reward": 43.70550222565707
            },
            "6": {
                  "mean_reward": 70.7317220864386
            },
            "7": {
                  "mean_reward": 67.56911877092053
            },
            "8": {
                  "mean_reward": 64.50437659809663
            }
      },
      "5": {
            "episode_duration": 67,
            "agents_reward_for_plot": {
                  "0": 49.702156907437036,
                  "1": 25.77033942160007,
                  "2": 0,
                  "3": 0,
                  "4": 14.83620298243562,
                  "5": 0,
                  "6": 0,
                  "7": 13.894743446723508,
                  "8": 0
            },
            "0": {
                  "mean_reward": 49.702156907437036
            },
            "1": {
                  "mean_reward": 25.77033942160007
            },
            "2": {
                  "mean_reward": 0.0
            },
            "3": {
                  "mean_reward": 0.0
            },
            "4": {
                  "mean_reward": 14.83620298243562
            },
            "5": {
                  "mean_reward": 0.0
            },
            "6": {
                  "mean_reward": 0.0
            },
            "7": {
                  "mean_reward": 13.894743446723508
            },
            "8": {
                  "mean_reward": 0.0
            }
      },
      "6": {
            "episode_duration": 64,
            "agents_reward_for_plot": {
                  "0": 47.276622354974265,
                  "1": 29.015773359538528,
                  "2": 0,
                  "3": 13.438184872101628,
                  "4": 9.17916674835131,
                  "5": 0,
                  "6": 12.982052567368044,
                  "7": 0,
                  "8": 0
            },
            "0": {
                  "mean_reward": 47.276622354974265
            },
            "1": {
                  "mean_reward": 29.015773359538528
            },
            "2": {
                  "mean_reward": 0.0
            },
            "3": {
                  "mean_reward": 13.438184872101628
            },