{
      "0": {
            "episode_duration": 58,
            "agents_reward_for_plot": {
                  "0": 42.79358978898469,
                  "1": 22.870281430413108,
                  "2": 0,
                  "3": 32.034015657604506,
                  "4": 39.233505964117775,
                  "5": 0,
                  "6": 0,
                  "7": 0,
                  "8": 0
            },
            "0": {
                  "mean_reward": 42.79358978898469
            },
            "1": {
                  "mean_reward": 22.870281430413108
            },
            "2": {
                  "mean_reward": 0.0
            },
            "3": {
                  "mean_reward": 32.034015657604506
            },
            "4": {
                  "mean_reward": 39.233505964117775
            },
            "5": {
                  "mean_reward": 0.0
            },
            "6": {
                  "mean_reward": 0.0
            },
            "7": {
                  "mean_reward": 0.0
            },
            "8": {
                  "mean_reward": 0.0
            }
      },
      "1": {
            "episode_duration": 58,
            "agents_reward_for_plot": {
                  "0": 42.79358978898469,
                  "1": 22.870281430413108,
                  "2": 0,
                  "3": 32.034015657604506,
                  "4": 39.233505964117775,
                  "5": 0,
                  "6": 0,
                  "7": 0,
                  "8": 0
            },
            "0": {
                  "mean_reward": 42.79358978898469
            },
            "1": {
                  "mean_reward": 22.870281430413108
            },
            "2": {
                  "mean_reward": 0.0
            },
            "3": {
                  "mean_reward": 32.034015657604506
            },
            "4": {
                  "mean_reward": 39.233505964117775
            },
            "5": {
                  "mean_reward": 0.0
            },
            "6": {
                  "mean_reward": 0.0
            },
            "7": {
                  "mean_reward": 0.0
            },
            "8": {
                  "mean_reward": 0.0
            }
      },
      "2": {
            "episode_duration": 60,
            "agents_reward_for_plot": {
                  "0": 44.27924559782313,
                  "1": 22.415162829947885,
                  "2": 0,
                  "3": 33.68727575156918,
                  "4": 39.36627644291548,
                  "5": 0,
                  "6": 0,
                  "7": 0,
                  "8": 0
            },
            "0": {
                  "mean_reward": 44.27924559782313
            },
            "1": {
                  "mean_reward": 22.415162829947885
            },
            "2": {
                  "mean_reward": 0.0
            },
            "3": {
                  "mean_reward": 33.68727575156918
            },
            "4": {
                  "mean_reward": 39.36627644291548
            },
            "5": {
                  "mean_reward": 0.0
            },
            "6": {
                  "mean_reward": 0.0
            },
            "7": {
                  "mean_reward": 0.0
            },
            "8": {
                  "mean_reward": 0.0
            }
      },
      "3": {
            "episode_duration": 62,
            "agents_reward_for_plot": {
                  "0": 45.773186260051695,
                  "1": 21.969101089631923,
                  "2": 0,
                  "3": 35.34473217051067,
                  "4": 37.68754928744274,
                  "5": 0,
                  "6": 47.502896869149325,
                  "7": 44.76691271293582,
                  "8": 0
            },
            "0": {
                  "mean_reward": 45.773186260051695
            },
            "1": {
                  "mean_reward": 21.969101089631923
            },
            "2": {
                  "mean_reward": 0.0
            },
            "3": {
                  "mean_reward": 35.34473217051067
            },
            "4": {
                  "mean_reward": 37.68754928744274
            },
            "5": {
                  "mean_reward": 0.0
            },
            "6": {
                  "mean_reward": 47.502896869149325
            },
            "7": {
                  "mean_reward": 44.76691271293582
            },
            "8": {
                  "mean_reward": 0.0
            }
      },
      "4": {
            "episode_duration": 66,
            "agents_reward_for_plot": {
                  "0": 47.220185293375806,
                  "1": 22.967377043144797,
                  "2": 0,
                  "3": 33.324936498844224,
                  "4": 41.17344126574749,
                  "5": 0,
                  "6": 0,
                  "7": 0,
                  "8": 0
            },
            "0": {
                  "mean_reward": 47.220185293375806
            },
            "1": {
                  "mean_reward": 22.967377043144797
            },
            "2": {
                  "mean_reward": 0.0
            },
            "3": {
                  "mean_reward": 33.324936498844224
            },
            "4": {
                  "mean_reward": 41.17344126574749
            },
            "5": {
                  "mean_reward": 0.0
            },
            "6": {
                  "mean_reward": 0.0
            },
            "7": {
                  "mean_reward": 0.0
            },
            "8": {
                  "mean_reward": 0.0
            }
      },
      "5": {
            "episode_duration": 62,
            "agents_reward_for_plot": {
                  "0": 43.26985568464198,
                  "1": 25.91965228780152,
                  "2": 0,
                  "3": 33.60331690183465,
                  "4": 42.52949368537151,
                  "5": 0,
                  "6": 0,
                  "7": 0,
                  "8": 0
            },
            "0": {
                  "mean_reward": 43.26985568464198
            },
            "1": {
                  "mean_reward": 25.91965228780152
            },
            "2": {
                  "mean_reward": 0.0
            },
            "3": {
                  "mean_reward": 33.60331690183465
            },
            "4": {
                  "mean_reward": 42.52949368537151
            },
            "5": {
                  "mean_reward": 0.0
            },
            "6": {
                  "mean_reward": 0.0
            },
            "7": {
                  "mean_reward": 0.0
            },
            "8": {
                  "mean_reward": 0.0
            }
      },
      "6": {
            "episode_duration": 62,
            "agents_reward_for_plot": {
                  "0": 44.21074234344648,
                  "1": 24.256129232673235,
                  "2": 0,
                  "3": 35.34473217051067,
                  "4": 42.52949368537151,
                  "5": 0,
                  "6": 0,
                  "7": 0,
                  "8": 0
            },
            "0": {
                  "mean_reward": 44.21074234344648
            },
            "1": {
                  "mean_reward": 24.256129232673235
            },
            "2": {
                  "mean_reward": 0.0
            },
            "3": {
                  "mean_reward": 35.34473217051067
            },
            "4": {
                  "mean_reward": 42.52949368537151
            },
            "5": {
                  "mean_reward": 0.0
            },
            "6": {
                  "mean_reward": 0.0
            },
            "7": {
                  "mean_reward": 0.0
            },
            "8": {
                  "mean_reward": 0.0
            }
      },
      "7": {
            "episode_duration": 72,
            "agents_reward_for_plot": {
                  "0": 52.92196046644864,
                  "1": 25.32411701998449,