{
      "0": {
            "episode_duration": 60,
            "agents_reward_for_plot": {
                  "0": 40.77729440706089,
                  "1": 25.464313443123885,
                  "2": 0,
                  "3": 15.16787988911971,
                  "4": 8.906596804894193,
                  "5": 0,
                  "6": 0,
                  "7": 0,
                  "8": 0
            },
            "0": {
                  "mean_reward": 40.77729440706089
            },
            "1": {
                  "mean_reward": 25.464313443123885
            },
            "2": {
                  "mean_reward": 0.0
            },
            "3": {
                  "mean_reward": 15.16787988911971
            },
            "4": {
                  "mean_reward": 8.906596804894193
            },
            "5": {
                  "mean_reward": 0.0
            },
            "6": {
                  "mean_reward": 0.0
            },
            "7": {
                  "mean_reward": 0.0
            },
            "8": {
                  "mean_reward": 0.0
            }
      },
      "1": {
            "episode_duration": 58,
            "agents_reward_for_plot": {
                  "0": 40.343611503374,
                  "1": 24.087955477685878,
                  "2": 0,
                  "3": 13.788981717381555,
                  "4": 9.08743679715763,
                  "5": 0,
                  "6": 0,
                  "7": 0,
                  "8": 0
            },
            "0": {
                  "mean_reward": 40.343611503374
            },
            "1": {
                  "mean_reward": 24.087955477685878
            },
            "2": {
                  "mean_reward": 0.0
            },
            "3": {
                  "mean_reward": 13.788981717381555
            },
            "4": {
                  "mean_reward": 9.08743679715763
            },
            "5": {
                  "mean_reward": 0.0
            },
            "6": {
                  "mean_reward": 0.0
            },
            "7": {
                  "mean_reward": 0.0
            },
            "8": {
                  "mean_reward": 0.0
            }
      },
      "2": {
            "episode_duration": 64,
            "agents_reward_for_plot": {
                  "0": 42.30811714498783,
                  "1": 26.77925934512126,
                  "2": 0,
                  "3": 17.92567623259602,
                  "4": 8.55564135346011,
                  "5": 0,
                  "6": 0,
                  "7": 0,
                  "8": 0
            },
            "0": {
                  "mean_reward": 42.30811714498783
            },
            "1": {
                  "mean_reward": 26.77925934512126
            },
            "2": {
                  "mean_reward": 0.0
            },
            "3": {
                  "mean_reward": 17.92567623259602
            },
            "4": {
                  "mean_reward": 8.55564135346011
            },
            "5": {
                  "mean_reward": 0.0
            },
            "6": {
                  "mean_reward": 0.0
            },
            "7": {
                  "mean_reward": 0.0
            },
            "8": {
                  "mean_reward": 0.0
            }
      },
      "3": {
            "episode_duration": 64,
            "agents_reward_for_plot": {
                  "0": 43.14089184829279,
                  "1": 25.1466773131499,
                  "2": 0,
                  "3": 16.217497177446795,
                  "4": 10.464197811651724,
                  "5": 0,
                  "6": 0,
                  "7": 0,
                  "8": 0
            },
            "0": {
                  "mean_reward": 43.14089184829279
            },
            "1": {
                  "mean_reward": 25.1466773131499
            },
            "2": {
                  "mean_reward": 0.0
            },
            "3": {
                  "mean_reward": 16.217497177446795
            },
            "4": {
                  "mean_reward": 10.464197811651724
            },
            "5": {
                  "mean_reward": 0.0
            },
            "6": {
                  "mean_reward": 0.0
            },
            "7": {
                  "mean_reward": 0.0
            },
            "8": {
                  "mean_reward": 0.0
            }
      },
      "4": {
            "episode_duration": 47,
            "agents_reward_for_plot": {
                  "0": 38.990592045899994,
                  "1": 17.127862831025734,
                  "2": 0,
                  "3": 0,
                  "4": 10.149724703409948,
                  "5": 0,
                  "6": 0,
                  "7": 0,
                  "8": 0
            },
            "0": {
                  "mean_reward": 38.990592045899994
            },
            "1": {
                  "mean_reward": 17.127862831025734
            },
            "2": {
                  "mean_reward": 0.0
            },
            "3": {
                  "mean_reward": 0.0
            },
            "4": {
                  "mean_reward": 10.149724703409948
            },
            "5": {
                  "mean_reward": 0.0
            },
            "6": {
                  "mean_reward": 0.0
            },
            "7": {
                  "mean_reward": 0.0
            },
            "8": {
                  "mean_reward": 0.0
            }
      },
      "5": {
            "episode_duration": 60,
            "agents_reward_for_plot": {
                  "0": 41.6572080767989,
                  "1": 25.464313443123885,
                  "2": 0,
                  "3": 14.204030067074738,
                  "4": 8.906596804894193,
                  "5": 0,
                  "6": 0,
                  "7": 0,
                  "8": 0
            },
            "0": {
                  "mean_reward": 41.6572080767989
            },
            "1": {
                  "mean_reward": 25.464313443123885
            },
            "2": {
                  "mean_reward": 0.0
            },
            "3": {
                  "mean_reward": 14.204030067074738
            },
            "4": {
                  "mean_reward": 8.906596804894193
            },
            "5": {
                  "mean_reward": 0.0
            },
            "6": {
                  "mean_reward": 0.0
            },
            "7": {
                  "mean_reward": 0.0
            },
            "8": {
                  "mean_reward": 0.0
            }
      },
      "6": {
            "episode_duration": 72,
            "agents_reward_for_plot": {
                  "0": 45.52073806661622,
                  "1": 31.12624872750701,
                  "2": 0,
                  "3": 23.44126891954864,
                  "4": 9.655783012145879,
                  "5": 0,
                  "6": 0,
                  "7": 0,
                  "8": 0
            },
            "0": {
                  "mean_reward": 45.52073806661622
            },
            "1": {
                  "mean_reward": 31.12624872750701
            },
            "2": {
                  "mean_reward": 0.0
            },
            "3": {
                  "mean_reward": 23.44126891954864
            },
            "4": {
                  "mean_reward": 9.655783012145879
            },
            "5": {
                  "mean_reward": 0.0
            },
            "6": {
                  "mean_reward": 0.0
            },
            "7": {
                  "mean_reward": 0.0
            },
            "8": {
                  "mean_reward": 0.0
            }
      },
      "7": {
            "episode_duration": 64,
            "agents_reward_for_plot": {
                  "0": 43.32729249565913,
                  "1": 27.00238559259386,
                  "2": 11.451338749149677,
                  "3": 16.217497177446795,