{
      "0": {
            "episode_duration": 79,
            "agents_reward_for_plot": {
                  "0": -55.062256435266214,
                  "1": -8.727074654131817,
                  "2": 0,
                  "3": -50.97350437823225,
                  "4": 6.994315817547884,
                  "5": 0,
                  "6": 0,
                  "7": 0,
                  "8": 0
            },
            "0": {
                  "mean_reward": -55.062256435266214
            },
            "1": {
                  "mean_reward": -8.727074654131817
            },
            "2": {
                  "mean_reward": 0.0
            },
            "3": {
                  "mean_reward": -50.97350437823225
            },
            "4": {
                  "mean_reward": 6.994315817547884
            },
            "5": {
                  "mean_reward": 0.0
            },
            "6": {
                  "mean_reward": 0.0
            },
            "7": {
                  "mean_reward": 0.0
            },
            "8": {
                  "mean_reward": 0.0
            }
      },
      "1": {
            "episode_duration": 67,
            "agents_reward_for_plot": {
                  "0": -0.5329965624426904,
                  "1": 3.735860471657981,
                  "2": 0,
                  "3": -42.10039070994564,
                  "4": -2.73763446752411,
                  "5": 0,
                  "6": -17.393265722811687,
                  "7": -19.111528660290833,
                  "8": 0
            },
            "0": {
                  "mean_reward": -0.5329965624426904
            },
            "1": {
                  "mean_reward": 3.735860471657981
            },
            "2": {
                  "mean_reward": 0.0
            },
            "3": {
                  "mean_reward": -42.10039070994564
            },
            "4": {
                  "mean_reward": -2.73763446752411
            },
            "5": {
                  "mean_reward": 0.0
            },
            "6": {
                  "mean_reward": -17.393265722811687
            },
            "7": {
                  "mean_reward": -19.111528660290833
            },
            "8": {
                  "mean_reward": 0.0
            }
      },
      "2": {
            "episode_duration": 45,
            "agents_reward_for_plot": {
                  "0": 15.215840798399999,
                  "1": 3.968071418218277,
                  "2": 0,
                  "3": 0,
                  "4": 9.616104854047643,
                  "5": 0,
                  "6": 0,
                  "7": 0,
                  "8": 0
            },
            "0": {
                  "mean_reward": 15.215840798399999
            },
            "1": {
                  "mean_reward": 3.968071418218277
            },
            "2": {
                  "mean_reward": 0.0
            },
            "3": {
                  "mean_reward": 0.0
            },
            "4": {
                  "mean_reward": 9.616104854047643
            },
            "5": {
                  "mean_reward": 0.0
            },
            "6": {
                  "mean_reward": 0.0
            },
            "7": {
                  "mean_reward": 0.0
            },
            "8": {
                  "mean_reward": 0.0
            }
      },
      "3": {
            "episode_duration": 51,
            "agents_reward_for_plot": {
                  "0": 15.215840798399999,
                  "1": -21.427585658378696,
                  "2": -19.445533984978667,
                  "3": 0,
                  "4": 9.053371834644455,
                  "5": 2.9735177573108773,
                  "6": 0,
                  "7": 0,
                  "8": 0
            },
            "0": {
                  "mean_reward": 15.215840798399999
            },
            "1": {
                  "mean_reward": -21.427585658378696
            },
            "2": {
                  "mean_reward": -19.445533984978667
            },
            "3": {
                  "mean_reward": 0.0
            },
            "4": {
                  "mean_reward": 9.053371834644455
            },
            "5": {
                  "mean_reward": 2.9735177573108773
            },
            "6": {
                  "mean_reward": 0.0
            },
            "7": {
                  "mean_reward": 0.0
            },
            "8": {
                  "mean_reward": 0.0
            }
      },
      "4": {
            "episode_duration": 53,
            "agents_reward_for_plot": {
                  "0": 15.215840798399999,
                  "1": -9.34948107844846,
                  "2": 6.741550053318155,
                  "3": 0,
                  "4": -16.273408214542165,
                  "5": 0,
                  "6": 0,
                  "7": 0,
                  "8": 0
            },
            "0": {
                  "mean_reward": 15.215840798399999
            },
            "1": {
                  "mean_reward": -9.34948107844846
            },
            "2": {
                  "mean_reward": 6.741550053318155
            },
            "3": {
                  "mean_reward": 0.0
            },
            "4": {
                  "mean_reward": -16.273408214542165
            },
            "5": {
                  "mean_reward": 0.0
            },
            "6": {
                  "mean_reward": 0.0
            },
            "7": {
                  "mean_reward": 0.0
            },
            "8": {
                  "mean_reward": 0.0
            }
      },
      "5": {
            "episode_duration": 59,
            "agents_reward_for_plot": {
                  "0": 0.8683356801426871,
                  "1": -13.810186372274586,
                  "2": 0,
                  "3": -12.041491654254244,
                  "4": -0.4384125007438904,
                  "5": 0,
                  "6": 0,
                  "7": 0,
                  "8": 0
            },
            "0": {
                  "mean_reward": 0.8683356801426871
            },
            "1": {
                  "mean_reward": -13.810186372274586
            },
            "2": {
                  "mean_reward": 0.0
            },
            "3": {
                  "mean_reward": -12.041491654254244
            },
            "4": {
                  "mean_reward": -0.4384125007438904
            },
            "5": {
                  "mean_reward": 0.0
            },
            "6": {
                  "mean_reward": 0.0
            },
            "7": {
                  "mean_reward": 0.0
            },
            "8": {
                  "mean_reward": 0.0
            }
      },
      "6": {
            "episode_duration": 59,
            "agents_reward_for_plot": {
                  "0": 7.383406018683486,
                  "1": 1.3203283660346536,
                  "2": -17.943263314956873,
                  "3": -44.877093993880635,
                  "4": 7.698291606527192,
                  "5": 0,
                  "6": -44.7623451266984,
                  "7": 0,
                  "8": 0
            },
            "0": {
                  "mean_reward": 7.383406018683486
            },
            "1": {
                  "mean_reward": 1.3203283660346536
            },
            "2": {
                  "mean_reward": -17.943263314956873
            },
            "3": {
                  "mean_reward": -44.877093993880635
            },
            "4": {
                  "mean_reward": 7.698291606527192
            },
            "5": {
                  "mean_reward": 0.0
            },
            "6": {
                  "mean_reward": -44.7623451266984
            },
            "7": {
                  "mean_reward": 0.0
            },
            "8": {
                  "mean_reward": 0.0
            }
      },
      "7": {
            "episode_duration": 83,