{
      "0": {
            "episode_duration": 390,
            "agents_reward_for_plot": {
                  "0": -371.2321248403191,
                  "1": -108.7159570014937,
                  "2": -445.3561677329873,
                  "3": -157.9074979103387,
                  "4": -82.01839816418683,
                  "5": -229.71308558951247,
                  "6": -2.5568697127658893,
                  "7": -74.21364658789925,
                  "8": -7.047401011462245
            },
            "0": {
                  "mean_reward": -21.043478260869566
            },
            "1": {
                  "mean_reward": -5.2
            },
            "2": {
                  "mean_reward": -7.4
            },
            "3": {
                  "mean_reward": -20.545454545454547
            },
            "4": {
                  "mean_reward": -7.2631578947368425
            },
            "5": {
                  "mean_reward": -14.521739130434783
            },
            "6": {
                  "mean_reward": -1.5
            },
            "7": {
                  "mean_reward": -10.25
            },
            "8": {
                  "mean_reward": -1.7
            }
      },
      "1": {
            "episode_duration": 702,
            "agents_reward_for_plot": {
                  "0": -368.1566890833551,
                  "1": -99.53957280044459,
                  "2": -4.602826058662748,
                  "3": -175.23148379160557,
                  "4": -161.1227559423643,
                  "5": -83.514379158494,
                  "6": -80.15034712902785,
                  "7": -11.378830051481183,
                  "8": -5.211903597889191
            },
            "0": {
                  "mean_reward": -10.564516129032258
            },
            "1": {
                  "mean_reward": -6.611111111111111
            },
            "2": {
                  "mean_reward": -1.4166666666666667
            },
            "3": {
                  "mean_reward": -4.086206896551724
            },
            "4": {
                  "mean_reward": -9.27027027027027
            },
            "5": {
                  "mean_reward": -4.816326530612245
            },
            "6": {
                  "mean_reward": -3.26027397260274
            },
            "7": {
                  "mean_reward": -1.9402985074626866
            },
            "8": {
                  "mean_reward": -1.0
            }
      },
      "2": {
            "episode_duration": 559,
            "agents_reward_for_plot": {
                  "0": -676.0230829551001,
                  "1": -271.44593923225,
                  "2": -65.28256156958953,
                  "3": -410.0954961427482,
                  "4": -74.58868828929961,
                  "5": -124.41861462442817,
                  "6": -128.36029752692988,
                  "7": -230.99382834662038,
                  "8": -108.71147629049271
            },
            "0": {
                  "mean_reward": -11.804347826086957
            },
            "1": {
                  "mean_reward": -14.78125
            },
            "2": {
                  "mean_reward": -5.769230769230769
            },
            "3": {
                  "mean_reward": -10.428571428571429
            },
            "4": {
                  "mean_reward": -6.7727272727272725
            },
            "5": {
                  "mean_reward": -9.5
            },
            "6": {
                  "mean_reward": -6.071428571428571
            },
            "7": {
                  "mean_reward": -20.571428571428573
            },
            "8": {
                  "mean_reward": -10.818181818181818
            }
      },
      "3": {
            "episode_duration": 626,
            "agents_reward_for_plot": {
                  "0": -1391.1750904709727,
                  "1": -1407.7465901007185,
                  "2": -540.289355498793,
                  "3": -235.17369735340966,
                  "4": -119.46705632359944,
                  "5": -122.820021007595,
                  "6": -7.037732787091073,
                  "7": -7.083250843032101,
                  "8": -3.4456432921870124
            },
            "0": {
                  "mean_reward": -23.8
            },
            "1": {
                  "mean_reward": -35.19298245614035
            },
            "2": {
                  "mean_reward": -22.354166666666668
            },
            "3": {
                  "mean_reward": -8.842105263157896
            },
            "4": {
                  "mean_reward": -7.275
            },
            "5": {
                  "mean_reward": -12.736842105263158
            },
            "6": {
                  "mean_reward": -1.6333333333333333
            },
            "7": {
                  "mean_reward": -1.7017543859649122
            },
            "8": {
                  "mean_reward": -1.8823529411764706
            }
      },
      "4": {
            "episode_duration": 971,
            "agents_reward_for_plot": {
                  "0": -429.7891898037137,
                  "1": -81.44000604437376,
                  "2": -11.618906440452568,
                  "3": -240.86916574175822,
                  "4": -79.44488960451083,
                  "5": -3.915430969123788,
                  "6": -74.98284380876424,
                  "7": -9.790115469093946,
                  "8": -2.1732957417054095
            },
            "0": {
                  "mean_reward": -14.166666666666666
            },
            "1": {
                  "mean_reward": -3.975
            },
            "2": {
                  "mean_reward": -1.0
            },
            "3": {
                  "mean_reward": -9.179487179487179
            },
            "4": {
                  "mean_reward": -5.6
            },
            "5": {
                  "mean_reward": -1.3793103448275863
            },
            "6": {
                  "mean_reward": -3.1702127659574466
            },
            "7": {
                  "mean_reward": -1.25
            },
            "8": {
                  "mean_reward": -1.3333333333333333
            }
      },
      "5": {
            "episode_duration": 301,
            "agents_reward_for_plot": {
                  "0": -366.34455920642563,
                  "1": -100.13978039036341,
                  "2": -4.733030158917838,
                  "3": -96.07076753902459,
                  "4": -87.6400630946269,
                  "5": -6.268892287330164,
                  "6": -72.3744665146744,
                  "7": -147.4226367292834,
                  "8": -2.5904214019490697
            },
            "0": {
                  "mean_reward": -10.5
            },
            "1": {
                  "mean_reward": -6.038461538461538
            },
            "2": {
                  "mean_reward": -1.6923076923076923
            },
            "3": {
                  "mean_reward": -5.258064516129032
            },
            "4": {
                  "mean_reward": -8.625
            },
            "5": {
                  "mean_reward": -2.25
            },
            "6": {
                  "mean_reward": -8.642857142857142
            },
            "7": {
                  "mean_reward": -11.95
            },
            "8": {
                  "mean_reward": -1.0
            }
      },
      "6": {
            "episode_duration": 716,
            "agents_reward_for_plot": {
                  "0": -956.0231218670273,
                  "1": -610.1515487665843,
                  "2": -12.500224531530929,
                  "3": -565.997068791352,
                  "4": -4.252777830421072,
                  "5": -3.252885230996019,
                  "6": -476.8950110163265,
                  "7": -99.57670967455398,
                  "8": -1.919310548310887
            },
            "0": {
                  "mean_reward": -13.448
            },