{
      "0": {
            "episode_duration": 733,
            "agents_reward_for_plot": {
                  "0": -444.11211704100106,
                  "1": -420.3074736870533,
                  "2": -7.005488645886376,
                  "3": -177.84500634100235,
                  "4": -165.97522855346836,
                  "5": -1.9008273861390796,
                  "6": -149.40376039787054,
                  "7": -148.6559960289779,
                  "8": -3.051637326189335
            },
            "0": {
                  "mean_reward": -5.125
            },
            "1": {
                  "mean_reward": -11.73076923076923
            },
            "2": {
                  "mean_reward": -1.6875
            },
            "3": {
                  "mean_reward": -4.653333333333333
            },
            "4": {
                  "mean_reward": -7.1
            },
            "5": {
                  "mean_reward": -1.4
            },
            "6": {
                  "mean_reward": -2.308176100628931
            },
            "7": {
                  "mean_reward": -7.470588235294118
            },
            "8": {
                  "mean_reward": -2.0
            }
      },
      "1": {
            "episode_duration": 307,
            "agents_reward_for_plot": {
                  "0": -358.2528269705511,
                  "1": -170.58948727787316,
                  "2": -79.09845451233267,
                  "3": -170.05668950283942,
                  "4": -77.3815492046933,
                  "5": -68.61605664222087,
                  "6": -76.13477896320371,
                  "7": -5.413494249355822,
                  "8": -1.4199121494907312
            },
            "0": {
                  "mean_reward": -18.037037037037038
            },
            "1": {
                  "mean_reward": -17.615384615384617
            },
            "2": {
                  "mean_reward": -6.041666666666667
            },
            "3": {
                  "mean_reward": -11.523809523809524
            },
            "4": {
                  "mean_reward": -7.882352941176471
            },
            "5": {
                  "mean_reward": -13.875
            },
            "6": {
                  "mean_reward": -3.4318181818181817
            },
            "7": {
                  "mean_reward": -1.5714285714285714
            },
            "8": {
                  "mean_reward": -1.0
            }
      },
      "2": {
            "episode_duration": 831,
            "agents_reward_for_plot": {
                  "0": -437.0675701051581,
                  "1": -158.52308179587138,
                  "2": -5.564637745919755,
                  "3": -412.9779682200493,
                  "4": -83.24677756683461,
                  "5": -7.976565312778296,
                  "6": -9.957738506359028,
                  "7": -7.5788730039909655,
                  "8": -8.524669551182013
            },
            "0": {
                  "mean_reward": -4.105263157894737
            },
            "1": {
                  "mean_reward": -7.073170731707317
            },
            "2": {
                  "mean_reward": -1.7777777777777777
            },
            "3": {
                  "mean_reward": -8.397435897435898
            },
            "4": {
                  "mean_reward": -5.606060606060606
            },
            "5": {
                  "mean_reward": -1.6842105263157894
            },
            "6": {
                  "mean_reward": -1.703125
            },
            "7": {
                  "mean_reward": -1.7575757575757576
            },
            "8": {
                  "mean_reward": -2.0
            }
      },
      "3": {
            "episode_duration": 289,
            "agents_reward_for_plot": {
                  "0": -440.1293619143996,
                  "1": -76.72323520535762,
                  "2": -5.7598380962902045,
                  "3": -261.88467037696176,
                  "4": -75.85856547337679,
                  "5": -73.85919989112575,
                  "6": -82.0336539777083,
                  "7": -8.598011904035939,
                  "8": -8.1681174349203
            },
            "0": {
                  "mean_reward": -28.25
            },
            "1": {
                  "mean_reward": -5.0
            },
            "2": {
                  "mean_reward": -1.6153846153846154
            },
            "3": {
                  "mean_reward": -14.73076923076923
            },
            "4": {
                  "mean_reward": -19.0
            },
            "5": {
                  "mean_reward": -8.666666666666666
            },
            "6": {
                  "mean_reward": -3.8444444444444446
            },
            "7": {
                  "mean_reward": -2.6923076923076925
            },
            "8": {
                  "mean_reward": -1.7142857142857142
            }
      },
      "4": {
            "episode_duration": 374,
            "agents_reward_for_plot": {
                  "0": -544.0445806081846,
                  "1": -360.18598669908647,
                  "2": -142.74379938118625,
                  "3": -217.62652683183342,
                  "4": -71.41019642266292,
                  "5": -60.97816965539315,
                  "6": -141.5357954185293,
                  "7": -83.72037970933317,
                  "8": -1.174435417480302
            },
            "0": {
                  "mean_reward": -32.208333333333336
            },
            "1": {
                  "mean_reward": -21.72
            },
            "2": {
                  "mean_reward": -5.196078431372549
            },
            "3": {
                  "mean_reward": -14.347826086956522
            },
            "4": {
                  "mean_reward": -9.923076923076923
            },
            "5": {
                  "mean_reward": -7.0588235294117645
            },
            "6": {
                  "mean_reward": -8.464285714285714
            },
            "7": {
                  "mean_reward": -7.428571428571429
            },
            "8": {
                  "mean_reward": -1.3333333333333333
            }
      },
      "5": {
            "episode_duration": 557,
            "agents_reward_for_plot": {
                  "0": -428.0198002700343,
                  "1": -230.14066805970057,
                  "2": -83.54339756313156,
                  "3": -316.3013775518645,
                  "4": -140.57405907625613,
                  "5": -137.02649497479194,
                  "6": -74.11485890106243,
                  "7": -3.677416924396277,
                  "8": -76.5439784528916
            },
            "0": {
                  "mean_reward": -11.962962962962964
            },
            "1": {
                  "mean_reward": -8.222222222222221
            },
            "2": {
                  "mean_reward": -4.578947368421052
            },
            "3": {
                  "mean_reward": -11.26086956521739
            },
            "4": {
                  "mean_reward": -10.375
            },
            "5": {
                  "mean_reward": -19.636363636363637
            },
            "6": {
                  "mean_reward": -2.438775510204082
            },
            "7": {
                  "mean_reward": -1.0434782608695652
            },
            "8": {
                  "mean_reward": -5.848484848484849
            }
      },
      "6": {
            "episode_duration": 391,
            "agents_reward_for_plot": {
                  "0": -1158.6163579675963,
                  "1": -72.55380818793232,
                  "2": -6.09584257456354,
                  "3": -681.6048950514063,
                  "4": -250.37072076863473,
                  "5": -2.3209011295797137,
                  "6": -1.4757166851920616,
                  "7": -108.50258588315792,
                  "8": -3.321918874409437
            },