{
      "0": {
            "episode_duration": 262,
            "agents_reward_for_plot": {
                  "0": -1086.2124097613964,
                  "1": -523.2545944935562,
                  "2": -62.23167017203789,
                  "3": -130.18334504883913,
                  "4": -226.06265434189282,
                  "5": -175.5563132448714,
                  "6": -119.62681601206422,
                  "7": -10.387417309156996,
                  "8": -4.2048433253196515
            },
            "0": {
                  "mean_reward": -44.27272727272727
            },
            "1": {
                  "mean_reward": -41.27777777777778
            },
            "2": {
                  "mean_reward": -34.666666666666664
            },
            "3": {
                  "mean_reward": -9.916666666666666
            },
            "4": {
                  "mean_reward": -18.5
            },
            "5": {
                  "mean_reward": -31.3
            },
            "6": {
                  "mean_reward": -11.85
            },
            "7": {
                  "mean_reward": -2.3157894736842106
            },
            "8": {
                  "mean_reward": -1.75
            }
      },
      "1": {
            "episode_duration": 369,
            "agents_reward_for_plot": {
                  "0": -1376.820480518792,
                  "1": -492.7272878196455,
                  "2": -275.3221079422338,
                  "3": -262.2938889565093,
                  "4": -372.57458997348306,
                  "5": -183.84890800396212,
                  "6": -284.6173896662305,
                  "7": -182.12445672211308,
                  "8": -51.00677457329315
            },
            "0": {
                  "mean_reward": -47.212765957446805
            },
            "1": {
                  "mean_reward": -32.407407407407405
            },
            "2": {
                  "mean_reward": -27.94736842105263
            },
            "3": {
                  "mean_reward": -17.09090909090909
            },
            "4": {
                  "mean_reward": -20.38235294117647
            },
            "5": {
                  "mean_reward": -18.42105263157895
            },
            "6": {
                  "mean_reward": -19.575757575757574
            },
            "7": {
                  "mean_reward": -17.8
            },
            "8": {
                  "mean_reward": -11.0
            }
      },
      "2": {
            "episode_duration": 306,
            "agents_reward_for_plot": {
                  "0": -362.5633699054967,
                  "1": -98.94661932467835,
                  "2": -78.36256059016503,
                  "3": -164.41650040192232,
                  "4": -18.1946114369748,
                  "5": -76.45551607253373,
                  "6": -10.887407337423362,
                  "7": -7.970190014885253,
                  "8": -3.5843121552915314
            },
            "0": {
                  "mean_reward": -15.352941176470589
            },
            "1": {
                  "mean_reward": -6.851851851851852
            },
            "2": {
                  "mean_reward": -10.23076923076923
            },
            "3": {
                  "mean_reward": -8.878787878787879
            },
            "4": {
                  "mean_reward": -3.2083333333333335
            },
            "5": {
                  "mean_reward": -7.647058823529412
            },
            "6": {
                  "mean_reward": -1.8
            },
            "7": {
                  "mean_reward": -2.3846153846153846
            },
            "8": {
                  "mean_reward": -1.3333333333333333
            }
      },
      "3": {
            "episode_duration": 347,
            "agents_reward_for_plot": {
                  "0": -734.7723603010226,
                  "1": -140.24152196967125,
                  "2": -1.5074693371459122,
                  "3": -467.8257072589292,
                  "4": -67.67436307061068,
                  "5": -3.1794828126968553,
                  "6": -131.2342972105572,
                  "7": -68.670906769481,
                  "8": -2.994910062396578
            },
            "0": {
                  "mean_reward": -22.6046511627907
            },
            "1": {
                  "mean_reward": -23.333333333333332
            },
            "2": {
                  "mean_reward": -1.3333333333333333
            },
            "3": {
                  "mean_reward": -13.714285714285714
            },
            "4": {
                  "mean_reward": -9.214285714285714
            },
            "5": {
                  "mean_reward": -1.1428571428571428
            },
            "6": {
                  "mean_reward": -13.5
            },
            "7": {
                  "mean_reward": -5.809523809523809
            },
            "8": {
                  "mean_reward": -1.7777777777777777
            }
      },
      "4": {
            "episode_duration": 319,
            "agents_reward_for_plot": {
                  "0": -423.0016542081052,
                  "1": -147.57510430172326,
                  "2": -8.290124848266318,
                  "3": -227.41712924773515,
                  "4": -211.0787280413232,
                  "5": -7.101240624620473,
                  "6": -226.98902364186182,
                  "7": -5.93994783813392,
                  "8": -2.211984412343108
            },
            "0": {
                  "mean_reward": -15.605263157894736
            },
            "1": {
                  "mean_reward": -13.444444444444445
            },
            "2": {
                  "mean_reward": -2.5
            },
            "3": {
                  "mean_reward": -11.766666666666667
            },
            "4": {
                  "mean_reward": -17.842105263157894
            },
            "5": {
                  "mean_reward": -1.9285714285714286
            },
            "6": {
                  "mean_reward": -16.94736842105263
            },
            "7": {
                  "mean_reward": -1.6923076923076923
            },
            "8": {
                  "mean_reward": -1.3333333333333333
            }
      },
      "5": {
            "episode_duration": 262,
            "agents_reward_for_plot": {
                  "0": -499.68446647229865,
                  "1": -170.54680105329723,
                  "2": -138.99619194683862,
                  "3": -229.31712943673935,
                  "4": -90.77634824712052,
                  "5": -7.996056227846083,
                  "6": -71.08087530089799,
                  "7": -5.0223091988081086,
                  "8": -4.563862632107537
            },
            "0": {
                  "mean_reward": -28.125
            },
            "1": {
                  "mean_reward": -11.65
            },
            "2": {
                  "mean_reward": -16.23076923076923
            },
            "3": {
                  "mean_reward": -19.38888888888889
            },
            "4": {
                  "mean_reward": -8.588235294117647
            },
            "5": {
                  "mean_reward": -2.1666666666666665
            },
            "6": {
                  "mean_reward": -6.0
            },
            "7": {
                  "mean_reward": -2.0
            },
            "8": {
                  "mean_reward": -1.8
            }
      },
      "6": {
            "episode_duration": 331,
            "agents_reward_for_plot": {
                  "0": -877.8705982738675,
                  "1": -229.58215272308496,
                  "2": -6.705141501275304,
                  "3": -339.34719520901734,
                  "4": -355.2171433275418,
                  "5": -262.62281338535496,
                  "6": -5.684586408627323,
                  "7": -7.942292455879104,
                  "8": -126.0439786032255
            },