{
      "0": {
            "episode_duration": 57,
            "agents_reward_for_plot": {
                  "0": 46.622192097342506,
                  "1": 22.88576007546515,
                  "2": 18.74931853275511,
                  "3": 0,
                  "4": 9.17922908803801,
                  "5": 7.8244916689597455,
                  "6": 0,
                  "7": 0,
                  "8": 0
            },
            "0": {
                  "mean_reward": 46.622192097342506
            },
            "1": {
                  "mean_reward": 22.88576007546515
            },
            "2": {
                  "mean_reward": 18.74931853275511
            },
            "3": {
                  "mean_reward": 0.0
            },
            "4": {
                  "mean_reward": 9.17922908803801
            },
            "5": {
                  "mean_reward": 7.8244916689597455
            },
            "6": {
                  "mean_reward": 0.0
            },
            "7": {
                  "mean_reward": 0.0
            },
            "8": {
                  "mean_reward": 0.0
            }
      },
      "1": {
            "episode_duration": 79,
            "agents_reward_for_plot": {
                  "0": 46.9911773697318,
                  "1": 26.882820167203946,
                  "2": 30.248250884981474,
                  "3": 8.58029160331496,
                  "4": 18.065352555812815,
                  "5": 0,
                  "6": 0,
                  "7": 0,
                  "8": 0
            },
            "0": {
                  "mean_reward": 46.9911773697318
            },
            "1": {
                  "mean_reward": 26.882820167203946
            },
            "2": {
                  "mean_reward": 30.248250884981474
            },
            "3": {
                  "mean_reward": 8.58029160331496
            },
            "4": {
                  "mean_reward": 18.065352555812815
            },
            "5": {
                  "mean_reward": 0.0
            },
            "6": {
                  "mean_reward": 0.0
            },
            "7": {
                  "mean_reward": 0.0
            },
            "8": {
                  "mean_reward": 0.0
            }
      },
      "2": {
            "episode_duration": 154,
            "agents_reward_for_plot": {
                  "0": 76.00686863198298,
                  "1": 57.4213533018376,
                  "2": 19.213074566395566,
                  "3": 44.67283885559037,
                  "4": 51.28718235245215,
                  "5": 0,
                  "6": 33.840492522475884,
                  "7": 40.056725019263084,
                  "8": 51.9522468532642
            },
            "0": {
                  "mean_reward": 76.00686863198298
            },
            "1": {
                  "mean_reward": 57.4213533018376
            },
            "2": {
                  "mean_reward": 19.213074566395566
            },
            "3": {
                  "mean_reward": 44.67283885559037
            },
            "4": {
                  "mean_reward": 51.28718235245215
            },
            "5": {
                  "mean_reward": 0.0
            },
            "6": {
                  "mean_reward": 33.840492522475884
            },
            "7": {
                  "mean_reward": 40.056725019263084
            },
            "8": {
                  "mean_reward": 51.9522468532642
            }
      },
      "3": {
            "episode_duration": 67,
            "agents_reward_for_plot": {
                  "0": 50.3154782466655,
                  "1": 23.68510757574307,
                  "2": 0,
                  "3": 44.024029849943986,
                  "4": 15.660219593887476,
                  "5": 0,
                  "6": 11.741046168164415,
                  "7": 9.680097074200582,
                  "8": 0
            },
            "0": {
                  "mean_reward": 50.3154782466655
            },
            "1": {
                  "mean_reward": 23.68510757574307
            },
            "2": {
                  "mean_reward": 0.0
            },
            "3": {
                  "mean_reward": 44.024029849943986
            },
            "4": {
                  "mean_reward": 15.660219593887476
            },
            "5": {
                  "mean_reward": 0.0
            },
            "6": {
                  "mean_reward": 11.741046168164415
            },
            "7": {
                  "mean_reward": 9.680097074200582
            },
            "8": {
                  "mean_reward": 0.0
            }
      },
      "4": {
            "episode_duration": 121,
            "agents_reward_for_plot": {
                  "0": 83.99657119360035,
                  "1": 41.103904773042586,
                  "2": 37.96114077977268,
                  "3": 84.86851857150205,
                  "4": 51.625419033401386,
                  "5": 21.648334850945123,
                  "6": 79.40997430739952,
                  "7": 67.05154019749568,
                  "8": 27.549585073877267
            },
            "0": {
                  "mean_reward": 83.99657119360035
            },
            "1": {
                  "mean_reward": 41.103904773042586
            },
            "2": {
                  "mean_reward": 37.96114077977268
            },
            "3": {
                  "mean_reward": 84.86851857150205
            },
            "4": {
                  "mean_reward": 51.625419033401386
            },
            "5": {
                  "mean_reward": 21.648334850945123
            },
            "6": {
                  "mean_reward": 79.40997430739952
            },
            "7": {
                  "mean_reward": 67.05154019749568
            },
            "8": {
                  "mean_reward": 27.549585073877267
            }
      },
      "5": {
            "episode_duration": 215,
            "agents_reward_for_plot": {
                  "0": 154.39701392869785,
                  "1": 8.640044729500934,
                  "2": 0,
                  "3": 91.95525314294981,
                  "4": 72.89484973047531,
                  "5": 81.91319795674951,
                  "6": 88.0270638016525,
                  "7": 71.83427319281901,
                  "8": 61.100981363629494
            },
            "0": {
                  "mean_reward": 154.39701392869785
            },
            "1": {
                  "mean_reward": 8.640044729500934
            },
            "2": {
                  "mean_reward": 0.0
            },
            "3": {
                  "mean_reward": 91.95525314294981
            },
            "4": {
                  "mean_reward": 72.89484973047531
            },
            "5": {
                  "mean_reward": 81.91319795674951
            },
            "6": {
                  "mean_reward": 88.0270638016525
            },
            "7": {
                  "mean_reward": 71.83427319281901
            },
            "8": {
                  "mean_reward": 61.100981363629494
            }
      },
      "6": {
            "episode_duration": 134,
            "agents_reward_for_plot": {
                  "0": 73.7774490587869,
                  "1": 59.07667832960068,
                  "2": 0,
                  "3": 40.59888169557755,
                  "4": 37.17394660348916,
                  "5": 0,
                  "6": 37.162881572431985,
                  "7": 39.60983985565648,
                  "8": 0
            },
            "0": {
                  "mean_reward": 73.7774490587869
            },
            "1": {
                  "mean_reward": 59.07667832960068
            },
            "2": {
                  "mean_reward": 0.0
            },
            "3": {
                  "mean_reward": 40.59888169557755
            },