{
      "0": {
            "episode_duration": 75,
            "agents_reward_for_plot": {
                  "0": 15.215840798399999,
                  "1": -16.66390536685099,
                  "2": -28.30693106628393,
                  "3": 0,
                  "4": 6.554770212532032,
                  "5": -18.269754547867592,
                  "6": 0,
                  "7": 0,
                  "8": -25.043413497978555
            },
            "0": {
                  "mean_reward": 15.215840798399999
            },
            "1": {
                  "mean_reward": -16.66390536685099
            },
            "2": {
                  "mean_reward": -28.30693106628393
            },
            "3": {
                  "mean_reward": 0.0
            },
            "4": {
                  "mean_reward": 6.554770212532032
            },
            "5": {
                  "mean_reward": -18.269754547867592
            },
            "6": {
                  "mean_reward": 0.0
            },
            "7": {
                  "mean_reward": 0.0
            },
            "8": {
                  "mean_reward": -25.043413497978555
            }
      },
      "1": {
            "episode_duration": 51,
            "agents_reward_for_plot": {
                  "0": 15.215840798399999,
                  "1": 3.968071418218277,
                  "2": 0,
                  "3": -12.093831972314527,
                  "4": 5.3548699677030545,
                  "5": 0,
                  "6": 0,
                  "7": 0,
                  "8": 0
            },
            "0": {
                  "mean_reward": 15.215840798399999
            },
            "1": {
                  "mean_reward": 3.968071418218277
            },
            "2": {
                  "mean_reward": 0.0
            },
            "3": {
                  "mean_reward": -12.093831972314527
            },
            "4": {
                  "mean_reward": 5.3548699677030545
            },
            "5": {
                  "mean_reward": 0.0
            },
            "6": {
                  "mean_reward": 0.0
            },
            "7": {
                  "mean_reward": 0.0
            },
            "8": {
                  "mean_reward": 0.0
            }
      },
      "2": {
            "episode_duration": 61,
            "agents_reward_for_plot": {
                  "0": 13.962055516611839,
                  "1": -11.889957053161314,
                  "2": -4.652387825996357,
                  "3": 0,
                  "4": -15.016201090228513,
                  "5": 0,
                  "6": 0,
                  "7": 0,
                  "8": 0
            },
            "0": {
                  "mean_reward": 13.962055516611839
            },
            "1": {
                  "mean_reward": -11.889957053161314
            },
            "2": {
                  "mean_reward": -4.652387825996357
            },
            "3": {
                  "mean_reward": 0.0
            },
            "4": {
                  "mean_reward": -15.016201090228513
            },
            "5": {
                  "mean_reward": 0.0
            },
            "6": {
                  "mean_reward": 0.0
            },
            "7": {
                  "mean_reward": 0.0
            },
            "8": {
                  "mean_reward": 0.0
            }
      },
      "3": {
            "episode_duration": 91,
            "agents_reward_for_plot": {
                  "0": 13.962055516611839,
                  "1": 3.8891067969957334,
                  "2": 0,
                  "3": 0,
                  "4": -38.349478958314855,
                  "5": 0,
                  "6": -12.684491383472082,
                  "7": -24.720048077871756,
                  "8": -9.463673383325833
            },
            "0": {
                  "mean_reward": 13.962055516611839
            },
            "1": {
                  "mean_reward": 3.8891067969957334
            },
            "2": {
                  "mean_reward": 0.0
            },
            "3": {
                  "mean_reward": 0.0
            },
            "4": {
                  "mean_reward": -38.349478958314855
            },
            "5": {
                  "mean_reward": 0.0
            },
            "6": {
                  "mean_reward": -12.684491383472082
            },
            "7": {
                  "mean_reward": -24.720048077871756
            },
            "8": {
                  "mean_reward": -9.463673383325833
            }
      },
      "4": {
            "episode_duration": 90,
            "agents_reward_for_plot": {
                  "0": -0.8167842778098251,
                  "1": -37.45075384955422,
                  "2": -20.405032446755015,
                  "3": -26.368336052402412,
                  "4": 4.148118491701634,
                  "5": 0,
                  "6": 0,
                  "7": 0,
                  "8": 0
            },
            "0": {
                  "mean_reward": -0.8167842778098251
            },
            "1": {
                  "mean_reward": -37.45075384955422
            },
            "2": {
                  "mean_reward": -20.405032446755015
            },
            "3": {
                  "mean_reward": -26.368336052402412
            },
            "4": {
                  "mean_reward": 4.148118491701634
            },
            "5": {
                  "mean_reward": 0.0
            },
            "6": {
                  "mean_reward": 0.0
            },
            "7": {
                  "mean_reward": 0.0
            },
            "8": {
                  "mean_reward": 0.0
            }
      },
      "5": {
            "episode_duration": 63,
            "agents_reward_for_plot": {
                  "0": -10.339744903225895,
                  "1": -0.17811528028515955,
                  "2": 0,
                  "3": -45.739450976598775,
                  "4": 8.024771832249744,
                  "5": 0,
                  "6": 0,
                  "7": 0,
                  "8": 0
            },
            "0": {
                  "mean_reward": -10.339744903225895
            },
            "1": {
                  "mean_reward": -0.17811528028515955
            },
            "2": {
                  "mean_reward": 0.0
            },
            "3": {
                  "mean_reward": -45.739450976598775
            },
            "4": {
                  "mean_reward": 8.024771832249744
            },
            "5": {
                  "mean_reward": 0.0
            },
            "6": {
                  "mean_reward": 0.0
            },
            "7": {
                  "mean_reward": 0.0
            },
            "8": {
                  "mean_reward": 0.0
            }
      },
      "6": {
            "episode_duration": 67,
            "agents_reward_for_plot": {
                  "0": -6.1993609194011,
                  "1": -15.28603920256406,
                  "2": -8.729222272075623,
                  "3": 0,
                  "4": -11.741046168164415,
                  "5": 0,
                  "6": 0,
                  "7": 0,
                  "8": 0
            },
            "0": {
                  "mean_reward": -6.1993609194011
            },
            "1": {
                  "mean_reward": -15.28603920256406
            },
            "2": {
                  "mean_reward": -8.729222272075623
            },
            "3": {
                  "mean_reward": 0.0
            },
            "4": {
                  "mean_reward": -11.741046168164415
            },
            "5": {
                  "mean_reward": 0.0
            },
            "6": {
                  "mean_reward": 0.0
            },
            "7": {
                  "mean_reward": 0.0
            },
            "8": {
                  "mean_reward": 0.0
            }
      },