{
      "0": {
            "episode_duration": 289,
            "agents_reward_for_plot": {
                  "0": -219.0932886440977,
                  "1": -82.82685681558615,
                  "2": -59.153491130687335,
                  "3": -228.43760540704415,
                  "4": -0.8916026598485227,
                  "5": -22.890630464055885,
                  "6": -6.671700111967364,
                  "7": -11.630858664264892,
                  "8": -10.448014348425447
            },
            "0": {
                  "mean_reward": -219.0932886440977
            },
            "1": {
                  "mean_reward": -82.82685681558615
            },
            "2": {
                  "mean_reward": -59.153491130687335
            },
            "3": {
                  "mean_reward": -228.43760540704415
            },
            "4": {
                  "mean_reward": -0.8916026598485227
            },
            "5": {
                  "mean_reward": -22.890630464055885
            },
            "6": {
                  "mean_reward": -6.671700111967364
            },
            "7": {
                  "mean_reward": -11.630858664264892
            },
            "8": {
                  "mean_reward": -10.448014348425447
            }
      },
      "1": {
            "episode_duration": 73,
            "agents_reward_for_plot": {
                  "0": -53.592758137101754,
                  "1": -24.409685932456263,
                  "2": -16.626792059563353,
                  "3": 0,
                  "4": -7.8157259396700915,
                  "5": -4.791648051729288,
                  "6": 0,
                  "7": 0,
                  "8": 0
            },
            "0": {
                  "mean_reward": -53.592758137101754
            },
            "1": {
                  "mean_reward": -24.409685932456263
            },
            "2": {
                  "mean_reward": -16.626792059563353
            },
            "3": {
                  "mean_reward": 0.0
            },
            "4": {
                  "mean_reward": -7.8157259396700915
            },
            "5": {
                  "mean_reward": -4.791648051729288
            },
            "6": {
                  "mean_reward": 0.0
            },
            "7": {
                  "mean_reward": 0.0
            },
            "8": {
                  "mean_reward": 0.0
            }
      },
      "2": {
            "episode_duration": 79,
            "agents_reward_for_plot": {
                  "0": -55.016382276873145,
                  "1": -18.747026133681523,
                  "2": 0,
                  "3": 0,
                  "4": -18.065352555812815,
                  "5": 0,
                  "6": 0,
                  "7": 0,
                  "8": 0
            },
            "0": {
                  "mean_reward": -55.016382276873145
            },
            "1": {
                  "mean_reward": -18.747026133681523
            },
            "2": {
                  "mean_reward": 0.0
            },
            "3": {
                  "mean_reward": 0.0
            },
            "4": {
                  "mean_reward": -18.065352555812815
            },
            "5": {
                  "mean_reward": 0.0
            },
            "6": {
                  "mean_reward": 0.0
            },
            "7": {
                  "mean_reward": 0.0
            },
            "8": {
                  "mean_reward": 0.0
            }
      },
      "3": {
            "episode_duration": 403,
            "agents_reward_for_plot": {
                  "0": -96.05057678812693,
                  "1": -6.236046813797021,
                  "2": -3.4749554368969244,
                  "3": -66.09717857266472,
                  "4": -109.98519850253544,
                  "5": -1.4998141323488465,
                  "6": -31.302853645362138,
                  "7": 0,
                  "8": 0
            },
            "0": {
                  "mean_reward": -96.05057678812693
            },
            "1": {
                  "mean_reward": -6.236046813797021
            },
            "2": {
                  "mean_reward": -3.4749554368969244
            },
            "3": {
                  "mean_reward": -66.09717857266472
            },
            "4": {
                  "mean_reward": -109.98519850253544
            },
            "5": {
                  "mean_reward": -1.4998141323488465
            },
            "6": {
                  "mean_reward": -31.302853645362138
            },
            "7": {
                  "mean_reward": 0.0
            },
            "8": {
                  "mean_reward": 0.0
            }
      },
      "4": {
            "episode_duration": 83,
            "agents_reward_for_plot": {
                  "0": -52.763446868510265,
                  "1": -28.913131035329208,
                  "2": -18.234139922186074,
                  "3": 0,
                  "4": -7.583539560442778,
                  "5": 0,
                  "6": 0,
                  "7": 0,
                  "8": 0
            },
            "0": {
                  "mean_reward": -52.763446868510265
            },
            "1": {
                  "mean_reward": -28.913131035329208
            },
            "2": {
                  "mean_reward": -18.234139922186074
            },
            "3": {
                  "mean_reward": 0.0
            },
            "4": {
                  "mean_reward": -7.583539560442778
            },
            "5": {
                  "mean_reward": 0.0
            },
            "6": {
                  "mean_reward": 0.0
            },
            "7": {
                  "mean_reward": 0.0
            },
            "8": {
                  "mean_reward": 0.0
            }
      },
      "5": {
            "episode_duration": 95,
            "agents_reward_for_plot": {
                  "0": -77.10964774876409,
                  "1": -45.26103795248076,
                  "2": 0,
                  "3": -10.246829817163375,
                  "4": -32.35522357691088,
                  "5": 0,
                  "6": -17.97918683438983,
                  "7": -26.9900136730678,
                  "8": 0
            },
            "0": {
                  "mean_reward": -77.10964774876409
            },
            "1": {
                  "mean_reward": -45.26103795248076
            },
            "2": {
                  "mean_reward": 0.0
            },
            "3": {
                  "mean_reward": -10.246829817163375
            },
            "4": {
                  "mean_reward": -32.35522357691088
            },
            "5": {
                  "mean_reward": 0.0
            },
            "6": {
                  "mean_reward": -17.97918683438983
            },
            "7": {
                  "mean_reward": -26.9900136730678
            },
            "8": {
                  "mean_reward": 0.0
            }
      },
      "6": {
            "episode_duration": 115,
            "agents_reward_for_plot": {
                  "0": -62.01221865650841,
                  "1": -27.06078772659697,
                  "2": -34.532967030576266,
                  "3": -6.858848125881894,
                  "4": -16.430738024410736,
                  "5": 0,
                  "6": 0,
                  "7": 0,
                  "8": 0
            },
            "0": {
                  "mean_reward": -62.01221865650841
            },
            "1": {
                  "mean_reward": -27.06078772659697
            },
            "2": {
                  "mean_reward": -34.532967030576266
            },
            "3": {
                  "mean_reward": -6.858848125881894
            },
            "4": {
                  "mean_reward": -16.430738024410736
            },
            "5": {
                  "mean_reward": 0.0
            },