{
      "0": {
            "episode_duration": 55,
            "agents_reward_for_plot": {
                  "0": 40.983240843286396,
                  "1": 15.072341184563774,
                  "2": 0,
                  "3": 39.65097903331559,
                  "4": 9.365604619975525,
                  "5": 0,
                  "6": 0,
                  "7": 0,
                  "8": 0
            },
            "0": {
                  "mean_reward": 40.983240843286396
            },
            "1": {
                  "mean_reward": 15.072341184563774
            },
            "2": {
                  "mean_reward": 0.0
            },
            "3": {
                  "mean_reward": 39.65097903331559
            },
            "4": {
                  "mean_reward": 9.365604619975525
            },
            "5": {
                  "mean_reward": 0.0
            },
            "6": {
                  "mean_reward": 0.0
            },
            "7": {
                  "mean_reward": 0.0
            },
            "8": {
                  "mean_reward": 0.0
            }
      },
      "1": {
            "episode_duration": 78,
            "agents_reward_for_plot": {
                  "0": 51.96711201570854,
                  "1": 42.85517131675739,
                  "2": 0,
                  "3": 20.25100610651874,
                  "4": 12.025911942546163,
                  "5": 0,
                  "6": 21.669320223396255,
                  "7": 8.666961215469657,
                  "8": 0
            },
            "0": {
                  "mean_reward": 51.96711201570854
            },
            "1": {
                  "mean_reward": 42.85517131675739
            },
            "2": {
                  "mean_reward": 0.0
            },
            "3": {
                  "mean_reward": 20.25100610651874
            },
            "4": {
                  "mean_reward": 12.025911942546163
            },
            "5": {
                  "mean_reward": 0.0
            },
            "6": {
                  "mean_reward": 21.669320223396255
            },
            "7": {
                  "mean_reward": 8.666961215469657
            },
            "8": {
                  "mean_reward": 0.0
            }
      },
      "2": {
            "episode_duration": 67,
            "agents_reward_for_plot": {
                  "0": 45.13494767756863,
                  "1": 15.34674133029324,
                  "2": 0,
                  "3": 43.44471477019958,
                  "4": 26.554658773425064,
                  "5": 0,
                  "6": 49.2436039842294,
                  "7": 0,
                  "8": 0
            },
            "0": {
                  "mean_reward": 45.13494767756863
            },
            "1": {
                  "mean_reward": 15.34674133029324
            },
            "2": {
                  "mean_reward": 0.0
            },
            "3": {
                  "mean_reward": 43.44471477019958
            },
            "4": {
                  "mean_reward": 26.554658773425064
            },
            "5": {
                  "mean_reward": 0.0
            },
            "6": {
                  "mean_reward": 49.2436039842294
            },
            "7": {
                  "mean_reward": 0.0
            },
            "8": {
                  "mean_reward": 0.0
            }
      },
      "3": {
            "episode_duration": 87,
            "agents_reward_for_plot": {
                  "0": 67.50265852455385,
                  "1": 10.927150975656435,
                  "2": 0,
                  "3": 48.18020260043326,
                  "4": 35.859247254720856,
                  "5": 24.820167091286798,
                  "6": 54.25486094107008,
                  "7": 29.802691844279256,
                  "8": 31.759265305833306
            },
            "0": {
                  "mean_reward": 67.50265852455385
            },
            "1": {
                  "mean_reward": 10.927150975656435
            },
            "2": {
                  "mean_reward": 0.0
            },
            "3": {
                  "mean_reward": 48.18020260043326
            },
            "4": {
                  "mean_reward": 35.859247254720856
            },
            "5": {
                  "mean_reward": 24.820167091286798
            },
            "6": {
                  "mean_reward": 54.25486094107008
            },
            "7": {
                  "mean_reward": 29.802691844279256
            },
            "8": {
                  "mean_reward": 31.759265305833306
            }
      },
      "4": {
            "episode_duration": 45,
            "agents_reward_for_plot": {
                  "0": 37.088611946099995,
                  "1": 16.665899956516764,
                  "2": 0,
                  "3": 0,
                  "4": 10.355805227435923,
                  "5": 0,
                  "6": 0,
                  "7": 0,
                  "8": 0
            },
            "0": {
                  "mean_reward": 37.088611946099995
            },
            "1": {
                  "mean_reward": 16.665899956516764
            },
            "2": {
                  "mean_reward": 0.0
            },
            "3": {
                  "mean_reward": 0.0
            },
            "4": {
                  "mean_reward": 10.355805227435923
            },
            "5": {
                  "mean_reward": 0.0
            },
            "6": {
                  "mean_reward": 0.0
            },
            "7": {
                  "mean_reward": 0.0
            },
            "8": {
                  "mean_reward": 0.0
            }
      },
      "5": {
            "episode_duration": 67,
            "agents_reward_for_plot": {
                  "0": 53.95353850437452,
                  "1": 29.73136585953704,
                  "2": 23.078983630316557,
                  "3": 0,
                  "4": 8.301530249620992,
                  "5": 12.07132691367398,
                  "6": 0,
                  "7": 0,
                  "8": 0
            },
            "0": {
                  "mean_reward": 53.95353850437452
            },
            "1": {
                  "mean_reward": 29.73136585953704
            },
            "2": {
                  "mean_reward": 23.078983630316557
            },
            "3": {
                  "mean_reward": 0.0
            },
            "4": {
                  "mean_reward": 8.301530249620992
            },
            "5": {
                  "mean_reward": 12.07132691367398
            },
            "6": {
                  "mean_reward": 0.0
            },
            "7": {
                  "mean_reward": 0.0
            },
            "8": {
                  "mean_reward": 0.0
            }
      },
      "6": {
            "episode_duration": 45,
            "agents_reward_for_plot": {
                  "0": 37.088611946099995,
                  "1": 16.665899956516764,
                  "2": 0,
                  "3": 0,
                  "4": 10.355805227435923,
                  "5": 0,
                  "6": 0,
                  "7": 0,
                  "8": 0
            },
            "0": {
                  "mean_reward": 37.088611946099995
            },
            "1": {
                  "mean_reward": 16.665899956516764
            },
            "2": {
                  "mean_reward": 0.0
            },
            "3": {
                  "mean_reward": 0.0
            },
            "4": {
                  "mean_reward": 10.355805227435923
            },
            "5": {
                  "mean_reward": 0.0
            },
            "6": {
                  "mean_reward": 0.0
            },
            "7": {
                  "mean_reward": 0.0
            },
            "8": {
                  "mean_reward": 0.0
            }
      },
      "7": {
            "episode_duration": 47,