{
      "0": {
            "episode_duration": 53,
            "agents_reward_for_plot": {
                  "0": 11.763305810038254,
                  "1": 3.8117135717355177,
                  "2": 0,
                  "3": -41.942940655814546,
                  "4": 7.466243289813166,
                  "5": 0,
                  "6": 0,
                  "7": 0,
                  "8": 0
            },
            "0": {
                  "mean_reward": 11.763305810038254
            },
            "1": {
                  "mean_reward": 3.8117135717355177
            },
            "2": {
                  "mean_reward": 0.0
            },
            "3": {
                  "mean_reward": -41.942940655814546
            },
            "4": {
                  "mean_reward": 7.466243289813166
            },
            "5": {
                  "mean_reward": 0.0
            },
            "6": {
                  "mean_reward": 0.0
            },
            "7": {
                  "mean_reward": 0.0
            },
            "8": {
                  "mean_reward": 0.0
            }
      },
      "1": {
            "episode_duration": 84,
            "agents_reward_for_plot": {
                  "0": 3.226553917465594,
                  "1": -37.70446542653825,
                  "2": -21.100834501609178,
                  "3": -21.35301163491474,
                  "4": -15.236889701739003,
                  "5": 0,
                  "6": -22.446914216083197,
                  "7": 0,
                  "8": 0
            },
            "0": {
                  "mean_reward": 3.226553917465594
            },
            "1": {
                  "mean_reward": -37.70446542653825
            },
            "2": {
                  "mean_reward": -21.100834501609178
            },
            "3": {
                  "mean_reward": -21.35301163491474
            },
            "4": {
                  "mean_reward": -15.236889701739003
            },
            "5": {
                  "mean_reward": 0.0
            },
            "6": {
                  "mean_reward": -22.446914216083197
            },
            "7": {
                  "mean_reward": 0.0
            },
            "8": {
                  "mean_reward": 0.0
            }
      },
      "2": {
            "episode_duration": 49,
            "agents_reward_for_plot": {
                  "0": -40.892572145699994,
                  "1": 3.8117135717355177,
                  "2": 0,
                  "3": -38.214679264186586,
                  "4": 23.85346791427805,
                  "5": 0,
                  "6": 0,
                  "7": 0,
                  "8": 0
            },
            "0": {
                  "mean_reward": -40.892572145699994
            },
            "1": {
                  "mean_reward": 3.8117135717355177
            },
            "2": {
                  "mean_reward": 0.0
            },
            "3": {
                  "mean_reward": -38.214679264186586
            },
            "4": {
                  "mean_reward": 23.85346791427805
            },
            "5": {
                  "mean_reward": 0.0
            },
            "6": {
                  "mean_reward": 0.0
            },
            "7": {
                  "mean_reward": 0.0
            },
            "8": {
                  "mean_reward": 0.0
            }
      },
      "3": {
            "episode_duration": 51,
            "agents_reward_for_plot": {
                  "0": 13.962055516611839,
                  "1": 3.8891067969957334,
                  "2": 0,
                  "3": 0,
                  "4": 6.878430826770895,
                  "5": 0,
                  "6": 0,
                  "7": -11.368851636356673,
                  "8": 0
            },
            "0": {
                  "mean_reward": 13.962055516611839
            },
            "1": {
                  "mean_reward": 3.8891067969957334
            },
            "2": {
                  "mean_reward": 0.0
            },
            "3": {
                  "mean_reward": 0.0
            },
            "4": {
                  "mean_reward": 6.878430826770895
            },
            "5": {
                  "mean_reward": 0.0
            },
            "6": {
                  "mean_reward": 0.0
            },
            "7": {
                  "mean_reward": -11.368851636356673
            },
            "8": {
                  "mean_reward": 0.0
            }
      },
      "4": {
            "episode_duration": 73,
            "agents_reward_for_plot": {
                  "0": -5.742113939308394,
                  "1": -29.70116130486947,
                  "2": -36.55760389175989,
                  "3": -25.070875849784645,
                  "4": -6.672163458453723,
                  "5": 3.8117135717355177,
                  "6": 0,
                  "7": -9.113619239634547,
                  "8": 0
            },
            "0": {
                  "mean_reward": -5.742113939308394
            },
            "1": {
                  "mean_reward": -29.70116130486947
            },
            "2": {
                  "mean_reward": -36.55760389175989
            },
            "3": {
                  "mean_reward": -25.070875849784645
            },
            "4": {
                  "mean_reward": -6.672163458453723
            },
            "5": {
                  "mean_reward": 3.8117135717355177
            },
            "6": {
                  "mean_reward": 0.0
            },
            "7": {
                  "mean_reward": -9.113619239634547
            },
            "8": {
                  "mean_reward": 0.0
            }
      },
      "5": {
            "episode_duration": 53,
            "agents_reward_for_plot": {
                  "0": 9.416729227725574,
                  "1": 3.6615168482719875,
                  "2": 0,
                  "3": -36.708868424607374,
                  "4": 8.873209735135031,
                  "5": 0,
                  "6": 0,
                  "7": 0,
                  "8": 0
            },
            "0": {
                  "mean_reward": 9.416729227725574
            },
            "1": {
                  "mean_reward": 3.6615168482719875
            },
            "2": {
                  "mean_reward": 0.0
            },
            "3": {
                  "mean_reward": -36.708868424607374
            },
            "4": {
                  "mean_reward": 8.873209735135031
            },
            "5": {
                  "mean_reward": 0.0
            },
            "6": {
                  "mean_reward": 0.0
            },
            "7": {
                  "mean_reward": 0.0
            },
            "8": {
                  "mean_reward": 0.0
            }
      },
      "6": {
            "episode_duration": 45,
            "agents_reward_for_plot": {
                  "0": 15.215840798399999,
                  "1": 3.968071418218277,
                  "2": 0,
                  "3": 0,
                  "4": 9.616104854047643,
                  "5": 0,
                  "6": 0,
                  "7": 0,
                  "8": 0
            },
            "0": {
                  "mean_reward": 15.215840798399999
            },
            "1": {
                  "mean_reward": 3.968071418218277
            },
            "2": {
                  "mean_reward": 0.0
            },
            "3": {
                  "mean_reward": 0.0
            },
            "4": {
                  "mean_reward": 9.616104854047643
            },
            "5": {
                  "mean_reward": 0.0
            },
            "6": {
                  "mean_reward": 0.0
            },
            "7": {
                  "mean_reward": 0.0
            },
            "8": {
                  "mean_reward": 0.0
            }
      },
      "7": {
            "episode_duration": 45,