{
      "0": {
            "episode_duration": 77,
            "agents_reward_for_plot": {
                  "0": 3.8238167488568156,
                  "1": -23.469209397528104,
                  "2": 6.971486927693404,
                  "3": -20.54182020961009,
                  "4": -30.786183069420073,
                  "5": 0,
                  "6": -17.3555003697508,
                  "7": 0,
                  "8": 0
            },
            "0": {
                  "mean_reward": 3.8238167488568156
            },
            "1": {
                  "mean_reward": -23.469209397528104
            },
            "2": {
                  "mean_reward": 6.971486927693404
            },
            "3": {
                  "mean_reward": -20.54182020961009
            },
            "4": {
                  "mean_reward": -30.786183069420073
            },
            "5": {
                  "mean_reward": 0.0
            },
            "6": {
                  "mean_reward": -17.3555003697508
            },
            "7": {
                  "mean_reward": 0.0
            },
            "8": {
                  "mean_reward": 0.0
            }
      },
      "1": {
            "episode_duration": 63,
            "agents_reward_for_plot": {
                  "0": -12.243975563147773,
                  "1": -0.23221094656029617,
                  "2": 0,
                  "3": 0,
                  "4": 0.3642264337044363,
                  "5": 0,
                  "6": -13.113184411482873,
                  "7": -13.409259572055863,
                  "8": 0
            },
            "0": {
                  "mean_reward": -12.243975563147773
            },
            "1": {
                  "mean_reward": -0.23221094656029617
            },
            "2": {
                  "mean_reward": 0.0
            },
            "3": {
                  "mean_reward": 0.0
            },
            "4": {
                  "mean_reward": 0.3642264337044363
            },
            "5": {
                  "mean_reward": 0.0
            },
            "6": {
                  "mean_reward": -13.113184411482873
            },
            "7": {
                  "mean_reward": -13.409259572055863
            },
            "8": {
                  "mean_reward": 0.0
            }
      },
      "2": {
            "episode_duration": 97,
            "agents_reward_for_plot": {
                  "0": -69.51368639036063,
                  "1": -0.7553851519878592,
                  "2": -28.82384841146518,
                  "3": -66.64100649200157,
                  "4": -23.56289348998939,
                  "5": 4.909851027398278,
                  "6": -54.98825325385507,
                  "7": -47.72344638722938,
                  "8": -8.21897545939046
            },
            "0": {
                  "mean_reward": -69.51368639036063
            },
            "1": {
                  "mean_reward": -0.7553851519878592
            },
            "2": {
                  "mean_reward": -28.82384841146518
            },
            "3": {
                  "mean_reward": -66.64100649200157
            },
            "4": {
                  "mean_reward": -23.56289348998939
            },
            "5": {
                  "mean_reward": 4.909851027398278
            },
            "6": {
                  "mean_reward": -54.98825325385507
            },
            "7": {
                  "mean_reward": -47.72344638722938
            },
            "8": {
                  "mean_reward": -8.21897545939046
            }
      },
      "3": {
            "episode_duration": 109,
            "agents_reward_for_plot": {
                  "0": -9.601614420760745,
                  "1": -29.520762799316927,
                  "2": -32.74325687445895,
                  "3": -64.11547854695938,
                  "4": -38.90635751601501,
                  "5": 0,
                  "6": -18.36696242705589,
                  "7": -7.285175508209828,
                  "8": 4.657513128542924
            },
            "0": {
                  "mean_reward": -9.601614420760745
            },
            "1": {
                  "mean_reward": -29.520762799316927
            },
            "2": {
                  "mean_reward": -32.74325687445895
            },
            "3": {
                  "mean_reward": -64.11547854695938
            },
            "4": {
                  "mean_reward": -38.90635751601501
            },
            "5": {
                  "mean_reward": 0.0
            },
            "6": {
                  "mean_reward": -18.36696242705589
            },
            "7": {
                  "mean_reward": -7.285175508209828
            },
            "8": {
                  "mean_reward": 4.657513128542924
            }
      },
      "4": {
            "episode_duration": 61,
            "agents_reward_for_plot": {
                  "0": 13.962055516611839,
                  "1": 3.8891067969957334,
                  "2": 0,
                  "3": 0,
                  "4": -18.64110277001778,
                  "5": 0,
                  "6": 0,
                  "7": -15.270630610325277,
                  "8": 7.5450956035573
            },
            "0": {
                  "mean_reward": 13.962055516611839
            },
            "1": {
                  "mean_reward": 3.8891067969957334
            },
            "2": {
                  "mean_reward": 0.0
            },
            "3": {
                  "mean_reward": 0.0
            },
            "4": {
                  "mean_reward": -18.64110277001778
            },
            "5": {
                  "mean_reward": 0.0
            },
            "6": {
                  "mean_reward": 0.0
            },
            "7": {
                  "mean_reward": -15.270630610325277
            },
            "8": {
                  "mean_reward": 7.5450956035573
            }
      },
      "5": {
            "episode_duration": 73,
            "agents_reward_for_plot": {
                  "0": 2.9080936160843684,
                  "1": -11.658540849983488,
                  "2": -15.612821629290881,
                  "3": -13.3101334770258,
                  "4": -15.444787013818143,
                  "5": 0,
                  "6": 0,
                  "7": 0,
                  "8": 0
            },
            "0": {
                  "mean_reward": 2.9080936160843684
            },
            "1": {
                  "mean_reward": -11.658540849983488
            },
            "2": {
                  "mean_reward": -15.612821629290881
            },
            "3": {
                  "mean_reward": -13.3101334770258
            },
            "4": {
                  "mean_reward": -15.444787013818143
            },
            "5": {
                  "mean_reward": 0.0
            },
            "6": {
                  "mean_reward": 0.0
            },
            "7": {
                  "mean_reward": 0.0
            },
            "8": {
                  "mean_reward": 0.0
            }
      },
      "6": {
            "episode_duration": 63,
            "agents_reward_for_plot": {
                  "0": 0.49846210986703277,
                  "1": -25.202419517016487,
                  "2": -24.54231362647773,
                  "3": 0,
                  "4": 0.3642264337044363,
                  "5": 3.735860471657981,
                  "6": 0,
                  "7": 0,
                  "8": 0
            },
            "0": {
                  "mean_reward": 0.49846210986703277
            },
            "1": {
                  "mean_reward": -25.202419517016487
            },
            "2": {
                  "mean_reward": -24.54231362647773
            },
            "3": {
                  "mean_reward": 0.0
            },
            "4": {
                  "mean_reward": 0.3642264337044363
            },