{
      "0": {
            "episode_duration": 492,
            "agents_reward_for_plot": {
                  "0": -943.7009184899081,
                  "1": -714.5164451832021,
                  "2": -63.261635825618384,
                  "3": -242.2405871706148,
                  "4": -55.153553359847834,
                  "5": -292.82972893974915,
                  "6": -333.1337256307653,
                  "7": -83.01846747422553,
                  "8": -73.41153933776353
            },
            "0": {
                  "mean_reward": -47.310344827586206
            },
            "1": {
                  "mean_reward": -29.41025641025641
            },
            "2": {
                  "mean_reward": -3.6458333333333335
            },
            "3": {
                  "mean_reward": -21.625
            },
            "4": {
                  "mean_reward": -4.4375
            },
            "5": {
                  "mean_reward": -10.92
            },
            "6": {
                  "mean_reward": -18.6
            },
            "7": {
                  "mean_reward": -6.7727272727272725
            },
            "8": {
                  "mean_reward": -8.5
            }
      },
      "1": {
            "episode_duration": 501,
            "agents_reward_for_plot": {
                  "0": -495.9789361863003,
                  "1": -230.42623112098062,
                  "2": -83.7072802732359,
                  "3": -534.5225489278948,
                  "4": -6.889762463327459,
                  "5": -5.471560370720561,
                  "6": -136.71876910639187,
                  "7": -67.65166334328443,
                  "8": -61.85685820786816
            },
            "0": {
                  "mean_reward": -12.65625
            },
            "1": {
                  "mean_reward": -11.027027027027026
            },
            "2": {
                  "mean_reward": -3.74468085106383
            },
            "3": {
                  "mean_reward": -19.666666666666668
            },
            "4": {
                  "mean_reward": -1.6111111111111112
            },
            "5": {
                  "mean_reward": -1.2380952380952381
            },
            "6": {
                  "mean_reward": -16.428571428571427
            },
            "7": {
                  "mean_reward": -8.8
            },
            "8": {
                  "mean_reward": -5.333333333333333
            }
      },
      "2": {
            "episode_duration": 798,
            "agents_reward_for_plot": {
                  "0": -588.1632846008288,
                  "1": -463.3045448692503,
                  "2": -5.21877227323538,
                  "3": -156.0200488761807,
                  "4": -85.0085895103332,
                  "5": -3.7762234915827784,
                  "6": -78.57934121279436,
                  "7": -4.851772378919774,
                  "8": -10.00294831372533
            },
            "0": {
                  "mean_reward": -17.612244897959183
            },
            "1": {
                  "mean_reward": -21.933333333333334
            },
            "2": {
                  "mean_reward": -1.2253521126760563
            },
            "3": {
                  "mean_reward": -5.101694915254237
            },
            "4": {
                  "mean_reward": -4.533333333333333
            },
            "5": {
                  "mean_reward": -1.4736842105263157
            },
            "6": {
                  "mean_reward": -2.891891891891892
            },
            "7": {
                  "mean_reward": -1.2456140350877194
            },
            "8": {
                  "mean_reward": -1.4603174603174602
            }
      },
      "3": {
            "episode_duration": 439,
            "agents_reward_for_plot": {
                  "0": -440.98274892555486,
                  "1": -104.21617801728823,
                  "2": -6.912870559561814,
                  "3": -101.79508970031648,
                  "4": -92.75654205837176,
                  "5": -9.063152195684864,
                  "6": -82.93733406682215,
                  "7": -154.58156877303315,
                  "8": -76.71385692425548
            },
            "0": {
                  "mean_reward": -8.096385542168674
            },
            "1": {
                  "mean_reward": -6.434782608695652
            },
            "2": {
                  "mean_reward": -1.3157894736842106
            },
            "3": {
                  "mean_reward": -5.264705882352941
            },
            "4": {
                  "mean_reward": -7.0
            },
            "5": {
                  "mean_reward": -2.263157894736842
            },
            "6": {
                  "mean_reward": -5.444444444444445
            },
            "7": {
                  "mean_reward": -11.857142857142858
            },
            "8": {
                  "mean_reward": -10.5
            }
      },
      "4": {
            "episode_duration": 1420,
            "agents_reward_for_plot": {
                  "0": -503.87490496118755,
                  "1": -391.7842580116334,
                  "2": -6.694357787606314,
                  "3": -243.51902568438578,
                  "4": -91.66963020034355,
                  "5": -144.1041713762959,
                  "6": -7.256950374848797,
                  "7": -10.084699611151963,
                  "8": -11.916606169827844
            },
            "0": {
                  "mean_reward": -7.224299065420561
            },
            "1": {
                  "mean_reward": -9.64406779661017
            },
            "2": {
                  "mean_reward": -1.5294117647058822
            },
            "3": {
                  "mean_reward": -2.8405797101449277
            },
            "4": {
                  "mean_reward": -3.049382716049383
            },
            "5": {
                  "mean_reward": -10.958333333333334
            },
            "6": {
                  "mean_reward": -1.1027027027027028
            },
            "7": {
                  "mean_reward": -2.019607843137255
            },
            "8": {
                  "mean_reward": -1.92
            }
      },
      "5": {
            "episode_duration": 291,
            "agents_reward_for_plot": {
                  "0": -441.0678918947591,
                  "1": -92.29643121368885,
                  "2": -7.408562159798291,
                  "3": -176.77819586350202,
                  "4": -88.60234112989802,
                  "5": -3.25234547549391,
                  "6": -140.0464980708492,
                  "7": -73.86959270118864,
                  "8": -2.1566028396055206
            },
            "0": {
                  "mean_reward": -15.85
            },
            "1": {
                  "mean_reward": -6.8
            },
            "2": {
                  "mean_reward": -1.5
            },
            "3": {
                  "mean_reward": -11.304347826086957
            },
            "4": {
                  "mean_reward": -5.37037037037037
            },
            "5": {
                  "mean_reward": -1.6666666666666667
            },
            "6": {
                  "mean_reward": -14.3125
            },
            "7": {
                  "mean_reward": -7.666666666666667
            },
            "8": {
                  "mean_reward": -1.1666666666666667
            }
      },
      "6": {
            "episode_duration": 612,
            "agents_reward_for_plot": {
                  "0": -561.080271974174,
                  "1": -145.1036286822162,
                  "2": -81.92675778854695,
                  "3": -313.4971802394547,
                  "4": -197.0433338109468,
                  "5": -129.60857620399324,
                  "6": -12.182595917910762,
                  "7": -7.8606185114849545,
                  "8": -117.63203825905212
            },