{
      "0": {
            "episode_duration": 70,
            "agents_reward_for_plot": {
                  "0": 4.546392361363086,
                  "1": -28.93372874014344,
                  "2": 6.293618961296425,
                  "3": -22.062370747810487,
                  "4": 0,
                  "5": 0,
                  "6": 0,
                  "7": 0,
                  "8": 0
            },
            "0": {
                  "mean_reward": 4.546392361363086
            },
            "1": {
                  "mean_reward": -28.93372874014344
            },
            "2": {
                  "mean_reward": 6.293618961296425
            },
            "3": {
                  "mean_reward": -22.062370747810487
            },
            "4": {
                  "mean_reward": 0.0
            },
            "5": {
                  "mean_reward": 0.0
            },
            "6": {
                  "mean_reward": 0.0
            },
            "7": {
                  "mean_reward": 0.0
            },
            "8": {
                  "mean_reward": 0.0
            }
      },
      "1": {
            "episode_duration": 47,
            "agents_reward_for_plot": {
                  "0": 15.215840798399999,
                  "1": 3.095492513352078,
                  "2": 0,
                  "3": 0,
                  "4": 9.424744367452094,
                  "5": 0,
                  "6": 0,
                  "7": 0,
                  "8": 0
            },
            "0": {
                  "mean_reward": 15.215840798399999
            },
            "1": {
                  "mean_reward": 3.095492513352078
            },
            "2": {
                  "mean_reward": 0.0
            },
            "3": {
                  "mean_reward": 0.0
            },
            "4": {
                  "mean_reward": 9.424744367452094
            },
            "5": {
                  "mean_reward": 0.0
            },
            "6": {
                  "mean_reward": 0.0
            },
            "7": {
                  "mean_reward": 0.0
            },
            "8": {
                  "mean_reward": 0.0
            }
      },
      "2": {
            "episode_duration": 60,
            "agents_reward_for_plot": {
                  "0": 10.918191204159333,
                  "1": -24.40221944732358,
                  "2": 8.270411318830321,
                  "3": -13.514580981205661,
                  "4": 0,
                  "5": 0,
                  "6": 0,
                  "7": 0,
                  "8": 0
            },
            "0": {
                  "mean_reward": 10.918191204159333
            },
            "1": {
                  "mean_reward": -24.40221944732358
            },
            "2": {
                  "mean_reward": 8.270411318830321
            },
            "3": {
                  "mean_reward": -13.514580981205661
            },
            "4": {
                  "mean_reward": 0.0
            },
            "5": {
                  "mean_reward": 0.0
            },
            "6": {
                  "mean_reward": 0.0
            },
            "7": {
                  "mean_reward": 0.0
            },
            "8": {
                  "mean_reward": 0.0
            }
      },
      "3": {
            "episode_duration": 78,
            "agents_reward_for_plot": {
                  "0": 6.104222029322916,
                  "1": -33.84165223131854,
                  "2": -14.687838772965787,
                  "3": -24.41312893460305,
                  "4": 6.901772058416471,
                  "5": 0,
                  "6": -24.096676511706523,
                  "7": 0,
                  "8": 0
            },
            "0": {
                  "mean_reward": 6.104222029322916
            },
            "1": {
                  "mean_reward": -33.84165223131854
            },
            "2": {
                  "mean_reward": -14.687838772965787
            },
            "3": {
                  "mean_reward": -24.41312893460305
            },
            "4": {
                  "mean_reward": 6.901772058416471
            },
            "5": {
                  "mean_reward": 0.0
            },
            "6": {
                  "mean_reward": -24.096676511706523
            },
            "7": {
                  "mean_reward": 0.0
            },
            "8": {
                  "mean_reward": 0.0
            }
      },
      "4": {
            "episode_duration": 59,
            "agents_reward_for_plot": {
                  "0": 15.215840798399999,
                  "1": -24.795069097457386,
                  "2": -19.916359030284074,
                  "3": 0,
                  "4": 8.353950827101336,
                  "5": 3.4472454293453887,
                  "6": 0,
                  "7": 0,
                  "8": 0
            },
            "0": {
                  "mean_reward": 15.215840798399999
            },
            "1": {
                  "mean_reward": -24.795069097457386
            },
            "2": {
                  "mean_reward": -19.916359030284074
            },
            "3": {
                  "mean_reward": 0.0
            },
            "4": {
                  "mean_reward": 8.353950827101336
            },
            "5": {
                  "mean_reward": 3.4472454293453887
            },
            "6": {
                  "mean_reward": 0.0
            },
            "7": {
                  "mean_reward": 0.0
            },
            "8": {
                  "mean_reward": 0.0
            }
      },
      "5": {
            "episode_duration": 84,
            "agents_reward_for_plot": {
                  "0": 13.62792498468595,
                  "1": -42.28518613667023,
                  "2": 6.497881388689586,
                  "3": -22.6435219863654,
                  "4": 0,
                  "5": 0,
                  "6": -23.074363567058995,
                  "7": 0,
                  "8": 0
            },
            "0": {
                  "mean_reward": 13.62792498468595
            },
            "1": {
                  "mean_reward": -42.28518613667023
            },
            "2": {
                  "mean_reward": 6.497881388689586
            },
            "3": {
                  "mean_reward": -22.6435219863654
            },
            "4": {
                  "mean_reward": 0.0
            },
            "5": {
                  "mean_reward": 0.0
            },
            "6": {
                  "mean_reward": -23.074363567058995
            },
            "7": {
                  "mean_reward": 0.0
            },
            "8": {
                  "mean_reward": 0.0
            }
      },
      "6": {
            "episode_duration": 47,
            "agents_reward_for_plot": {
                  "0": 15.215840798399999,
                  "1": 3.095492513352078,
                  "2": 0,
                  "3": 0,
                  "4": 9.424744367452094,
                  "5": 0,
                  "6": 0,
                  "7": 0,
                  "8": 0
            },
            "0": {
                  "mean_reward": 15.215840798399999
            },
            "1": {
                  "mean_reward": 3.095492513352078
            },
            "2": {
                  "mean_reward": 0.0
            },
            "3": {
                  "mean_reward": 0.0
            },
            "4": {
                  "mean_reward": 9.424744367452094
            },
            "5": {
                  "mean_reward": 0.0
            },
            "6": {
                  "mean_reward": 0.0
            },
            "7": {
                  "mean_reward": 0.0
            },
            "8": {
                  "mean_reward": 0.0
            }
      },
      "7": {
            "episode_duration": 47,
            "agents_reward_for_plot": {
                  "0": 15.215840798399999,