{
      "0": {
            "episode_duration": 68,
            "agents_reward_for_plot": {
                  "0": 44.899896564942864,
                  "1": 21.3869202710719,
                  "2": 0,
                  "3": 33.77076973226694,
                  "4": 8.218514947124781,
                  "5": 0,
                  "6": 47.38613524194426,
                  "7": 0,
                  "8": 0
            },
            "0": {
                  "mean_reward": 44.899896564942864
            },
            "1": {
                  "mean_reward": 21.3869202710719
            },
            "2": {
                  "mean_reward": 0.0
            },
            "3": {
                  "mean_reward": 33.77076973226694
            },
            "4": {
                  "mean_reward": 8.218514947124781
            },
            "5": {
                  "mean_reward": 0.0
            },
            "6": {
                  "mean_reward": 47.38613524194426
            },
            "7": {
                  "mean_reward": 0.0
            },
            "8": {
                  "mean_reward": 0.0
            }
      },
      "1": {
            "episode_duration": 95,
            "agents_reward_for_plot": {
                  "0": 79.53202143391646,
                  "1": 43.78156248849477,
                  "2": 41.50341400497458,
                  "3": 71.97454111717511,
                  "4": 54.444286791050274,
                  "5": 27.7288210993829,
                  "6": 21.439846796715265,
                  "7": 23.896141366065194,
                  "8": 28.095981525968366
            },
            "0": {
                  "mean_reward": 79.53202143391646
            },
            "1": {
                  "mean_reward": 43.78156248849477
            },
            "2": {
                  "mean_reward": 41.50341400497458
            },
            "3": {
                  "mean_reward": 71.97454111717511
            },
            "4": {
                  "mean_reward": 54.444286791050274
            },
            "5": {
                  "mean_reward": 27.7288210993829
            },
            "6": {
                  "mean_reward": 21.439846796715265
            },
            "7": {
                  "mean_reward": 23.896141366065194
            },
            "8": {
                  "mean_reward": 28.095981525968366
            }
      },
      "2": {
            "episode_duration": 69,
            "agents_reward_for_plot": {
                  "0": 50.987843870469234,
                  "1": 22.718867653187985,
                  "2": 31.256051288231244,
                  "3": 0,
                  "4": 13.919834216415998,
                  "5": 0,
                  "6": 0,
                  "7": 0,
                  "8": 0
            },
            "0": {
                  "mean_reward": 50.987843870469234
            },
            "1": {
                  "mean_reward": 22.718867653187985
            },
            "2": {
                  "mean_reward": 31.256051288231244
            },
            "3": {
                  "mean_reward": 0.0
            },
            "4": {
                  "mean_reward": 13.919834216415998
            },
            "5": {
                  "mean_reward": 0.0
            },
            "6": {
                  "mean_reward": 0.0
            },
            "7": {
                  "mean_reward": 0.0
            },
            "8": {
                  "mean_reward": 0.0
            }
      },
      "3": {
            "episode_duration": 73,
            "agents_reward_for_plot": {
                  "0": 51.77399539096824,
                  "1": 30.90532626555317,
                  "2": 0,
                  "3": 0,
                  "4": 15.45405476507915,
                  "5": 0,
                  "6": 0,
                  "7": 14.869760872548596,
                  "8": 13.081625136109812
            },
            "0": {
                  "mean_reward": 51.77399539096824
            },
            "1": {
                  "mean_reward": 30.90532626555317
            },
            "2": {
                  "mean_reward": 0.0
            },
            "3": {
                  "mean_reward": 0.0
            },
            "4": {
                  "mean_reward": 15.45405476507915
            },
            "5": {
                  "mean_reward": 0.0
            },
            "6": {
                  "mean_reward": 0.0
            },
            "7": {
                  "mean_reward": 14.869760872548596
            },
            "8": {
                  "mean_reward": 13.081625136109812
            }
      },
      "4": {
            "episode_duration": 143,
            "agents_reward_for_plot": {
                  "0": 94.12065111303014,
                  "1": 31.408630934085654,
                  "2": 18.661628067562887,
                  "3": 87.3523745272748,
                  "4": 64.43842177752968,
                  "5": 74.84636639866,
                  "6": 8.28498381373674,
                  "7": 73.21584652286934,
                  "8": 76.45363445822785
            },
            "0": {
                  "mean_reward": 94.12065111303014
            },
            "1": {
                  "mean_reward": 31.408630934085654
            },
            "2": {
                  "mean_reward": 18.661628067562887
            },
            "3": {
                  "mean_reward": 87.3523745272748
            },
            "4": {
                  "mean_reward": 64.43842177752968
            },
            "5": {
                  "mean_reward": 74.84636639866
            },
            "6": {
                  "mean_reward": 8.28498381373674
            },
            "7": {
                  "mean_reward": 73.21584652286934
            },
            "8": {
                  "mean_reward": 76.45363445822785
            }
      },
      "5": {
            "episode_duration": 86,
            "agents_reward_for_plot": {
                  "0": 56.304197838392994,
                  "1": 49.20408558590663,
                  "2": 0,
                  "3": 23.902314915450713,
                  "4": 16.838089114996105,
                  "5": 0,
                  "6": 17.532139704886262,
                  "7": 20.364504219849472,
                  "8": 0
            },
            "0": {
                  "mean_reward": 56.304197838392994
            },
            "1": {
                  "mean_reward": 49.20408558590663
            },
            "2": {
                  "mean_reward": 0.0
            },
            "3": {
                  "mean_reward": 23.902314915450713
            },
            "4": {
                  "mean_reward": 16.838089114996105
            },
            "5": {
                  "mean_reward": 0.0
            },
            "6": {
                  "mean_reward": 17.532139704886262
            },
            "7": {
                  "mean_reward": 20.364504219849472
            },
            "8": {
                  "mean_reward": 0.0
            }
      },
      "6": {
            "episode_duration": 111,
            "agents_reward_for_plot": {
                  "0": 84.18362649702746,
                  "1": 55.09036383305383,
                  "2": 0,
                  "3": 27.419899409808007,
                  "4": 34.5404403743286,
                  "5": 0,
                  "6": 22.920856756122745,
                  "7": 29.28754697144069,
                  "8": 7.358319516855314
            },
            "0": {
                  "mean_reward": 84.18362649702746
            },
            "1": {
                  "mean_reward": 55.09036383305383
            },
            "2": {
                  "mean_reward": 0.0
            },
            "3": {
                  "mean_reward": 27.419899409808007
            },
            "4": {
                  "mean_reward": 34.5404403743286
            },