{
      "0": {
            "episode_duration": 95,
            "agents_reward_for_plot": {
                  "0": -20.435206149439324,
                  "1": 3.8117135717355177,
                  "2": 0,
                  "3": -56.91747939162859,
                  "4": -40.354717002398544,
                  "5": 0,
                  "6": -21.213282641888775,
                  "7": -30.36765188450545,
                  "8": 5.361192031185624
            },
            "0": {
                  "mean_reward": -20.435206149439324
            },
            "1": {
                  "mean_reward": 3.8117135717355177
            },
            "2": {
                  "mean_reward": 0.0
            },
            "3": {
                  "mean_reward": -56.91747939162859
            },
            "4": {
                  "mean_reward": -40.354717002398544
            },
            "5": {
                  "mean_reward": 0.0
            },
            "6": {
                  "mean_reward": -21.213282641888775
            },
            "7": {
                  "mean_reward": -30.36765188450545
            },
            "8": {
                  "mean_reward": 5.361192031185624
            }
      },
      "1": {
            "episode_duration": 267,
            "agents_reward_for_plot": {
                  "0": -120.40120172259539,
                  "1": -25.045849501830574,
                  "2": -22.862731882297787,
                  "3": -91.09102500380884,
                  "4": -47.74775658439252,
                  "5": -82.71875522071248,
                  "6": -98.14055832013051,
                  "7": -105.76962175545252,
                  "8": -101.7979447856811
            },
            "0": {
                  "mean_reward": -120.40120172259539
            },
            "1": {
                  "mean_reward": -25.045849501830574
            },
            "2": {
                  "mean_reward": -22.862731882297787
            },
            "3": {
                  "mean_reward": -91.09102500380884
            },
            "4": {
                  "mean_reward": -47.74775658439252
            },
            "5": {
                  "mean_reward": -82.71875522071248
            },
            "6": {
                  "mean_reward": -98.14055832013051
            },
            "7": {
                  "mean_reward": -105.76962175545252
            },
            "8": {
                  "mean_reward": -101.7979447856811
            }
      },
      "2": {
            "episode_duration": 49,
            "agents_reward_for_plot": {
                  "0": -2.6740504677803756,
                  "1": 1.4308707208045517,
                  "2": 0,
                  "3": 0,
                  "4": 9.237191954539798,
                  "5": 0,
                  "6": 0,
                  "7": 0,
                  "8": 0
            },
            "0": {
                  "mean_reward": -2.6740504677803756
            },
            "1": {
                  "mean_reward": 1.4308707208045517
            },
            "2": {
                  "mean_reward": 0.0
            },
            "3": {
                  "mean_reward": 0.0
            },
            "4": {
                  "mean_reward": 9.237191954539798
            },
            "5": {
                  "mean_reward": 0.0
            },
            "6": {
                  "mean_reward": 0.0
            },
            "7": {
                  "mean_reward": 0.0
            },
            "8": {
                  "mean_reward": 0.0
            }
      },
      "3": {
            "episode_duration": 101,
            "agents_reward_for_plot": {
                  "0": -25.09798012383902,
                  "1": -40.60237453695442,
                  "2": 0,
                  "3": -36.1118770666909,
                  "4": -29.457754775947166,
                  "5": 0,
                  "6": -26.81429456304052,
                  "7": -28.62058523225778,
                  "8": 0
            },
            "0": {
                  "mean_reward": -25.09798012383902
            },
            "1": {
                  "mean_reward": -40.60237453695442
            },
            "2": {
                  "mean_reward": 0.0
            },
            "3": {
                  "mean_reward": -36.1118770666909
            },
            "4": {
                  "mean_reward": -29.457754775947166
            },
            "5": {
                  "mean_reward": 0.0
            },
            "6": {
                  "mean_reward": -26.81429456304052
            },
            "7": {
                  "mean_reward": -28.62058523225778
            },
            "8": {
                  "mean_reward": 0.0
            }
      },
      "4": {
            "episode_duration": 79,
            "agents_reward_for_plot": {
                  "0": -5.241335695386777,
                  "1": -26.60066552417036,
                  "2": -9.259002052570185,
                  "3": -53.15068659930575,
                  "4": -16.94016987985102,
                  "5": 2.5832311008580273,
                  "6": 0,
                  "7": 0,
                  "8": 0
            },
            "0": {
                  "mean_reward": -5.241335695386777
            },
            "1": {
                  "mean_reward": -26.60066552417036
            },
            "2": {
                  "mean_reward": -9.259002052570185
            },
            "3": {
                  "mean_reward": -53.15068659930575
            },
            "4": {
                  "mean_reward": -16.94016987985102
            },
            "5": {
                  "mean_reward": 2.5832311008580273
            },
            "6": {
                  "mean_reward": 0.0
            },
            "7": {
                  "mean_reward": 0.0
            },
            "8": {
                  "mean_reward": 0.0
            }
      },
      "5": {
            "episode_duration": 70,
            "agents_reward_for_plot": {
                  "0": 17.90125967106247,
                  "1": -29.886883773263847,
                  "2": 0,
                  "3": -35.80407476277745,
                  "4": 0,
                  "5": 0,
                  "6": -13.962135546710254,
                  "7": -9.392588510999751,
                  "8": 7.47961174970007
            },
            "0": {
                  "mean_reward": 17.90125967106247
            },
            "1": {
                  "mean_reward": -29.886883773263847
            },
            "2": {
                  "mean_reward": 0.0
            },
            "3": {
                  "mean_reward": -35.80407476277745
            },
            "4": {
                  "mean_reward": 0.0
            },
            "5": {
                  "mean_reward": 0.0
            },
            "6": {
                  "mean_reward": -13.962135546710254
            },
            "7": {
                  "mean_reward": -9.392588510999751
            },
            "8": {
                  "mean_reward": 7.47961174970007
            }
      },
      "6": {
            "episode_duration": 89,
            "agents_reward_for_plot": {
                  "0": -67.35369181136237,
                  "1": 2.199512195359538,
                  "2": 0,
                  "3": -59.8489667302588,
                  "4": 13.262069683810491,
                  "5": 0,
                  "6": -48.161700829582514,
                  "7": -38.24308277910805,
                  "8": 0
            },
            "0": {
                  "mean_reward": -67.35369181136237
            },
            "1": {
                  "mean_reward": 2.199512195359538
            },
            "2": {
                  "mean_reward": 0.0
            },
            "3": {
                  "mean_reward": -59.8489667302588
            },
            "4": {
                  "mean_reward": 13.262069683810491
            },