{
      "0": {
            "episode_duration": 73,
            "agents_reward_for_plot": {
                  "0": -63.71633334329999,
                  "1": 0,
                  "2": -26.745295247582334,
                  "3": -60.584247613954346,
                  "4": -43.483966512118755,
                  "5": 7.5919772164619275,
                  "6": 0,
                  "7": -39.02454925375679,
                  "8": -17.889179946080855
            },
            "0": {
                  "mean_reward": -63.71633334329999
            },
            "1": {
                  "mean_reward": 0.0
            },
            "2": {
                  "mean_reward": -26.745295247582334
            },
            "3": {
                  "mean_reward": -60.584247613954346
            },
            "4": {
                  "mean_reward": -43.483966512118755
            },
            "5": {
                  "mean_reward": 7.5919772164619275
            },
            "6": {
                  "mean_reward": 0.0
            },
            "7": {
                  "mean_reward": -39.02454925375679
            },
            "8": {
                  "mean_reward": -17.889179946080855
            }
      },
      "1": {
            "episode_duration": 83,
            "agents_reward_for_plot": {
                  "0": 13.962055516611839,
                  "1": -2.5322268110584125,
                  "2": -35.90109946696987,
                  "3": 0,
                  "4": -24.419240879219288,
                  "5": 0,
                  "6": -18.087677796719678,
                  "7": -17.230357515499044,
                  "8": 3.8813130221102567
            },
            "0": {
                  "mean_reward": 13.962055516611839
            },
            "1": {
                  "mean_reward": -2.5322268110584125
            },
            "2": {
                  "mean_reward": -35.90109946696987
            },
            "3": {
                  "mean_reward": 0.0
            },
            "4": {
                  "mean_reward": -24.419240879219288
            },
            "5": {
                  "mean_reward": 0.0
            },
            "6": {
                  "mean_reward": -18.087677796719678
            },
            "7": {
                  "mean_reward": -17.230357515499044
            },
            "8": {
                  "mean_reward": 3.8813130221102567
            }
      },
      "2": {
            "episode_duration": 95,
            "agents_reward_for_plot": {
                  "0": -29.57281612504902,
                  "1": -6.3692403456118845,
                  "2": 0,
                  "3": -14.504110268032775,
                  "4": -19.693926952881082,
                  "5": 0,
                  "6": -13.642170225887615,
                  "7": -29.26835373165634,
                  "8": -26.289986766472385
            },
            "0": {
                  "mean_reward": -29.57281612504902
            },
            "1": {
                  "mean_reward": -6.3692403456118845
            },
            "2": {
                  "mean_reward": 0.0
            },
            "3": {
                  "mean_reward": -14.504110268032775
            },
            "4": {
                  "mean_reward": -19.693926952881082
            },
            "5": {
                  "mean_reward": 0.0
            },
            "6": {
                  "mean_reward": -13.642170225887615
            },
            "7": {
                  "mean_reward": -29.26835373165634
            },
            "8": {
                  "mean_reward": -26.289986766472385
            }
      },
      "3": {
            "episode_duration": 82,
            "agents_reward_for_plot": {
                  "0": 8.974038551937955,
                  "1": -35.233161964575885,
                  "2": 6.6298147012443485,
                  "3": -25.328181918983265,
                  "4": -17.96868019398483,
                  "5": 0,
                  "6": -21.836048912364667,
                  "7": -19.55575166505168,
                  "8": 0
            },
            "0": {
                  "mean_reward": 8.974038551937955
            },
            "1": {
                  "mean_reward": -35.233161964575885
            },
            "2": {
                  "mean_reward": 6.6298147012443485
            },
            "3": {
                  "mean_reward": -25.328181918983265
            },
            "4": {
                  "mean_reward": -17.96868019398483
            },
            "5": {
                  "mean_reward": 0.0
            },
            "6": {
                  "mean_reward": -21.836048912364667
            },
            "7": {
                  "mean_reward": -19.55575166505168
            },
            "8": {
                  "mean_reward": 0.0
            }
      },
      "4": {
            "episode_duration": 95,
            "agents_reward_for_plot": {
                  "0": -1.8058391091550199,
                  "1": -38.980346720434056,
                  "2": -38.74393502675034,
                  "3": 0,
                  "4": -4.4987370280051815,
                  "5": -34.4510655647172,
                  "6": -35.13142119396936,
                  "7": -4.241340778547733,
                  "8": -35.86172581886538
            },
            "0": {
                  "mean_reward": -1.8058391091550199
            },
            "1": {
                  "mean_reward": -38.980346720434056
            },
            "2": {
                  "mean_reward": -38.74393502675034
            },
            "3": {
                  "mean_reward": 0.0
            },
            "4": {
                  "mean_reward": -4.4987370280051815
            },
            "5": {
                  "mean_reward": -34.4510655647172
            },
            "6": {
                  "mean_reward": -35.13142119396936
            },
            "7": {
                  "mean_reward": -4.241340778547733
            },
            "8": {
                  "mean_reward": -35.86172581886538
            }
      },
      "5": {
            "episode_duration": 85,
            "agents_reward_for_plot": {
                  "0": -71.36676371097306,
                  "1": -15.225440142214463,
                  "2": -13.011440224400015,
                  "3": -53.386806438827236,
                  "4": -2.642796834201662,
                  "5": 2.6545277147755657,
                  "6": -46.181178410322744,
                  "7": -47.899933453874525,
                  "8": 0
            },
            "0": {
                  "mean_reward": -71.36676371097306
            },
            "1": {
                  "mean_reward": -15.225440142214463
            },
            "2": {
                  "mean_reward": -13.011440224400015
            },
            "3": {
                  "mean_reward": -53.386806438827236
            },
            "4": {
                  "mean_reward": -2.642796834201662
            },
            "5": {
                  "mean_reward": 2.6545277147755657
            },
            "6": {
                  "mean_reward": -46.181178410322744
            },
            "7": {
                  "mean_reward": -47.899933453874525
            },
            "8": {
                  "mean_reward": 0.0
            }
      },
      "6": {
            "episode_duration": 113,
            "agents_reward_for_plot": {
                  "0": -77.22411497966269,
                  "1": -11.054089266395014,
                  "2": -7.841446357353547,
                  "3": -70.98940136958595,
                  "4": -60.72841238333886,
                  "5": 4.097338249033714,
                  "6": -63.6442208234386,
                  "7": -58.502634779231045,
                  "8": -54.50958309185967
            },
            "0": {
                  "mean_reward": -77.22411497966269
            },