{
      "0": {
            "episode_duration": 106,
            "agents_reward_for_plot": {
                  "0": 67.40547165890524,
                  "1": 37.1372828442133,
                  "2": 12.38712703399625,
                  "3": 61.34412530387848,
                  "4": 23.834143342541555,
                  "5": 0,
                  "6": 31.17572275777777,
                  "7": 27.748455485734553,
                  "8": 0
            },
            "0": {
                  "mean_reward": 67.40547165890524
            },
            "1": {
                  "mean_reward": 37.1372828442133
            },
            "2": {
                  "mean_reward": 12.38712703399625
            },
            "3": {
                  "mean_reward": 61.34412530387848
            },
            "4": {
                  "mean_reward": 23.834143342541555
            },
            "5": {
                  "mean_reward": 0.0
            },
            "6": {
                  "mean_reward": 31.17572275777777
            },
            "7": {
                  "mean_reward": 27.748455485734553
            },
            "8": {
                  "mean_reward": 0.0
            }
      },
      "1": {
            "episode_duration": 155,
            "agents_reward_for_plot": {
                  "0": 86.75466297078918,
                  "1": 70.60532135086163,
                  "2": 74.58464533781137,
                  "3": 75.45227835344318,
                  "4": 80.71473664448091,
                  "5": 79.56057335309649,
                  "6": 24.18282494199486,
                  "7": 22.747964134442146,
                  "8": 23.79514685794663
            },
            "0": {
                  "mean_reward": 86.75466297078918
            },
            "1": {
                  "mean_reward": 70.60532135086163
            },
            "2": {
                  "mean_reward": 74.58464533781137
            },
            "3": {
                  "mean_reward": 75.45227835344318
            },
            "4": {
                  "mean_reward": 80.71473664448091
            },
            "5": {
                  "mean_reward": 79.56057335309649
            },
            "6": {
                  "mean_reward": 24.18282494199486
            },
            "7": {
                  "mean_reward": 22.747964134442146
            },
            "8": {
                  "mean_reward": 23.79514685794663
            }
      },
      "2": {
            "episode_duration": 65,
            "agents_reward_for_plot": {
                  "0": 44.322842055088174,
                  "1": 26.707501201382044,
                  "2": 22.98194988020092,
                  "3": 0,
                  "4": 11.33682536165818,
                  "5": 0,
                  "6": 0,
                  "7": 9.876642255076607,
                  "8": 8.47008493992551
            },
            "0": {
                  "mean_reward": 44.322842055088174
            },
            "1": {
                  "mean_reward": 26.707501201382044
            },
            "2": {
                  "mean_reward": 22.98194988020092
            },
            "3": {
                  "mean_reward": 0.0
            },
            "4": {
                  "mean_reward": 11.33682536165818
            },
            "5": {
                  "mean_reward": 0.0
            },
            "6": {
                  "mean_reward": 0.0
            },
            "7": {
                  "mean_reward": 9.876642255076607
            },
            "8": {
                  "mean_reward": 8.47008493992551
            }
      },
      "3": {
            "episode_duration": 183,
            "agents_reward_for_plot": {
                  "0": 111.71686130397339,
                  "1": 15.349048323997046,
                  "2": 11.063221592957477,
                  "3": 98.98510677139998,
                  "4": 90.10424914814773,
                  "5": 88.2955688213623,
                  "6": 68.826316099486,
                  "7": 66.18836197161643,
                  "8": 73.237142827061
            },
            "0": {
                  "mean_reward": 111.71686130397339
            },
            "1": {
                  "mean_reward": 15.349048323997046
            },
            "2": {
                  "mean_reward": 11.063221592957477
            },
            "3": {
                  "mean_reward": 98.98510677139998
            },
            "4": {
                  "mean_reward": 90.10424914814773
            },
            "5": {
                  "mean_reward": 88.2955688213623
            },
            "6": {
                  "mean_reward": 68.826316099486
            },
            "7": {
                  "mean_reward": 66.18836197161643
            },
            "8": {
                  "mean_reward": 73.237142827061
            }
      },
      "4": {
            "episode_duration": 76,
            "agents_reward_for_plot": {
                  "0": 55.25268194879378,
                  "1": 38.891067969957334,
                  "2": 0,
                  "3": 24.326245766170192,
                  "4": 0,
                  "5": 0,
                  "6": 16.380190440958273,
                  "7": 17.620043199601202,
                  "8": 7.58359106353595
            },
            "0": {
                  "mean_reward": 55.25268194879378
            },
            "1": {
                  "mean_reward": 38.891067969957334
            },
            "2": {
                  "mean_reward": 0.0
            },
            "3": {
                  "mean_reward": 24.326245766170192
            },
            "4": {
                  "mean_reward": 0.0
            },
            "5": {
                  "mean_reward": 0.0
            },
            "6": {
                  "mean_reward": 16.380190440958273
            },
            "7": {
                  "mean_reward": 17.620043199601202
            },
            "8": {
                  "mean_reward": 7.58359106353595
            }
      },
      "5": {
            "episode_duration": 82,
            "agents_reward_for_plot": {
                  "0": 51.12549746271681,
                  "1": 32.73015384769104,
                  "2": 7.139800447493914,
                  "3": 18.785769950241914,
                  "4": 19.32390126363854,
                  "5": 0,
                  "6": 0,
                  "7": 0,
                  "8": 0
            },
            "0": {
                  "mean_reward": 51.12549746271681
            },
            "1": {
                  "mean_reward": 32.73015384769104
            },
            "2": {
                  "mean_reward": 7.139800447493914
            },
            "3": {
                  "mean_reward": 18.785769950241914
            },
            "4": {
                  "mean_reward": 19.32390126363854
            },
            "5": {
                  "mean_reward": 0.0
            },
            "6": {
                  "mean_reward": 0.0
            },
            "7": {
                  "mean_reward": 0.0
            },
            "8": {
                  "mean_reward": 0.0
            }
      },
      "6": {
            "episode_duration": 105,
            "agents_reward_for_plot": {
                  "0": 69.00277843681529,
                  "1": 19.055317614422883,
                  "2": 18.869472611233917,
                  "3": 62.326479814022385,
                  "4": 54.77130850266709,
                  "5": 52.18618447112358,
                  "6": 63.07500391380869,
                  "7": 58.33900677654709,
                  "8": 62.48448436459475
            },
            "0": {
                  "mean_reward": 69.00277843681529
            },
            "1": {
                  "mean_reward": 19.055317614422883
            },
            "2": {
                  "mean_reward": 18.869472611233917
            },