{
      "0": {
            "episode_duration": 66,
            "agents_reward_for_plot": {
                  "0": 48.78526595123417,
                  "1": 21.103430849987074,
                  "2": 0,
                  "3": 36.0836754246244,
                  "4": 42.59713020458132,
                  "5": 0,
                  "6": 45.63109319594633,
                  "7": 48.348265729970684,
                  "8": 0
            },
            "0": {
                  "mean_reward": 48.78526595123417
            },
            "1": {
                  "mean_reward": 21.103430849987074
            },
            "2": {
                  "mean_reward": 0.0
            },
            "3": {
                  "mean_reward": 36.0836754246244
            },
            "4": {
                  "mean_reward": 42.59713020458132
            },
            "5": {
                  "mean_reward": 0.0
            },
            "6": {
                  "mean_reward": 45.63109319594633
            },
            "7": {
                  "mean_reward": 48.348265729970684
            },
            "8": {
                  "mean_reward": 0.0
            }
      },
      "1": {
            "episode_duration": 58,
            "agents_reward_for_plot": {
                  "0": 42.79358978898469,
                  "1": 22.870281430413108,
                  "2": 0,
                  "3": 32.034015657604506,
                  "4": 39.233505964117775,
                  "5": 0,
                  "6": 0,
                  "7": 0,
                  "8": 0
            },
            "0": {
                  "mean_reward": 42.79358978898469
            },
            "1": {
                  "mean_reward": 22.870281430413108
            },
            "2": {
                  "mean_reward": 0.0
            },
            "3": {
                  "mean_reward": 32.034015657604506
            },
            "4": {
                  "mean_reward": 39.233505964117775
            },
            "5": {
                  "mean_reward": 0.0
            },
            "6": {
                  "mean_reward": 0.0
            },
            "7": {
                  "mean_reward": 0.0
            },
            "8": {
                  "mean_reward": 0.0
            }
      },
      "2": {
            "episode_duration": 60,
            "agents_reward_for_plot": {
                  "0": 44.27924559782313,
                  "1": 23.177505544294988,
                  "2": 0,
                  "3": 33.68727575156918,
                  "4": 40.87970046682162,
                  "5": 0,
                  "6": 0,
                  "7": 0,
                  "8": 0
            },
            "0": {
                  "mean_reward": 44.27924559782313
            },
            "1": {
                  "mean_reward": 23.177505544294988
            },
            "2": {
                  "mean_reward": 0.0
            },
            "3": {
                  "mean_reward": 33.68727575156918
            },
            "4": {
                  "mean_reward": 40.87970046682162
            },
            "5": {
                  "mean_reward": 0.0
            },
            "6": {
                  "mean_reward": 0.0
            },
            "7": {
                  "mean_reward": 0.0
            },
            "8": {
                  "mean_reward": 0.0
            }
      },
      "3": {
            "episode_duration": 86,
            "agents_reward_for_plot": {
                  "0": 63.481709367299494,
                  "1": 20.364504219849472,
                  "2": 0,
                  "3": 45.01078323735138,
                  "4": 52.603071794515145,
                  "5": 44.62988025667001,
                  "6": 36.82511092276123,
                  "7": 46.59672028306297,
                  "8": 49.09846516861258
            },
            "0": {
                  "mean_reward": 63.481709367299494
            },
            "1": {
                  "mean_reward": 20.364504219849472
            },
            "2": {
                  "mean_reward": 0.0
            },
            "3": {
                  "mean_reward": 45.01078323735138
            },
            "4": {
                  "mean_reward": 52.603071794515145
            },
            "5": {
                  "mean_reward": 44.62988025667001
            },
            "6": {
                  "mean_reward": 36.82511092276123
            },
            "7": {
                  "mean_reward": 46.59672028306297
            },
            "8": {
                  "mean_reward": 49.09846516861258
            }
      },
      "4": {
            "episode_duration": 62,
            "agents_reward_for_plot": {
                  "0": 44.21074234344648,
                  "1": 24.256129232673235,
                  "2": 0,
                  "3": 35.34473217051067,
                  "4": 42.52949368537151,
                  "5": 0,
                  "6": 0,
                  "7": 0,
                  "8": 0
            },
            "0": {
                  "mean_reward": 44.21074234344648
            },
            "1": {
                  "mean_reward": 24.256129232673235
            },
            "2": {
                  "mean_reward": 0.0
            },
            "3": {
                  "mean_reward": 35.34473217051067
            },
            "4": {
                  "mean_reward": 42.52949368537151
            },
            "5": {
                  "mean_reward": 0.0
            },
            "6": {
                  "mean_reward": 0.0
            },
            "7": {
                  "mean_reward": 0.0
            },
            "8": {
                  "mean_reward": 0.0
            }
      },
      "5": {
            "episode_duration": 72,
            "agents_reward_for_plot": {
                  "0": 51.74815082095991,
                  "1": 19.868461229519504,
                  "2": 0,
                  "3": 37.87810669103985,
                  "4": 43.932664823419934,
                  "5": 39.488446034953554,
                  "6": 42.960768439450504,
                  "7": 45.518932442732044,
                  "8": 48.16326785991215
            },
            "0": {
                  "mean_reward": 51.74815082095991
            },
            "1": {
                  "mean_reward": 19.868461229519504
            },
            "2": {
                  "mean_reward": 0.0
            },
            "3": {
                  "mean_reward": 37.87810669103985
            },
            "4": {
                  "mean_reward": 43.932664823419934
            },
            "5": {
                  "mean_reward": 39.488446034953554
            },
            "6": {
                  "mean_reward": 42.960768439450504
            },
            "7": {
                  "mean_reward": 45.518932442732044
            },
            "8": {
                  "mean_reward": 48.16326785991215
            }
      },
      "6": {
            "episode_duration": 58,
            "agents_reward_for_plot": {
                  "0": 42.79358978898469,
                  "1": 22.870281430413108,
                  "2": 0,
                  "3": 32.034015657604506,
                  "4": 39.233505964117775,
                  "5": 0,
                  "6": 0,
                  "7": 0,
                  "8": 0
            },
            "0": {
                  "mean_reward": 42.79358978898469
            },
            "1": {
                  "mean_reward": 22.870281430413108
            },
            "2": {
                  "mean_reward": 0.0
            },
            "3": {
                  "mean_reward": 32.034015657604506
            },
            "4": {
                  "mean_reward": 39.233505964117775
            },
            "5": {
                  "mean_reward": 0.0
            },
            "6": {
                  "mean_reward": 0.0
            },
            "7": {
                  "mean_reward": 0.0
            },