{
      "0": {
            "episode_duration": 68,
            "agents_reward_for_plot": {
                  "0": 47.1277982913153,
                  "1": 24.707236348949404,
                  "2": 24.402838108341346,
                  "3": 38.34430152068232,
                  "4": 42.441834844084525,
                  "5": 0,
                  "6": 0,
                  "7": 0,
                  "8": 0
            },
            "0": {
                  "mean_reward": 47.1277982913153
            },
            "1": {
                  "mean_reward": 24.707236348949404
            },
            "2": {
                  "mean_reward": 24.402838108341346
            },
            "3": {
                  "mean_reward": 38.34430152068232
            },
            "4": {
                  "mean_reward": 42.441834844084525
            },
            "5": {
                  "mean_reward": 0.0
            },
            "6": {
                  "mean_reward": 0.0
            },
            "7": {
                  "mean_reward": 0.0
            },
            "8": {
                  "mean_reward": 0.0
            }
      },
      "1": {
            "episode_duration": 62,
            "agents_reward_for_plot": {
                  "0": 45.78227816631107,
                  "1": 25.91965228780152,
                  "2": 0,
                  "3": 33.60331690183465,
                  "4": 40.82273258054215,
                  "5": 0,
                  "6": 0,
                  "7": 0,
                  "8": 0
            },
            "0": {
                  "mean_reward": 45.78227816631107
            },
            "1": {
                  "mean_reward": 25.91965228780152
            },
            "2": {
                  "mean_reward": 0.0
            },
            "3": {
                  "mean_reward": 33.60331690183465
            },
            "4": {
                  "mean_reward": 40.82273258054215
            },
            "5": {
                  "mean_reward": 0.0
            },
            "6": {
                  "mean_reward": 0.0
            },
            "7": {
                  "mean_reward": 0.0
            },
            "8": {
                  "mean_reward": 0.0
            }
      },
      "2": {
            "episode_duration": 58,
            "agents_reward_for_plot": {
                  "0": 42.95909444887269,
                  "1": 24.087955477685878,
                  "2": 0,
                  "3": 13.788981717381555,
                  "4": 11.11462394433848,
                  "5": 0,
                  "6": 0,
                  "7": 0,
                  "8": 0
            },
            "0": {
                  "mean_reward": 42.95909444887269
            },
            "1": {
                  "mean_reward": 24.087955477685878
            },
            "2": {
                  "mean_reward": 0.0
            },
            "3": {
                  "mean_reward": 13.788981717381555
            },
            "4": {
                  "mean_reward": 11.11462394433848
            },
            "5": {
                  "mean_reward": 0.0
            },
            "6": {
                  "mean_reward": 0.0
            },
            "7": {
                  "mean_reward": 0.0
            },
            "8": {
                  "mean_reward": 0.0
            }
      },
      "3": {
            "episode_duration": 58,
            "agents_reward_for_plot": {
                  "0": 42.79358978898469,
                  "1": 22.870281430413108,
                  "2": 0,
                  "3": 32.034015657604506,
                  "4": 39.233505964117775,
                  "5": 0,
                  "6": 0,
                  "7": 0,
                  "8": 0
            },
            "0": {
                  "mean_reward": 42.79358978898469
            },
            "1": {
                  "mean_reward": 22.870281430413108
            },
            "2": {
                  "mean_reward": 0.0
            },
            "3": {
                  "mean_reward": 32.034015657604506
            },
            "4": {
                  "mean_reward": 39.233505964117775
            },
            "5": {
                  "mean_reward": 0.0
            },
            "6": {
                  "mean_reward": 0.0
            },
            "7": {
                  "mean_reward": 0.0
            },
            "8": {
                  "mean_reward": 0.0
            }
      },
      "4": {
            "episode_duration": 58,
            "agents_reward_for_plot": {
                  "0": 42.79358978898469,
                  "1": 22.870281430413108,
                  "2": 0,
                  "3": 32.034015657604506,
                  "4": 39.233505964117775,
                  "5": 0,
                  "6": 0,
                  "7": 0,
                  "8": 0
            },
            "0": {
                  "mean_reward": 42.79358978898469
            },
            "1": {
                  "mean_reward": 22.870281430413108
            },
            "2": {
                  "mean_reward": 0.0
            },
            "3": {
                  "mean_reward": 32.034015657604506
            },
            "4": {
                  "mean_reward": 39.233505964117775
            },
            "5": {
                  "mean_reward": 0.0
            },
            "6": {
                  "mean_reward": 0.0
            },
            "7": {
                  "mean_reward": 0.0
            },
            "8": {
                  "mean_reward": 0.0
            }
      },
      "5": {
            "episode_duration": 58,
            "agents_reward_for_plot": {
                  "0": 42.79358978898469,
                  "1": 22.870281430413108,
                  "2": 0,
                  "3": 32.034015657604506,
                  "4": 39.233505964117775,
                  "5": 0,
                  "6": 0,
                  "7": 0,
                  "8": 0
            },
            "0": {
                  "mean_reward": 42.79358978898469
            },
            "1": {
                  "mean_reward": 22.870281430413108
            },
            "2": {
                  "mean_reward": 0.0
            },
            "3": {
                  "mean_reward": 32.034015657604506
            },
            "4": {
                  "mean_reward": 39.233505964117775
            },
            "5": {
                  "mean_reward": 0.0
            },
            "6": {
                  "mean_reward": 0.0
            },
            "7": {
                  "mean_reward": 0.0
            },
            "8": {
                  "mean_reward": 0.0
            }
      },
      "6": {
            "episode_duration": 58,
            "agents_reward_for_plot": {
                  "0": 42.79358978898469,
                  "1": 22.870281430413108,
                  "2": 0,
                  "3": 32.034015657604506,
                  "4": 39.233505964117775,
                  "5": 0,
                  "6": 0,
                  "7": 0,
                  "8": 0
            },
            "0": {
                  "mean_reward": 42.79358978898469
            },
            "1": {
                  "mean_reward": 22.870281430413108
            },
            "2": {
                  "mean_reward": 0.0
            },
            "3": {
                  "mean_reward": 32.034015657604506
            },
            "4": {
                  "mean_reward": 39.233505964117775
            },
            "5": {
                  "mean_reward": 0.0
            },
            "6": {
                  "mean_reward": 0.0
            },
            "7": {
                  "mean_reward": 0.0
            },
            "8": {
                  "mean_reward": 0.0
            }
      },
      "7": {
            "episode_duration": 66,
            "agents_reward_for_plot": {
                  "0": 48.6441083904448,
                  "1": 22.227033116650595,