{
      "0": {
            "episode_duration": 116,
            "agents_reward_for_plot": {
                  "0": 21.585482660082874,
                  "1": -70.0039223459232,
                  "2": 0,
                  "3": -45.023026057078134,
                  "4": 0,
                  "5": 0,
                  "6": -25.88530475625087,
                  "7": -11.010627508672883,
                  "8": 4.3411065945367335
            },
            "0": {
                  "mean_reward": 21.585482660082874
            },
            "1": {
                  "mean_reward": -70.0039223459232
            },
            "2": {
                  "mean_reward": 0.0
            },
            "3": {
                  "mean_reward": -45.023026057078134
            },
            "4": {
                  "mean_reward": 0.0
            },
            "5": {
                  "mean_reward": 0.0
            },
            "6": {
                  "mean_reward": -25.88530475625087
            },
            "7": {
                  "mean_reward": -11.010627508672883
            },
            "8": {
                  "mean_reward": 4.3411065945367335
            }
      }
}