{
      "0": {
            "episode_duration": 93,
            "agents_reward_for_plot": {
                  "0": 67.94908301034354,
                  "1": 12.889398346339835,
                  "2": 0,
                  "3": 61.87382150692936,
                  "4": 21.9806713406948,
                  "5": 44.442399884044704,
                  "6": 56.578329153984015,
                  "7": 53.93299125361471,
                  "8": 52.793369009419315
            },
            "0": {
                  "mean_reward": 67.94908301034354
            },
            "1": {
                  "mean_reward": 12.889398346339835
            },
            "2": {
                  "mean_reward": 0.0
            },
            "3": {
                  "mean_reward": 61.87382150692936
            },
            "4": {
                  "mean_reward": 21.9806713406948
            },
            "5": {
                  "mean_reward": 44.442399884044704
            },
            "6": {
                  "mean_reward": 56.578329153984015
            },
            "7": {
                  "mean_reward": 53.93299125361471
            },
            "8": {
                  "mean_reward": 52.793369009419315
            }
      },
      "1": {
            "episode_duration": 85,
            "agents_reward_for_plot": {
                  "0": 60.81742620064813,
                  "1": 16.459032299786337,
                  "2": 34.46893705497889,
                  "3": 48.98675028636685,
                  "4": 39.71719644609814,
                  "5": 31.997303872939256,
                  "6": 61.9226157766659,
                  "7": 8.593311338016917,
                  "8": 6.927741234402897
            },
            "0": {
                  "mean_reward": 60.81742620064813
            },
            "1": {
                  "mean_reward": 16.459032299786337
            },
            "2": {
                  "mean_reward": 34.46893705497889
            },
            "3": {
                  "mean_reward": 48.98675028636685
            },
            "4": {
                  "mean_reward": 39.71719644609814
            },
            "5": {
                  "mean_reward": 31.997303872939256
            },
            "6": {
                  "mean_reward": 61.9226157766659
            },
            "7": {
                  "mean_reward": 8.593311338016917
            },
            "8": {
                  "mean_reward": 6.927741234402897
            }
      },
      "2": {
            "episode_duration": 161,
            "agents_reward_for_plot": {
                  "0": 76.95552282405784,
                  "1": 47.48820800923363,
                  "2": 51.897131077303634,
                  "3": 112.26056009319473,
                  "4": 90.88990500976396,
                  "5": 38.73880277129801,
                  "6": 4.89730598069859,
                  "7": 6.276671626219137,
                  "8": 46.5542311366538
            },
            "0": {
                  "mean_reward": 76.95552282405784
            },
            "1": {
                  "mean_reward": 47.48820800923363
            },
            "2": {
                  "mean_reward": 51.897131077303634
            },
            "3": {
                  "mean_reward": 112.26056009319473
            },
            "4": {
                  "mean_reward": 90.88990500976396
            },
            "5": {
                  "mean_reward": 38.73880277129801
            },
            "6": {
                  "mean_reward": 4.89730598069859
            },
            "7": {
                  "mean_reward": 6.276671626219137
            },
            "8": {
                  "mean_reward": 46.5542311366538
            }
      },
      "3": {
            "episode_duration": 175,
            "agents_reward_for_plot": {
                  "0": 123.93287363690088,
                  "1": 56.717116968883396,
                  "2": 0,
                  "3": 84.74744524190845,
                  "4": 72.27591210071758,
                  "5": 0,
                  "6": 55.18754411843469,
                  "7": 67.71324414808092,
                  "8": 77.9047461546645
            },
            "0": {
                  "mean_reward": 123.93287363690088
            },
            "1": {
                  "mean_reward": 56.717116968883396
            },
            "2": {
                  "mean_reward": 0.0
            },
            "3": {
                  "mean_reward": 84.74744524190845
            },
            "4": {
                  "mean_reward": 72.27591210071758
            },
            "5": {
                  "mean_reward": 0.0
            },
            "6": {
                  "mean_reward": 55.18754411843469
            },
            "7": {
                  "mean_reward": 67.71324414808092
            },
            "8": {
                  "mean_reward": 77.9047461546645
            }
      },
      "4": {
            "episode_duration": 65,
            "agents_reward_for_plot": {
                  "0": 45.437545648873495,
                  "1": 22.40134190057928,
                  "2": 20.399983154987506,
                  "3": 0,
                  "4": 8.47008493992551,
                  "5": 0,
                  "6": 0,
                  "7": 0,
                  "8": 0
            },
            "0": {
                  "mean_reward": 45.437545648873495
            },
            "1": {
                  "mean_reward": 22.40134190057928
            },
            "2": {
                  "mean_reward": 20.399983154987506
            },
            "3": {
                  "mean_reward": 0.0
            },
            "4": {
                  "mean_reward": 8.47008493992551
            },
            "5": {
                  "mean_reward": 0.0
            },
            "6": {
                  "mean_reward": 0.0
            },
            "7": {
                  "mean_reward": 0.0
            },
            "8": {
                  "mean_reward": 0.0
            }
      },
      "5": {
            "episode_duration": 73,
            "agents_reward_for_plot": {
                  "0": 47.90726538448247,
                  "1": 22.356844163744903,
                  "2": 7.8157259396700915,
                  "3": 50.78288872427843,
                  "4": 18.64878407894625,
                  "5": 0,
                  "6": 14.814963382614911,
                  "7": 16.375414411284037,
                  "8": 0
            },
            "0": {
                  "mean_reward": 47.90726538448247
            },
            "1": {
                  "mean_reward": 22.356844163744903
            },
            "2": {
                  "mean_reward": 7.8157259396700915
            },
            "3": {
                  "mean_reward": 50.78288872427843
            },
            "4": {
                  "mean_reward": 18.64878407894625
            },
            "5": {
                  "mean_reward": 0.0
            },
            "6": {
                  "mean_reward": 14.814963382614911
            },
            "7": {
                  "mean_reward": 16.375414411284037
            },
            "8": {
                  "mean_reward": 0.0
            }
      },
      "6": {
            "episode_duration": 303,
            "agents_reward_for_plot": {
                  "0": 123.3038382890745,
                  "1": 39.11918099703076,
                  "2": 47.3136231268434,
                  "3": 92.74527590927275,
                  "4": 80.12737642873346,
                  "5": 89.79408279854991,
                  "6": 86.34354336428032,
                  "7": 80.03480815312876,
                  "8": 73.02860486761477
            },
            "0": {
                  "mean_reward": 123.3038382890745
            },
            "1": {
                  "mean_reward": 39.11918099703076
            },
            "2": {
                  "mean_reward": 47.3136231268434
            },