{
      "0": {
            "episode_duration": 91,
            "agents_reward_for_plot": {
                  "0": -66.98854963377951,
                  "1": -26.0677369102481,
                  "2": -26.811591980321598,
                  "3": -58.96931621488751,
                  "4": 7.679168980527637,
                  "5": 3.055586197664325,
                  "6": -62.133833117609555,
                  "7": -53.98188487234617,
                  "8": 0
            },
            "0": {
                  "mean_reward": -66.98854963377951
            },
            "1": {
                  "mean_reward": -26.0677369102481
            },
            "2": {
                  "mean_reward": -26.811591980321598
            },
            "3": {
                  "mean_reward": -58.96931621488751
            },
            "4": {
                  "mean_reward": 7.679168980527637
            },
            "5": {
                  "mean_reward": 3.055586197664325
            },
            "6": {
                  "mean_reward": -62.133833117609555
            },
            "7": {
                  "mean_reward": -53.98188487234617
            },
            "8": {
                  "mean_reward": 0.0
            }
      },
      "1": {
            "episode_duration": 208,
            "agents_reward_for_plot": {
                  "0": -105.57027488467503,
                  "1": -25.450797981972364,
                  "2": -29.410452349096342,
                  "3": -94.19491721050386,
                  "4": -88.48842406496638,
                  "5": -68.73614088410332,
                  "6": -53.45542728389934,
                  "7": -62.46296688880908,
                  "8": -85.2139553880898
            },
            "0": {
                  "mean_reward": -105.57027488467503
            },
            "1": {
                  "mean_reward": -25.450797981972364
            },
            "2": {
                  "mean_reward": -29.410452349096342
            },
            "3": {
                  "mean_reward": -94.19491721050386
            },
            "4": {
                  "mean_reward": -88.48842406496638
            },
            "5": {
                  "mean_reward": -68.73614088410332
            },
            "6": {
                  "mean_reward": -53.45542728389934
            },
            "7": {
                  "mean_reward": -62.46296688880908
            },
            "8": {
                  "mean_reward": -85.2139553880898
            }
      },
      "2": {
            "episode_duration": 113,
            "agents_reward_for_plot": {
                  "0": -24.974362832983786,
                  "1": -36.792323194767626,
                  "2": -21.828454442161974,
                  "3": -19.85804347881033,
                  "4": -34.806253451751836,
                  "5": 0,
                  "6": -16.77170790611256,
                  "7": 0,
                  "8": 0
            },
            "0": {
                  "mean_reward": -24.974362832983786
            },
            "1": {
                  "mean_reward": -36.792323194767626
            },
            "2": {
                  "mean_reward": -21.828454442161974
            },
            "3": {
                  "mean_reward": -19.85804347881033
            },
            "4": {
                  "mean_reward": -34.806253451751836
            },
            "5": {
                  "mean_reward": 0.0
            },
            "6": {
                  "mean_reward": -16.77170790611256
            },
            "7": {
                  "mean_reward": 0.0
            },
            "8": {
                  "mean_reward": 0.0
            }
      },
      "3": {
            "episode_duration": 131,
            "agents_reward_for_plot": {
                  "0": -71.17820936881326,
                  "1": -23.5100306487154,
                  "2": -41.28448447211413,
                  "3": -69.89805959899326,
                  "4": -35.85494594583372,
                  "5": -1.3234633888161067,
                  "6": -66.81990547787927,
                  "7": -78.86306144951219,
                  "8": -77.79784560568865
            },
            "0": {
                  "mean_reward": -71.17820936881326
            },
            "1": {
                  "mean_reward": -23.5100306487154
            },
            "2": {
                  "mean_reward": -41.28448447211413
            },
            "3": {
                  "mean_reward": -69.89805959899326
            },
            "4": {
                  "mean_reward": -35.85494594583372
            },
            "5": {
                  "mean_reward": -1.3234633888161067
            },
            "6": {
                  "mean_reward": -66.81990547787927
            },
            "7": {
                  "mean_reward": -78.86306144951219
            },
            "8": {
                  "mean_reward": -77.79784560568865
            }
      },
      "4": {
            "episode_duration": 123,
            "agents_reward_for_plot": {
                  "0": -93.80001409243155,
                  "1": -1.603091313711912,
                  "2": -19.07823286435764,
                  "3": -71.47378337579005,
                  "4": 5.53122833891818,
                  "5": -38.575847881295374,
                  "6": -66.60287570996852,
                  "7": -59.10802971484179,
                  "8": -54.32057436876294
            },
            "0": {
                  "mean_reward": -93.80001409243155
            },
            "1": {
                  "mean_reward": -1.603091313711912
            },
            "2": {
                  "mean_reward": -19.07823286435764
            },
            "3": {
                  "mean_reward": -71.47378337579005
            },
            "4": {
                  "mean_reward": 5.53122833891818
            },
            "5": {
                  "mean_reward": -38.575847881295374
            },
            "6": {
                  "mean_reward": -66.60287570996852
            },
            "7": {
                  "mean_reward": -59.10802971484179
            },
            "8": {
                  "mean_reward": -54.32057436876294
            }
      },
      "5": {
            "episode_duration": 85,
            "agents_reward_for_plot": {
                  "0": -55.95788447258721,
                  "1": -18.928156137761626,
                  "2": -22.222445073922366,
                  "3": -61.85062316596123,
                  "4": 1.1252493811109945,
                  "5": -51.791557588198856,
                  "6": -9.27246811362846,
                  "7": 0,
                  "8": 0
            },
            "0": {
                  "mean_reward": -55.95788447258721
            },
            "1": {
                  "mean_reward": -18.928156137761626
            },
            "2": {
                  "mean_reward": -22.222445073922366
            },
            "3": {
                  "mean_reward": -61.85062316596123
            },
            "4": {
                  "mean_reward": 1.1252493811109945
            },
            "5": {
                  "mean_reward": -51.791557588198856
            },
            "6": {
                  "mean_reward": -9.27246811362846
            },
            "7": {
                  "mean_reward": 0.0
            },
            "8": {
                  "mean_reward": 0.0
            }
      },
      "6": {
            "episode_duration": 61,
            "agents_reward_for_plot": {
                  "0": -7.31170694515885,
                  "1": -11.1930838605177,
                  "2": 0,
                  "3": -15.016201090228513,
                  "4": 2.670203077210287,
                  "5": 0,
                  "6": 0,
                  "7": 0,
                  "8": 0
            },
            "0": {
                  "mean_reward": -7.31170694515885
            },