{
      "0": {
            "episode_duration": 166,
            "agents_reward_for_plot": {
                  "0": 94.71072696427593,
                  "1": 33.838755987822346,
                  "2": 0,
                  "3": 79.13932979479621,
                  "4": 74.08226103221885,
                  "5": 84.50029042391279,
                  "6": 85.65527433871631,
                  "7": 70.16100865517555,
                  "8": 87.54983974263845
            },
            "0": {
                  "mean_reward": 94.71072696427593
            },
            "1": {
                  "mean_reward": 33.838755987822346
            },
            "2": {
                  "mean_reward": 0.0
            },
            "3": {
                  "mean_reward": 79.13932979479621
            },
            "4": {
                  "mean_reward": 74.08226103221885
            },
            "5": {
                  "mean_reward": 84.50029042391279
            },
            "6": {
                  "mean_reward": 85.65527433871631
            },
            "7": {
                  "mean_reward": 70.16100865517555
            },
            "8": {
                  "mean_reward": 87.54983974263845
            }
      },
      "1": {
            "episode_duration": 65,
            "agents_reward_for_plot": {
                  "0": 43.77605956682044,
                  "1": 26.99188567928696,
                  "2": 0,
                  "3": 11.33682536165818,
                  "4": 11.015209887121951,
                  "5": 0,
                  "6": 0,
                  "7": 0,
                  "8": 0
            },
            "0": {
                  "mean_reward": 43.77605956682044
            },
            "1": {
                  "mean_reward": 26.99188567928696
            },
            "2": {
                  "mean_reward": 0.0
            },
            "3": {
                  "mean_reward": 11.33682536165818
            },
            "4": {
                  "mean_reward": 11.015209887121951
            },
            "5": {
                  "mean_reward": 0.0
            },
            "6": {
                  "mean_reward": 0.0
            },
            "7": {
                  "mean_reward": 0.0
            },
            "8": {
                  "mean_reward": 0.0
            }
      },
      "2": {
            "episode_duration": 57,
            "agents_reward_for_plot": {
                  "0": 48.5004925449,
                  "1": 26.189271360240628,
                  "2": 0,
                  "3": 0,
                  "4": 16.505504207102213,
                  "5": 0,
                  "6": 0,
                  "7": 15.142622727961696,
                  "8": 13.92826436099147
            },
            "0": {
                  "mean_reward": 48.5004925449
            },
            "1": {
                  "mean_reward": 26.189271360240628
            },
            "2": {
                  "mean_reward": 0.0
            },
            "3": {
                  "mean_reward": 0.0
            },
            "4": {
                  "mean_reward": 16.505504207102213
            },
            "5": {
                  "mean_reward": 0.0
            },
            "6": {
                  "mean_reward": 0.0
            },
            "7": {
                  "mean_reward": 15.142622727961696
            },
            "8": {
                  "mean_reward": 13.92826436099147
            }
      },
      "3": {
            "episode_duration": 49,
            "agents_reward_for_plot": {
                  "0": 40.892572145699994,
                  "1": 18.68350554982403,
                  "2": 0,
                  "3": 0,
                  "4": 10.672725517769942,
                  "5": 0,
                  "6": 0,
                  "7": 0,
                  "8": 0
            },
            "0": {
                  "mean_reward": 40.892572145699994
            },
            "1": {
                  "mean_reward": 18.68350554982403
            },
            "2": {
                  "mean_reward": 0.0
            },
            "3": {
                  "mean_reward": 0.0
            },
            "4": {
                  "mean_reward": 10.672725517769942
            },
            "5": {
                  "mean_reward": 0.0
            },
            "6": {
                  "mean_reward": 0.0
            },
            "7": {
                  "mean_reward": 0.0
            },
            "8": {
                  "mean_reward": 0.0
            }
      },
      "4": {
            "episode_duration": 113,
            "agents_reward_for_plot": {
                  "0": 101.7559353393,
                  "1": 7.933556128440502,
                  "2": 17.785739744779818,
                  "3": 77.49028135776209,
                  "4": 54.87571603957353,
                  "5": 30.876486342402515,
                  "6": 68.04161167909693,
                  "7": 50.572427126794906,
                  "8": 41.904742489487404
            },
            "0": {
                  "mean_reward": 101.7559353393
            },
            "1": {
                  "mean_reward": 7.933556128440502
            },
            "2": {
                  "mean_reward": 17.785739744779818
            },
            "3": {
                  "mean_reward": 77.49028135776209
            },
            "4": {
                  "mean_reward": 54.87571603957353
            },
            "5": {
                  "mean_reward": 30.876486342402515
            },
            "6": {
                  "mean_reward": 68.04161167909693
            },
            "7": {
                  "mean_reward": 50.572427126794906
            },
            "8": {
                  "mean_reward": 41.904742489487404
            }
      },
      "5": {
            "episode_duration": 100,
            "agents_reward_for_plot": {
                  "0": 62.54258505246617,
                  "1": 41.21817084557375,
                  "2": 49.79662913649903,
                  "3": 53.28875188803951,
                  "4": 10.193541501712012,
                  "5": 52.6323114343818,
                  "6": 64.18823703665507,
                  "7": 57.89134945698614,
                  "8": 56.03802351152331
            },
            "0": {
                  "mean_reward": 62.54258505246617
            },
            "1": {
                  "mean_reward": 41.21817084557375
            },
            "2": {
                  "mean_reward": 49.79662913649903
            },
            "3": {
                  "mean_reward": 53.28875188803951
            },
            "4": {
                  "mean_reward": 10.193541501712012
            },
            "5": {
                  "mean_reward": 52.6323114343818
            },
            "6": {
                  "mean_reward": 64.18823703665507
            },
            "7": {
                  "mean_reward": 57.89134945698614
            },
            "8": {
                  "mean_reward": 56.03802351152331
            }
      },
      "6": {
            "episode_duration": 55,
            "agents_reward_for_plot": {
                  "0": 46.5985124451,
                  "1": 24.602042792953316,
                  "2": 0,
                  "3": 15.949567391072774,
                  "4": 17.752808961318724,
                  "5": 0,
                  "6": 14.211064545445842,
                  "7": 12.535437924892323,
                  "8": 10.048159214985912
            },
            "0": {
                  "mean_reward": 46.5985124451
            },
            "1": {
                  "mean_reward": 24.602042792953316
            },
            "2": {
                  "mean_reward": 0.0
            },
            "3": {
                  "mean_reward": 15.949567391072774
            },
            "4": {
                  "mean_reward": 17.752808961318724
            },
            "5": {
                  "mean_reward": 0.0
            },