{
      "0": {
            "episode_duration": 92,
            "agents_reward_for_plot": {
                  "0": 58.11879451749252,
                  "1": 23.95824025864644,
                  "2": 0,
                  "3": 46.96146448925254,
                  "4": 37.31952044557916,
                  "5": 0,
                  "6": 42.89357072072632,
                  "7": 43.35949383968426,
                  "8": 0
            },
            "0": {
                  "mean_reward": 58.11879451749252
            },
            "1": {
                  "mean_reward": 23.95824025864644
            },
            "2": {
                  "mean_reward": 0.0
            },
            "3": {
                  "mean_reward": 46.96146448925254
            },
            "4": {
                  "mean_reward": 37.31952044557916
            },
            "5": {
                  "mean_reward": 0.0
            },
            "6": {
                  "mean_reward": 42.89357072072632
            },
            "7": {
                  "mean_reward": 43.35949383968426
            },
            "8": {
                  "mean_reward": 0.0
            }
      },
      "1": {
            "episode_duration": 76,
            "agents_reward_for_plot": {
                  "0": 51.37380706280463,
                  "1": 33.83540424716973,
                  "2": 16.2457722756758,
                  "3": 26.199065263024952,
                  "4": 9.86233879062912,
                  "5": 0,
                  "6": 0,
                  "7": 10.150293428142975,
                  "8": 0
            },
            "0": {
                  "mean_reward": 51.37380706280463
            },
            "1": {
                  "mean_reward": 33.83540424716973
            },
            "2": {
                  "mean_reward": 16.2457722756758
            },
            "3": {
                  "mean_reward": 26.199065263024952
            },
            "4": {
                  "mean_reward": 9.86233879062912
            },
            "5": {
                  "mean_reward": 0.0
            },
            "6": {
                  "mean_reward": 0.0
            },
            "7": {
                  "mean_reward": 10.150293428142975
            },
            "8": {
                  "mean_reward": 0.0
            }
      },
      "2": {
            "episode_duration": 87,
            "agents_reward_for_plot": {
                  "0": 64.46158052460098,
                  "1": 21.558453895991253,
                  "2": 20.582287049936014,
                  "3": 57.036115009958706,
                  "4": 43.31371841330459,
                  "5": 10.356385499584713,
                  "6": 60.856117460091596,
                  "7": 11.563122725562364,
                  "8": 0
            },
            "0": {
                  "mean_reward": 64.46158052460098
            },
            "1": {
                  "mean_reward": 21.558453895991253
            },
            "2": {
                  "mean_reward": 20.582287049936014
            },
            "3": {
                  "mean_reward": 57.036115009958706
            },
            "4": {
                  "mean_reward": 43.31371841330459
            },
            "5": {
                  "mean_reward": 10.356385499584713
            },
            "6": {
                  "mean_reward": 60.856117460091596
            },
            "7": {
                  "mean_reward": 11.563122725562364
            },
            "8": {
                  "mean_reward": 0.0
            }
      },
      "3": {
            "episode_duration": 109,
            "agents_reward_for_plot": {
                  "0": 59.399720311560216,
                  "1": 30.045503753923946,
                  "2": 0,
                  "3": 55.58976994815775,
                  "4": 24.262435231540703,
                  "5": 0,
                  "6": 63.60860265706506,
                  "7": 0,
                  "8": 0
            },
            "0": {
                  "mean_reward": 59.399720311560216
            },
            "1": {
                  "mean_reward": 30.045503753923946
            },
            "2": {
                  "mean_reward": 0.0
            },
            "3": {
                  "mean_reward": 55.58976994815775
            },
            "4": {
                  "mean_reward": 24.262435231540703
            },
            "5": {
                  "mean_reward": 0.0
            },
            "6": {
                  "mean_reward": 63.60860265706506
            },
            "7": {
                  "mean_reward": 0.0
            },
            "8": {
                  "mean_reward": 0.0
            }
      },
      "4": {
            "episode_duration": 82,
            "agents_reward_for_plot": {
                  "0": 49.30333219273139,
                  "1": 34.874646060493006,
                  "2": 0,
                  "3": 19.505184082545405,
                  "4": 7.66014097014422,
                  "5": 0,
                  "6": 0,
                  "7": 0,
                  "8": 0
            },
            "0": {
                  "mean_reward": 49.30333219273139
            },
            "1": {
                  "mean_reward": 34.874646060493006
            },
            "2": {
                  "mean_reward": 0.0
            },
            "3": {
                  "mean_reward": 19.505184082545405
            },
            "4": {
                  "mean_reward": 7.66014097014422
            },
            "5": {
                  "mean_reward": 0.0
            },
            "6": {
                  "mean_reward": 0.0
            },
            "7": {
                  "mean_reward": 0.0
            },
            "8": {
                  "mean_reward": 0.0
            }
      },
      "5": {
            "episode_duration": 141,
            "agents_reward_for_plot": {
                  "0": 98.88369524934184,
                  "1": 71.98290183218286,
                  "2": 67.51855895995723,
                  "3": 23.733854046561945,
                  "4": 40.07769614789902,
                  "5": 71.27838363597337,
                  "6": 28.613914494237036,
                  "7": 43.330136618115425,
                  "8": 62.400138957054054
            },
            "0": {
                  "mean_reward": 98.88369524934184
            },
            "1": {
                  "mean_reward": 71.98290183218286
            },
            "2": {
                  "mean_reward": 67.51855895995723
            },
            "3": {
                  "mean_reward": 23.733854046561945
            },
            "4": {
                  "mean_reward": 40.07769614789902
            },
            "5": {
                  "mean_reward": 71.27838363597337
            },
            "6": {
                  "mean_reward": 28.613914494237036
            },
            "7": {
                  "mean_reward": 43.330136618115425
            },
            "8": {
                  "mean_reward": 62.400138957054054
            }
      },
      "6": {
            "episode_duration": 55,
            "agents_reward_for_plot": {
                  "0": 46.5985124451,
                  "1": 16.89825027481896,
                  "2": 18.513717192140767,
                  "3": 43.80707135162853,
                  "4": 29.05438600996154,
                  "5": 20.230636641214243,
                  "6": 0,
                  "7": 38.4995449331248,
                  "8": 0
            },
            "0": {
                  "mean_reward": 46.5985124451
            },
            "1": {
                  "mean_reward": 16.89825027481896
            },
            "2": {
                  "mean_reward": 18.513717192140767
            },
            "3": {
                  "mean_reward": 43.80707135162853
            },
            "4": {
                  "mean_reward": 29.05438600996154
            },