{
      "0": {
            "episode_duration": 71,
            "agents_reward_for_plot": {
                  "0": 47.69266836031006,
                  "1": 23.190253634274967,
                  "2": 14.341084082497598,
                  "3": 56.65661744440908,
                  "4": 42.892608750770165,
                  "5": 0,
                  "6": 0,
                  "7": 0,
                  "8": 0
            },
            "0": {
                  "mean_reward": 47.69266836031006
            },
            "1": {
                  "mean_reward": 23.190253634274967
            },
            "2": {
                  "mean_reward": 14.341084082497598
            },
            "3": {
                  "mean_reward": 56.65661744440908
            },
            "4": {
                  "mean_reward": 42.892608750770165
            },
            "5": {
                  "mean_reward": 0.0
            },
            "6": {
                  "mean_reward": 0.0
            },
            "7": {
                  "mean_reward": 0.0
            },
            "8": {
                  "mean_reward": 0.0
            }
      },
      "1": {
            "episode_duration": 45,
            "agents_reward_for_plot": {
                  "0": 37.088611946099995,
                  "1": 16.665899956516764,
                  "2": 0,
                  "3": 0,
                  "4": 10.355805227435923,
                  "5": 0,
                  "6": 0,
                  "7": 0,
                  "8": 0
            },
            "0": {
                  "mean_reward": 37.088611946099995
            },
            "1": {
                  "mean_reward": 16.665899956516764
            },
            "2": {
                  "mean_reward": 0.0
            },
            "3": {
                  "mean_reward": 0.0
            },
            "4": {
                  "mean_reward": 10.355805227435923
            },
            "5": {
                  "mean_reward": 0.0
            },
            "6": {
                  "mean_reward": 0.0
            },
            "7": {
                  "mean_reward": 0.0
            },
            "8": {
                  "mean_reward": 0.0
            }
      },
      "2": {
            "episode_duration": 49,
            "agents_reward_for_plot": {
                  "0": 40.892572145699994,
                  "1": 16.009197001289174,
                  "2": 0,
                  "3": 38.214679264186586,
                  "4": 27.304572884001264,
                  "5": 0,
                  "6": 0,
                  "7": 0,
                  "8": 0
            },
            "0": {
                  "mean_reward": 40.892572145699994
            },
            "1": {
                  "mean_reward": 16.009197001289174
            },
            "2": {
                  "mean_reward": 0.0
            },
            "3": {
                  "mean_reward": 38.214679264186586
            },
            "4": {
                  "mean_reward": 27.304572884001264
            },
            "5": {
                  "mean_reward": 0.0
            },
            "6": {
                  "mean_reward": 0.0
            },
            "7": {
                  "mean_reward": 0.0
            },
            "8": {
                  "mean_reward": 0.0
            }
      },
      "3": {
            "episode_duration": 69,
            "agents_reward_for_plot": {
                  "0": 59.912373143699995,
                  "1": 22.91362383210553,
                  "2": 22.420964939062046,
                  "3": 56.855986222326386,
                  "4": 43.76350244951553,
                  "5": 0,
                  "6": 0,
                  "7": 0,
                  "8": 0
            },
            "0": {
                  "mean_reward": 59.912373143699995
            },
            "1": {
                  "mean_reward": 22.91362383210553
            },
            "2": {
                  "mean_reward": 22.420964939062046
            },
            "3": {
                  "mean_reward": 56.855986222326386
            },
            "4": {
                  "mean_reward": 43.76350244951553
            },
            "5": {
                  "mean_reward": 0.0
            },
            "6": {
                  "mean_reward": 0.0
            },
            "7": {
                  "mean_reward": 0.0
            },
            "8": {
                  "mean_reward": 0.0
            }
      },
      "4": {
            "episode_duration": 49,
            "agents_reward_for_plot": {
                  "0": 40.892572145699994,
                  "1": 16.009197001289174,
                  "2": 0,
                  "3": 38.214679264186586,
                  "4": 27.304572884001264,
                  "5": 0,
                  "6": 0,
                  "7": 0,
                  "8": 0
            },
            "0": {
                  "mean_reward": 40.892572145699994
            },
            "1": {
                  "mean_reward": 16.009197001289174
            },
            "2": {
                  "mean_reward": 0.0
            },
            "3": {
                  "mean_reward": 38.214679264186586
            },
            "4": {
                  "mean_reward": 27.304572884001264
            },
            "5": {
                  "mean_reward": 0.0
            },
            "6": {
                  "mean_reward": 0.0
            },
            "7": {
                  "mean_reward": 0.0
            },
            "8": {
                  "mean_reward": 0.0
            }
      },
      "5": {
            "episode_duration": 63,
            "agents_reward_for_plot": {
                  "0": 46.92443977508651,
                  "1": 20.3709779990605,
                  "2": 21.189997873951558,
                  "3": 49.348479464539956,
                  "4": 36.39754785521224,
                  "5": 0,
                  "6": 0,
                  "7": 0,
                  "8": 0
            },
            "0": {
                  "mean_reward": 46.92443977508651
            },
            "1": {
                  "mean_reward": 20.3709779990605
            },
            "2": {
                  "mean_reward": 21.189997873951558
            },
            "3": {
                  "mean_reward": 49.348479464539956
            },
            "4": {
                  "mean_reward": 36.39754785521224
            },
            "5": {
                  "mean_reward": 0.0
            },
            "6": {
                  "mean_reward": 0.0
            },
            "7": {
                  "mean_reward": 0.0
            },
            "8": {
                  "mean_reward": 0.0
            }
      },
      "6": {
            "episode_duration": 60,
            "agents_reward_for_plot": {
                  "0": 41.63815480086359,
                  "1": 26.38323424816616,
                  "2": 0,
                  "3": 10.385642053894435,
                  "4": 8.906596804894193,
                  "5": 0,
                  "6": 0,
                  "7": 0,
                  "8": 0
            },
            "0": {
                  "mean_reward": 41.63815480086359
            },
            "1": {
                  "mean_reward": 26.38323424816616
            },
            "2": {
                  "mean_reward": 0.0
            },
            "3": {
                  "mean_reward": 10.385642053894435
            },
            "4": {
                  "mean_reward": 8.906596804894193
            },
            "5": {
                  "mean_reward": 0.0
            },
            "6": {
                  "mean_reward": 0.0
            },
            "7": {
                  "mean_reward": 0.0
            },
            "8": {
                  "mean_reward": 0.0
            }
      },
      "7": {
            "episode_duration": 49,
            "agents_reward_for_plot": {
                  "0": 40.892572145699994,