{
      "0": {
            "episode_duration": 470,
            "agents_reward_for_plot": {
                  "0": 98.1950164617958,
                  "1": 74.52219880034399,
                  "2": 0,
                  "3": 86.1717188558512,
                  "4": 94.12165139813021,
                  "5": 398.4255231451288,
                  "6": 60.89833183181701,
                  "7": 57.79951472159637,
                  "8": 174.13853990524734
            },
            "0": {
                  "mean_reward": 98.1950164617958
            },
            "1": {
                  "mean_reward": 74.52219880034399
            },
            "2": {
                  "mean_reward": 0.0
            },
            "3": {
                  "mean_reward": 86.1717188558512
            },
            "4": {
                  "mean_reward": 94.12165139813021
            },
            "5": {
                  "mean_reward": 398.4255231451288
            },
            "6": {
                  "mean_reward": 60.89833183181701
            },
            "7": {
                  "mean_reward": 57.79951472159637
            },
            "8": {
                  "mean_reward": 174.13853990524734
            }
      },
      "1": {
            "episode_duration": 524,
            "agents_reward_for_plot": {
                  "0": 96.13037785648396,
                  "1": 77.71385222115678,
                  "2": 195.82720787876823,
                  "3": 83.7992612152412,
                  "4": 97.03922382893103,
                  "5": 0,
                  "6": 63.44114969941297,
                  "7": 57.00598915918972,
                  "8": 34.08332280607587
            },
            "0": {
                  "mean_reward": 96.13037785648396
            },
            "1": {
                  "mean_reward": 77.71385222115678
            },
            "2": {
                  "mean_reward": 195.82720787876823
            },
            "3": {
                  "mean_reward": 83.7992612152412
            },
            "4": {
                  "mean_reward": 97.03922382893103
            },
            "5": {
                  "mean_reward": 0.0
            },
            "6": {
                  "mean_reward": 63.44114969941297
            },
            "7": {
                  "mean_reward": 57.00598915918972
            },
            "8": {
                  "mean_reward": 34.08332280607587
            }
      },
      "2": {
            "episode_duration": 362,
            "agents_reward_for_plot": {
                  "0": 93.6756018999037,
                  "1": 72.9461582080858,
                  "2": 0,
                  "3": 81.72323931939333,
                  "4": 91.11487464529482,
                  "5": 0,
                  "6": 59.76027435075,
                  "7": 59.49656877177329,
                  "8": 0
            },
            "0": {
                  "mean_reward": 93.6756018999037
            },
            "1": {
                  "mean_reward": 72.9461582080858
            },
            "2": {
                  "mean_reward": 0.0
            },
            "3": {
                  "mean_reward": 81.72323931939333
            },
            "4": {
                  "mean_reward": 91.11487464529482
            },
            "5": {
                  "mean_reward": 0.0
            },
            "6": {
                  "mean_reward": 59.76027435075
            },
            "7": {
                  "mean_reward": 59.49656877177329
            },
            "8": {
                  "mean_reward": 0.0
            }
      },
      "3": {
            "episode_duration": 368,
            "agents_reward_for_plot": {
                  "0": 95.66433102386357,
                  "1": 70.92862874793192,
                  "2": 10.811494970539679,
                  "3": 85.18393466543085,
                  "4": 91.79630863759911,
                  "5": 307.1010212107397,
                  "6": 59.323343366694516,
                  "7": 57.682749600209924,
                  "8": 74.52761350137779
            },
            "0": {
                  "mean_reward": 95.66433102386357
            },
            "1": {
                  "mean_reward": 70.92862874793192
            },
            "2": {
                  "mean_reward": 10.811494970539679
            },
            "3": {
                  "mean_reward": 85.18393466543085
            },
            "4": {
                  "mean_reward": 91.79630863759911
            },
            "5": {
                  "mean_reward": 307.1010212107397
            },
            "6": {
                  "mean_reward": 59.323343366694516
            },
            "7": {
                  "mean_reward": 57.682749600209924
            },
            "8": {
                  "mean_reward": 74.52761350137779
            }
      },
      "4": {
            "episode_duration": 500,
            "agents_reward_for_plot": {
                  "0": 96.0107573979916,
                  "1": 75.75804805442368,
                  "2": 0,
                  "3": 85.12916570105193,
                  "4": 94.2445408896892,
                  "5": 0,
                  "6": 62.40843837997202,
                  "7": 60.82492821050264,
                  "8": 106.03467581287023
            },
            "0": {
                  "mean_reward": 96.0107573979916
            },
            "1": {
                  "mean_reward": 75.75804805442368
            },
            "2": {
                  "mean_reward": 0.0
            },
            "3": {
                  "mean_reward": 85.12916570105193
            },
            "4": {
                  "mean_reward": 94.2445408896892
            },
            "5": {
                  "mean_reward": 0.0
            },
            "6": {
                  "mean_reward": 62.40843837997202
            },
            "7": {
                  "mean_reward": 60.82492821050264
            },
            "8": {
                  "mean_reward": 106.03467581287023
            }
      },
      "5": {
            "episode_duration": 240,
            "agents_reward_for_plot": {
                  "0": 88.07181628152588,
                  "1": 67.955204119023,
                  "2": 37.64242541742743,
                  "3": 78.0547173077351,
                  "4": 87.94562221454957,
                  "5": 0,
                  "6": 44.78945638058501,
                  "7": 44.56894577299005,
                  "8": 0
            },
            "0": {
                  "mean_reward": 88.07181628152588
            },
            "1": {
                  "mean_reward": 67.955204119023
            },
            "2": {
                  "mean_reward": 37.64242541742743
            },
            "3": {
                  "mean_reward": 78.0547173077351
            },
            "4": {
                  "mean_reward": 87.94562221454957
            },
            "5": {
                  "mean_reward": 0.0
            },
            "6": {
                  "mean_reward": 44.78945638058501
            },
            "7": {
                  "mean_reward": 44.56894577299005
            },
            "8": {
                  "mean_reward": 0.0
            }
      },
      "6": {
            "episode_duration": 240,
            "agents_reward_for_plot": {
                  "0": 88.75014204699531,
                  "1": 67.60425963827473,
                  "2": 16.41472728526486,
                  "3": 78.42087576489719,
                  "4": 86.34786704744185,
                  "5": 0,
                  "6": 54.92587545341216,
                  "7": 52.081531960800405,
                  "8": 0
            },
            "0": {
                  "mean_reward": 88.75014204699531
            },
            "1": {
                  "mean_reward": 67.60425963827473
            },
            "2": {
                  "mean_reward": 16.41472728526486
            },