{
      "0": {
            "episode_duration": 228,
            "agents_reward_for_plot": {
                  "0": 85.26416259695074,
                  "1": 65.8771107889837,
                  "2": 0,
                  "3": 75.6672368776152,
                  "4": 50.74156020449829,
                  "5": 0,
                  "6": 52.85391567795561,
                  "7": 50.93076358073894,
                  "8": 49.04076410005554
            },
            "0": {
                  "mean_reward": 85.26416259695074
            },
            "1": {
                  "mean_reward": 65.8771107889837
            },
            "2": {
                  "mean_reward": 0.0
            },
            "3": {
                  "mean_reward": 75.6672368776152
            },
            "4": {
                  "mean_reward": 50.74156020449829
            },
            "5": {
                  "mean_reward": 0.0
            },
            "6": {
                  "mean_reward": 52.85391567795561
            },
            "7": {
                  "mean_reward": 50.93076358073894
            },
            "8": {
                  "mean_reward": 49.04076410005554
            }
      },
      "1": {
            "episode_duration": 144,
            "agents_reward_for_plot": {
                  "0": 73.49636655337655,
                  "1": 53.39501591683572,
                  "2": 0,
                  "3": 63.92720645012993,
                  "4": 73.01635423062174,
                  "5": 0,
                  "6": 41.06318136102868,
                  "7": 38.7191899620521,
                  "8": 15.523184168939656
            },
            "0": {
                  "mean_reward": 73.49636655337655
            },
            "1": {
                  "mean_reward": 53.39501591683572
            },
            "2": {
                  "mean_reward": 0.0
            },
            "3": {
                  "mean_reward": 63.92720645012993
            },
            "4": {
                  "mean_reward": 73.01635423062174
            },
            "5": {
                  "mean_reward": 0.0
            },
            "6": {
                  "mean_reward": 41.06318136102868
            },
            "7": {
                  "mean_reward": 38.7191899620521
            },
            "8": {
                  "mean_reward": 15.523184168939656
            }
      },
      "2": {
            "episode_duration": 864,
            "agents_reward_for_plot": {
                  "0": 96.43605309374912,
                  "1": 75.65306722719674,
                  "2": 240.90080592359357,
                  "3": 85.4976479753096,
                  "4": 95.3687264104675,
                  "5": 0,
                  "6": 65.26787070909387,
                  "7": 61.860001561538,
                  "8": 1.606255277309363
            },
            "0": {
                  "mean_reward": 96.43605309374912
            },
            "1": {
                  "mean_reward": 75.65306722719674
            },
            "2": {
                  "mean_reward": 240.90080592359357
            },
            "3": {
                  "mean_reward": 85.4976479753096
            },
            "4": {
                  "mean_reward": 95.3687264104675
            },
            "5": {
                  "mean_reward": 0.0
            },
            "6": {
                  "mean_reward": 65.26787070909387
            },
            "7": {
                  "mean_reward": 61.860001561538
            },
            "8": {
                  "mean_reward": 1.606255277309363
            }
      },
      "3": {
            "episode_duration": 656,
            "agents_reward_for_plot": {
                  "0": 95.63333233849379,
                  "1": 74.1250647412048,
                  "2": 120.56802411456692,
                  "3": 87.7697780391217,
                  "4": 96.31741654949077,
                  "5": 0,
                  "6": 62.20914879701581,
                  "7": 60.44943954690441,
                  "8": 35.42813824373391
            },
            "0": {
                  "mean_reward": 95.63333233849379
            },
            "1": {
                  "mean_reward": 74.1250647412048
            },
            "2": {
                  "mean_reward": 120.56802411456692
            },
            "3": {
                  "mean_reward": 87.7697780391217
            },
            "4": {
                  "mean_reward": 96.31741654949077
            },
            "5": {
                  "mean_reward": 0.0
            },
            "6": {
                  "mean_reward": 62.20914879701581
            },
            "7": {
                  "mean_reward": 60.44943954690441
            },
            "8": {
                  "mean_reward": 35.42813824373391
            }
      },
      "4": {
            "episode_duration": 142,
            "agents_reward_for_plot": {
                  "0": 74.16952368213072,
                  "1": 52.2760018529961,
                  "2": 0,
                  "3": 64.06802071002186,
                  "4": 73.53882594113057,
                  "5": 0,
                  "6": 39.01089973787912,
                  "7": 36.6446822678946,
                  "8": 53.906040581954485
            },
            "0": {
                  "mean_reward": 74.16952368213072
            },
            "1": {
                  "mean_reward": 52.2760018529961
            },
            "2": {
                  "mean_reward": 0.0
            },
            "3": {
                  "mean_reward": 64.06802071002186
            },
            "4": {
                  "mean_reward": 73.53882594113057
            },
            "5": {
                  "mean_reward": 0.0
            },
            "6": {
                  "mean_reward": 39.01089973787912
            },
            "7": {
                  "mean_reward": 36.6446822678946
            },
            "8": {
                  "mean_reward": 53.906040581954485
            }
      },
      "5": {
            "episode_duration": 518,
            "agents_reward_for_plot": {
                  "0": 95.26190768709732,
                  "1": 75.72048136776452,
                  "2": 0,
                  "3": 84.99583026667942,
                  "4": 95.00259245068777,
                  "5": 0,
                  "6": 63.114101322697984,
                  "7": 62.199634007342816,
                  "8": 179.36197837128475
            },
            "0": {
                  "mean_reward": 95.26190768709732
            },
            "1": {
                  "mean_reward": 75.72048136776452
            },
            "2": {
                  "mean_reward": 0.0
            },
            "3": {
                  "mean_reward": 84.99583026667942
            },
            "4": {
                  "mean_reward": 95.00259245068777
            },
            "5": {
                  "mean_reward": 0.0
            },
            "6": {
                  "mean_reward": 63.114101322697984
            },
            "7": {
                  "mean_reward": 62.199634007342816
            },
            "8": {
                  "mean_reward": 179.36197837128475
            }
      },
      "6": {
            "episode_duration": 1144,
            "agents_reward_for_plot": {
                  "0": 97.79944934237457,
                  "1": 72.81149871050214,
                  "2": 399.9963249361301,
                  "3": 87.62529101128128,
                  "4": 93.87819183554353,
                  "5": 0,
                  "6": 61.0680186931636,
                  "7": 92.81046781702588,
                  "8": 231.51744205752306
            },
            "0": {
                  "mean_reward": 97.79944934237457
            },
            "1": {
                  "mean_reward": 72.81149871050214
            },
            "2": {
                  "mean_reward": 399.9963249361301
            },