{
      "0": {
            "episode_duration": 120,
            "agents_reward_for_plot": {
                  "0": 13.363837470590031,
                  "1": -76.18697122979091,
                  "2": 0,
                  "3": -40.069711484818676,
                  "4": -13.341153508547812,
                  "5": 0,
                  "6": -37.575762759633875,
                  "7": -35.11078998237197,
                  "8": -26.519258804977394
            },
            "0": {
                  "mean_reward": 13.363837470590031
            },
            "1": {
                  "mean_reward": -76.18697122979091
            },
            "2": {
                  "mean_reward": 0.0
            },
            "3": {
                  "mean_reward": -40.069711484818676
            },
            "4": {
                  "mean_reward": -13.341153508547812
            },
            "5": {
                  "mean_reward": 0.0
            },
            "6": {
                  "mean_reward": -37.575762759633875
            },
            "7": {
                  "mean_reward": -35.11078998237197
            },
            "8": {
                  "mean_reward": -26.519258804977394
            }
      },
      "1": {
            "episode_duration": 102,
            "agents_reward_for_plot": {
                  "0": 15.215840798399999,
                  "1": -49.27386623402394,
                  "2": -33.51748436358966,
                  "3": -16.50477070302393,
                  "4": -8.86095963252345,
                  "5": -32.02547686832299,
                  "6": -6.756398089426282,
                  "7": -24.620879854299567,
                  "8": -33.765946663397905
            },
            "0": {
                  "mean_reward": 15.215840798399999
            },
            "1": {
                  "mean_reward": -49.27386623402394
            },
            "2": {
                  "mean_reward": -33.51748436358966
            },
            "3": {
                  "mean_reward": -16.50477070302393
            },
            "4": {
                  "mean_reward": -8.86095963252345
            },
            "5": {
                  "mean_reward": -32.02547686832299
            },
            "6": {
                  "mean_reward": -6.756398089426282
            },
            "7": {
                  "mean_reward": -24.620879854299567
            },
            "8": {
                  "mean_reward": -33.765946663397905
            }
      },
      "2": {
            "episode_duration": 45,
            "agents_reward_for_plot": {
                  "0": 15.215840798399999,
                  "1": 3.968071418218277,
                  "2": 0,
                  "3": 0,
                  "4": 9.616104854047643,
                  "5": 0,
                  "6": 0,
                  "7": 0,
                  "8": 0
            },
            "0": {
                  "mean_reward": 15.215840798399999
            },
            "1": {
                  "mean_reward": 3.968071418218277
            },
            "2": {
                  "mean_reward": 0.0
            },
            "3": {
                  "mean_reward": 0.0
            },
            "4": {
                  "mean_reward": 9.616104854047643
            },
            "5": {
                  "mean_reward": 0.0
            },
            "6": {
                  "mean_reward": 0.0
            },
            "7": {
                  "mean_reward": 0.0
            },
            "8": {
                  "mean_reward": 0.0
            }
      },
      "3": {
            "episode_duration": 45,
            "agents_reward_for_plot": {
                  "0": 15.215840798399999,
                  "1": 3.968071418218277,
                  "2": 0,
                  "3": 0,
                  "4": 9.616104854047643,
                  "5": 0,
                  "6": 0,
                  "7": 0,
                  "8": 0
            },
            "0": {
                  "mean_reward": 15.215840798399999
            },
            "1": {
                  "mean_reward": 3.968071418218277
            },
            "2": {
                  "mean_reward": 0.0
            },
            "3": {
                  "mean_reward": 0.0
            },
            "4": {
                  "mean_reward": 9.616104854047643
            },
            "5": {
                  "mean_reward": 0.0
            },
            "6": {
                  "mean_reward": 0.0
            },
            "7": {
                  "mean_reward": 0.0
            },
            "8": {
                  "mean_reward": 0.0
            }
      },
      "4": {
            "episode_duration": 45,
            "agents_reward_for_plot": {
                  "0": 15.215840798399999,
                  "1": 3.968071418218277,
                  "2": 0,
                  "3": 0,
                  "4": 9.616104854047643,
                  "5": 0,
                  "6": 0,
                  "7": 0,
                  "8": 0
            },
            "0": {
                  "mean_reward": 15.215840798399999
            },
            "1": {
                  "mean_reward": 3.968071418218277
            },
            "2": {
                  "mean_reward": 0.0
            },
            "3": {
                  "mean_reward": 0.0
            },
            "4": {
                  "mean_reward": 9.616104854047643
            },
            "5": {
                  "mean_reward": 0.0
            },
            "6": {
                  "mean_reward": 0.0
            },
            "7": {
                  "mean_reward": 0.0
            },
            "8": {
                  "mean_reward": 0.0
            }
      },
      "5": {
            "episode_duration": 60,
            "agents_reward_for_plot": {
                  "0": 9.479473411185804,
                  "1": -24.539366916820562,
                  "2": 0,
                  "3": -15.16787988911971,
                  "4": 8.270411318830321,
                  "5": 0,
                  "6": 0,
                  "7": 0,
                  "8": 0
            },
            "0": {
                  "mean_reward": 9.479473411185804
            },
            "1": {
                  "mean_reward": -24.539366916820562
            },
            "2": {
                  "mean_reward": 0.0
            },
            "3": {
                  "mean_reward": -15.16787988911971
            },
            "4": {
                  "mean_reward": 8.270411318830321
            },
            "5": {
                  "mean_reward": 0.0
            },
            "6": {
                  "mean_reward": 0.0
            },
            "7": {
                  "mean_reward": 0.0
            },
            "8": {
                  "mean_reward": 0.0
            }
      },
      "6": {
            "episode_duration": 55,
            "agents_reward_for_plot": {
                  "0": 15.215840798399999,
                  "1": -24.602042792953316,
                  "2": -21.361074646770945,
                  "3": 0,
                  "4": -12.535437924892323,
                  "5": 3.735860471657981,
                  "6": 0,
                  "7": -10.920873520166191,
                  "8": 8.696632861405844
            },
            "0": {
                  "mean_reward": 15.215840798399999
            },
            "1": {
                  "mean_reward": -24.602042792953316
            },
            "2": {
                  "mean_reward": -21.361074646770945
            },
            "3": {
                  "mean_reward": 0.0
            },
            "4": {
                  "mean_reward": -12.535437924892323
            },
            "5": {
                  "mean_reward": 3.735860471657981
            },
            "6": {
                  "mean_reward": 0.0
            },
            "7": {
                  "mean_reward": -10.920873520166191
            },