{
      "0": {
            "episode_duration": 103,
            "agents_reward_for_plot": {
                  "0": -16.060905960485485,
                  "1": -9.327580195936328,
                  "2": -2.218632846984285,
                  "3": -69.13510827629258,
                  "4": -52.37062102405318,
                  "5": 0,
                  "6": -70.60577738991351,
                  "7": -69.54497592672294,
                  "8": 0
            },
            "0": {
                  "mean_reward": -16.060905960485485
            },
            "1": {
                  "mean_reward": -9.327580195936328
            },
            "2": {
                  "mean_reward": -2.218632846984285
            },
            "3": {
                  "mean_reward": -69.13510827629258
            },
            "4": {
                  "mean_reward": -52.37062102405318
            },
            "5": {
                  "mean_reward": 0.0
            },
            "6": {
                  "mean_reward": -70.60577738991351
            },
            "7": {
                  "mean_reward": -69.54497592672294
            },
            "8": {
                  "mean_reward": 0.0
            }
      },
      "1": {
            "episode_duration": 61,
            "agents_reward_for_plot": {
                  "0": 30.431681596799997,
                  "1": -8.66001434742763,
                  "2": -15.994485287854745,
                  "3": 0,
                  "4": 5.279908810459833,
                  "5": 0,
                  "6": 0,
                  "7": 0,
                  "8": 0
            },
            "0": {
                  "mean_reward": 30.431681596799997
            },
            "1": {
                  "mean_reward": -8.66001434742763
            },
            "2": {
                  "mean_reward": -15.994485287854745
            },
            "3": {
                  "mean_reward": 0.0
            },
            "4": {
                  "mean_reward": 5.279908810459833
            },
            "5": {
                  "mean_reward": 0.0
            },
            "6": {
                  "mean_reward": 0.0
            },
            "7": {
                  "mean_reward": 0.0
            },
            "8": {
                  "mean_reward": 0.0
            }
      },
      "2": {
            "episode_duration": 45,
            "agents_reward_for_plot": {
                  "0": 30.431681596799997,
                  "1": 7.936142836436554,
                  "2": 0,
                  "3": 0,
                  "4": 19.232209708095287,
                  "5": 0,
                  "6": 0,
                  "7": 0,
                  "8": 0
            },
            "0": {
                  "mean_reward": 30.431681596799997
            },
            "1": {
                  "mean_reward": 7.936142836436554
            },
            "2": {
                  "mean_reward": 0.0
            },
            "3": {
                  "mean_reward": 0.0
            },
            "4": {
                  "mean_reward": 19.232209708095287
            },
            "5": {
                  "mean_reward": 0.0
            },
            "6": {
                  "mean_reward": 0.0
            },
            "7": {
                  "mean_reward": 0.0
            },
            "8": {
                  "mean_reward": 0.0
            }
      },
      "3": {
            "episode_duration": 57,
            "agents_reward_for_plot": {
                  "0": 30.431681596799997,
                  "1": -6.839931657634775,
                  "2": 4.601997984541386,
                  "3": 0,
                  "4": -15.632170999990425,
                  "5": 0,
                  "6": 0,
                  "7": 0,
                  "8": 0
            },
            "0": {
                  "mean_reward": 30.431681596799997
            },
            "1": {
                  "mean_reward": -6.839931657634775
            },
            "2": {
                  "mean_reward": 4.601997984541386
            },
            "3": {
                  "mean_reward": 0.0
            },
            "4": {
                  "mean_reward": -15.632170999990425
            },
            "5": {
                  "mean_reward": 0.0
            },
            "6": {
                  "mean_reward": 0.0
            },
            "7": {
                  "mean_reward": 0.0
            },
            "8": {
                  "mean_reward": 0.0
            }
      },
      "4": {
            "episode_duration": 47,
            "agents_reward_for_plot": {
                  "0": 30.431681596799997,
                  "1": 6.984599310347812,
                  "2": 0,
                  "3": 0,
                  "4": 18.849488734904188,
                  "5": 0,
                  "6": 0,
                  "7": 0,
                  "8": 0
            },
            "0": {
                  "mean_reward": 30.431681596799997
            },
            "1": {
                  "mean_reward": 6.984599310347812
            },
            "2": {
                  "mean_reward": 0.0
            },
            "3": {
                  "mean_reward": 0.0
            },
            "4": {
                  "mean_reward": 18.849488734904188
            },
            "5": {
                  "mean_reward": 0.0
            },
            "6": {
                  "mean_reward": 0.0
            },
            "7": {
                  "mean_reward": 0.0
            },
            "8": {
                  "mean_reward": 0.0
            }
      },
      "5": {
            "episode_duration": 49,
            "agents_reward_for_plot": {
                  "0": 30.431681596799997,
                  "1": -19.840357091091384,
                  "2": -17.889891266180374,
                  "3": 0,
                  "4": 18.474383909079595,
                  "5": 7.6234271434710354,
                  "6": 0,
                  "7": 0,
                  "8": 0
            },
            "0": {
                  "mean_reward": 30.431681596799997
            },
            "1": {
                  "mean_reward": -19.840357091091384
            },
            "2": {
                  "mean_reward": -17.889891266180374
            },
            "3": {
                  "mean_reward": 0.0
            },
            "4": {
                  "mean_reward": 18.474383909079595
            },
            "5": {
                  "mean_reward": 7.6234271434710354
            },
            "6": {
                  "mean_reward": 0.0
            },
            "7": {
                  "mean_reward": 0.0
            },
            "8": {
                  "mean_reward": 0.0
            }
      },
      "6": {
            "episode_duration": 45,
            "agents_reward_for_plot": {
                  "0": 30.431681596799997,
                  "1": 7.936142836436554,
                  "2": 0,
                  "3": 0,
                  "4": 19.232209708095287,
                  "5": 0,
                  "6": 0,
                  "7": 0,
                  "8": 0
            },
            "0": {
                  "mean_reward": 30.431681596799997
            },
            "1": {
                  "mean_reward": 7.936142836436554
            },
            "2": {
                  "mean_reward": 0.0
            },
            "3": {
                  "mean_reward": 0.0
            },
            "4": {
                  "mean_reward": 19.232209708095287
            },
            "5": {
                  "mean_reward": 0.0
            },
            "6": {
                  "mean_reward": 0.0
            },
            "7": {
                  "mean_reward": 0.0
            },
            "8": {
                  "mean_reward": 0.0
            }
      },
      "7": {
            "episode_duration": 45,
            "agents_reward_for_plot": {
                  "0": 30.431681596799997,
                  "1": 7.936142836436554,