{
      "0": {
            "episode_duration": 71,
            "agents_reward_for_plot": {
                  "0": 48.65303039296716,
                  "1": 31.492929377944623,
                  "2": 0,
                  "3": 19.520138816294185,
                  "4": 24.634690809415176,
                  "5": 0,
                  "6": 10.67339603522699,
                  "7": 9.298662625889753,
                  "8": 0
            },
            "0": {
                  "mean_reward": 48.65303039296716
            },
            "1": {
                  "mean_reward": 31.492929377944623
            },
            "2": {
                  "mean_reward": 0.0
            },
            "3": {
                  "mean_reward": 19.520138816294185
            },
            "4": {
                  "mean_reward": 24.634690809415176
            },
            "5": {
                  "mean_reward": 0.0
            },
            "6": {
                  "mean_reward": 10.67339603522699
            },
            "7": {
                  "mean_reward": 9.298662625889753
            },
            "8": {
                  "mean_reward": 0.0
            }
      },
      "1": {
            "episode_duration": 81,
            "agents_reward_for_plot": {
                  "0": 68.99176044711027,
                  "1": 36.94068817199846,
                  "2": 33.29858680341482,
                  "3": 8.409543800408992,
                  "4": 8.8207243195548,
                  "5": 20.556542505538147,
                  "6": 0,
                  "7": 22.26649201223548,
                  "8": 21.51546770551522
            },
            "0": {
                  "mean_reward": 68.99176044711027
            },
            "1": {
                  "mean_reward": 36.94068817199846
            },
            "2": {
                  "mean_reward": 33.29858680341482
            },
            "3": {
                  "mean_reward": 8.409543800408992
            },
            "4": {
                  "mean_reward": 8.8207243195548
            },
            "5": {
                  "mean_reward": 20.556542505538147
            },
            "6": {
                  "mean_reward": 0.0
            },
            "7": {
                  "mean_reward": 22.26649201223548
            },
            "8": {
                  "mean_reward": 21.51546770551522
            }
      },
      "2": {
            "episode_duration": 81,
            "agents_reward_for_plot": {
                  "0": 59.836112493302494,
                  "1": 36.49693994715226,
                  "2": 0,
                  "3": 24.387559833007412,
                  "4": 28.11347627349649,
                  "5": 0,
                  "6": 27.271742985871867,
                  "7": 26.91362295998443,
                  "8": 19.753284510153215
            },
            "0": {
                  "mean_reward": 59.836112493302494
            },
            "1": {
                  "mean_reward": 36.49693994715226
            },
            "2": {
                  "mean_reward": 0.0
            },
            "3": {
                  "mean_reward": 24.387559833007412
            },
            "4": {
                  "mean_reward": 28.11347627349649
            },
            "5": {
                  "mean_reward": 0.0
            },
            "6": {
                  "mean_reward": 27.271742985871867
            },
            "7": {
                  "mean_reward": 26.91362295998443
            },
            "8": {
                  "mean_reward": 19.753284510153215
            }
      },
      "3": {
            "episode_duration": 99,
            "agents_reward_for_plot": {
                  "0": 69.84223999494388,
                  "1": 43.58402524085217,
                  "2": 29.990387348716673,
                  "3": 84.81794665953608,
                  "4": 12.892676986937587,
                  "5": 19.40124060643637,
                  "6": 9.13219495487829,
                  "7": 10.908034284080461,
                  "8": 6.457063691144421
            },
            "0": {
                  "mean_reward": 69.84223999494388
            },
            "1": {
                  "mean_reward": 43.58402524085217
            },
            "2": {
                  "mean_reward": 29.990387348716673
            },
            "3": {
                  "mean_reward": 84.81794665953608
            },
            "4": {
                  "mean_reward": 12.892676986937587
            },
            "5": {
                  "mean_reward": 19.40124060643637
            },
            "6": {
                  "mean_reward": 9.13219495487829
            },
            "7": {
                  "mean_reward": 10.908034284080461
            },
            "8": {
                  "mean_reward": 6.457063691144421
            }
      },
      "4": {
            "episode_duration": 71,
            "agents_reward_for_plot": {
                  "0": 54.661222658820854,
                  "1": 28.5598314165215,
                  "2": 0,
                  "3": 42.904145868456716,
                  "4": 17.702747592505418,
                  "5": 0,
                  "6": 0,
                  "7": 0,
                  "8": 0
            },
            "0": {
                  "mean_reward": 54.661222658820854
            },
            "1": {
                  "mean_reward": 28.5598314165215
            },
            "2": {
                  "mean_reward": 0.0
            },
            "3": {
                  "mean_reward": 42.904145868456716
            },
            "4": {
                  "mean_reward": 17.702747592505418
            },
            "5": {
                  "mean_reward": 0.0
            },
            "6": {
                  "mean_reward": 0.0
            },
            "7": {
                  "mean_reward": 0.0
            },
            "8": {
                  "mean_reward": 0.0
            }
      },
      "5": {
            "episode_duration": 135,
            "agents_reward_for_plot": {
                  "0": 86.68916545516902,
                  "1": 40.98479201599179,
                  "2": 51.94496536029352,
                  "3": 78.22288363917005,
                  "4": 62.16094953118534,
                  "5": 65.40902863104776,
                  "6": 29.54971780366121,
                  "7": 63.502398428591306,
                  "8": 102.34694420231332
            },
            "0": {
                  "mean_reward": 86.68916545516902
            },
            "1": {
                  "mean_reward": 40.98479201599179
            },
            "2": {
                  "mean_reward": 51.94496536029352
            },
            "3": {
                  "mean_reward": 78.22288363917005
            },
            "4": {
                  "mean_reward": 62.16094953118534
            },
            "5": {
                  "mean_reward": 65.40902863104776
            },
            "6": {
                  "mean_reward": 29.54971780366121
            },
            "7": {
                  "mean_reward": 63.502398428591306
            },
            "8": {
                  "mean_reward": 102.34694420231332
            }
      },
      "6": {
            "episode_duration": 63,
            "agents_reward_for_plot": {
                  "0": 50.299469514439956,
                  "1": 21.597713593495865,
                  "2": 20.10470930963055,
                  "3": 0,
                  "4": 14.717378688532966,
                  "5": 0,
                  "6": 0,
                  "7": 0,
                  "8": 0
            },
            "0": {
                  "mean_reward": 50.299469514439956
            },
            "1": {
                  "mean_reward": 21.597713593495865
            },
            "2": {
                  "mean_reward": 20.10470930963055
            },
            "3": {
                  "mean_reward": 0.0
            },