{
      "0": {
            "episode_duration": 101,
            "agents_reward_for_plot": {
                  "0": 72.08087408456967,
                  "1": 9.492916655595982,
                  "2": 0,
                  "3": 67.35325537718163,
                  "4": 50.85386361001407,
                  "5": 55.33083198962338,
                  "6": 0,
                  "7": 53.985826568955176,
                  "8": 67.05879144632515
            },
            "0": {
                  "mean_reward": 72.08087408456967
            },
            "1": {
                  "mean_reward": 9.492916655595982
            },
            "2": {
                  "mean_reward": 0.0
            },
            "3": {
                  "mean_reward": 67.35325537718163
            },
            "4": {
                  "mean_reward": 50.85386361001407
            },
            "5": {
                  "mean_reward": 55.33083198962338
            },
            "6": {
                  "mean_reward": 0.0
            },
            "7": {
                  "mean_reward": 53.985826568955176
            },
            "8": {
                  "mean_reward": 67.05879144632515
            }
      },
      "1": {
            "episode_duration": 149,
            "agents_reward_for_plot": {
                  "0": 86.52291395179316,
                  "1": 55.617560257876384,
                  "2": 69.66695544815079,
                  "3": 31.822019606802275,
                  "4": 44.240472983624755,
                  "5": 70.34476949995691,
                  "6": 19.85293669809336,
                  "7": 49.55768975978318,
                  "8": 65.936322364744
            },
            "0": {
                  "mean_reward": 86.52291395179316
            },
            "1": {
                  "mean_reward": 55.617560257876384
            },
            "2": {
                  "mean_reward": 69.66695544815079
            },
            "3": {
                  "mean_reward": 31.822019606802275
            },
            "4": {
                  "mean_reward": 44.240472983624755
            },
            "5": {
                  "mean_reward": 70.34476949995691
            },
            "6": {
                  "mean_reward": 19.85293669809336
            },
            "7": {
                  "mean_reward": 49.55768975978318
            },
            "8": {
                  "mean_reward": 65.936322364744
            }
      },
      "2": {
            "episode_duration": 78,
            "agents_reward_for_plot": {
                  "0": 47.69002780208095,
                  "1": 24.524290190458444,
                  "2": 7.4326776013715845,
                  "3": 39.70721526477678,
                  "4": 57.05668372619266,
                  "5": 0,
                  "6": 0,
                  "7": 0,
                  "8": 0
            },
            "0": {
                  "mean_reward": 47.69002780208095
            },
            "1": {
                  "mean_reward": 24.524290190458444
            },
            "2": {
                  "mean_reward": 7.4326776013715845
            },
            "3": {
                  "mean_reward": 39.70721526477678
            },
            "4": {
                  "mean_reward": 57.05668372619266
            },
            "5": {
                  "mean_reward": 0.0
            },
            "6": {
                  "mean_reward": 0.0
            },
            "7": {
                  "mean_reward": 0.0
            },
            "8": {
                  "mean_reward": 0.0
            }
      },
      "3": {
            "episode_duration": 138,
            "agents_reward_for_plot": {
                  "0": 87.7175688464961,
                  "1": 12.43783971783298,
                  "2": 0,
                  "3": 65.0537551938146,
                  "4": 23.44849164675783,
                  "5": 60.68551816560933,
                  "6": 60.46764440131284,
                  "7": 56.55242694661703,
                  "8": 65.98282083366746
            },
            "0": {
                  "mean_reward": 87.7175688464961
            },
            "1": {
                  "mean_reward": 12.43783971783298
            },
            "2": {
                  "mean_reward": 0.0
            },
            "3": {
                  "mean_reward": 65.0537551938146
            },
            "4": {
                  "mean_reward": 23.44849164675783
            },
            "5": {
                  "mean_reward": 60.68551816560933
            },
            "6": {
                  "mean_reward": 60.46764440131284
            },
            "7": {
                  "mean_reward": 56.55242694661703
            },
            "8": {
                  "mean_reward": 65.98282083366746
            }
      },
      "4": {
            "episode_duration": 128,
            "agents_reward_for_plot": {
                  "0": 88.2321517120058,
                  "1": 63.534307074266174,
                  "2": 65.43538091861913,
                  "3": 30.249995880451092,
                  "4": 0,
                  "5": 61.14003213780216,
                  "6": 34.12820417520358,
                  "7": 44.25187520517497,
                  "8": 64.71718793996037
            },
            "0": {
                  "mean_reward": 88.2321517120058
            },
            "1": {
                  "mean_reward": 63.534307074266174
            },
            "2": {
                  "mean_reward": 65.43538091861913
            },
            "3": {
                  "mean_reward": 30.249995880451092
            },
            "4": {
                  "mean_reward": 0.0
            },
            "5": {
                  "mean_reward": 61.14003213780216
            },
            "6": {
                  "mean_reward": 34.12820417520358
            },
            "7": {
                  "mean_reward": 44.25187520517497
            },
            "8": {
                  "mean_reward": 64.71718793996037
            }
      },
      "5": {
            "episode_duration": 95,
            "agents_reward_for_plot": {
                  "0": 70.7015732198876,
                  "1": 31.170201930300273,
                  "2": 0,
                  "3": 68.27468244022188,
                  "4": 42.991792652556825,
                  "5": 0,
                  "6": 60.785107538816774,
                  "7": 52.321065672117946,
                  "8": 64.18171251062523
            },
            "0": {
                  "mean_reward": 70.7015732198876
            },
            "1": {
                  "mean_reward": 31.170201930300273
            },
            "2": {
                  "mean_reward": 0.0
            },
            "3": {
                  "mean_reward": 68.27468244022188
            },
            "4": {
                  "mean_reward": 42.991792652556825
            },
            "5": {
                  "mean_reward": 0.0
            },
            "6": {
                  "mean_reward": 60.785107538816774
            },
            "7": {
                  "mean_reward": 52.321065672117946
            },
            "8": {
                  "mean_reward": 64.18171251062523
            }
      },
      "6": {
            "episode_duration": 49,
            "agents_reward_for_plot": {
                  "0": 40.892572145699994,
                  "1": 19.840357091091384,
                  "2": 0,
                  "3": 0,
                  "4": 11.412425891158222,
                  "5": 0,
                  "6": 0,
                  "7": 0,
                  "8": 0
            },
            "0": {
                  "mean_reward": 40.892572145699994
            },
            "1": {
                  "mean_reward": 19.840357091091384
            },
            "2": {
                  "mean_reward": 0.0
            },
            "3": {
                  "mean_reward": 0.0
            },