{
      "0": {
            "episode_duration": 100,
            "agents_reward_for_plot": {
                  "0": -34.268627596009836,
                  "1": -18.26688011264132,
                  "2": 10.631111881313208,
                  "3": -52.01072771169362,
                  "4": 5.2708363090748875,
                  "5": 0,
                  "6": -61.41470354488154,
                  "7": -60.499758699627435,
                  "8": 0
            },
            "0": {
                  "mean_reward": -34.268627596009836
            },
            "1": {
                  "mean_reward": -18.26688011264132
            },
            "2": {
                  "mean_reward": 10.631111881313208
            },
            "3": {
                  "mean_reward": -52.01072771169362
            },
            "4": {
                  "mean_reward": 5.2708363090748875
            },
            "5": {
                  "mean_reward": 0.0
            },
            "6": {
                  "mean_reward": -61.41470354488154
            },
            "7": {
                  "mean_reward": -60.499758699627435
            },
            "8": {
                  "mean_reward": 0.0
            }
      },
      "1": {
            "episode_duration": 49,
            "agents_reward_for_plot": {
                  "0": 30.431681596799997,
                  "1": 5.242584292540069,
                  "2": -17.889891266180374,
                  "3": 0,
                  "4": 18.474383909079595,
                  "5": 0,
                  "6": 0,
                  "7": 0,
                  "8": 0
            },
            "0": {
                  "mean_reward": 30.431681596799997
            },
            "1": {
                  "mean_reward": 5.242584292540069
            },
            "2": {
                  "mean_reward": -17.889891266180374
            },
            "3": {
                  "mean_reward": 0.0
            },
            "4": {
                  "mean_reward": 18.474383909079595
            },
            "5": {
                  "mean_reward": 0.0
            },
            "6": {
                  "mean_reward": 0.0
            },
            "7": {
                  "mean_reward": 0.0
            },
            "8": {
                  "mean_reward": 0.0
            }
      },
      "2": {
            "episode_duration": 47,
            "agents_reward_for_plot": {
                  "0": 30.431681596799997,
                  "1": 7.936142836436554,
                  "2": 0,
                  "3": 0,
                  "4": 18.109788361515907,
                  "5": 0,
                  "6": 0,
                  "7": 0,
                  "8": 0
            },
            "0": {
                  "mean_reward": 30.431681596799997
            },
            "1": {
                  "mean_reward": 7.936142836436554
            },
            "2": {
                  "mean_reward": 0.0
            },
            "3": {
                  "mean_reward": 0.0
            },
            "4": {
                  "mean_reward": 18.109788361515907
            },
            "5": {
                  "mean_reward": 0.0
            },
            "6": {
                  "mean_reward": 0.0
            },
            "7": {
                  "mean_reward": 0.0
            },
            "8": {
                  "mean_reward": 0.0
            }
      },
      "3": {
            "episode_duration": 57,
            "agents_reward_for_plot": {
                  "0": 17.449285668563455,
                  "1": -3.7189488267670727,
                  "2": 17.047139734927732,
                  "3": -15.632170999990425,
                  "4": -17.39952806298848,
                  "5": 0,
                  "6": 0,
                  "7": 0,
                  "8": 0
            },
            "0": {
                  "mean_reward": 17.449285668563455
            },
            "1": {
                  "mean_reward": -3.7189488267670727
            },
            "2": {
                  "mean_reward": 17.047139734927732
            },
            "3": {
                  "mean_reward": -15.632170999990425
            },
            "4": {
                  "mean_reward": -17.39952806298848
            },
            "5": {
                  "mean_reward": 0.0
            },
            "6": {
                  "mean_reward": 0.0
            },
            "7": {
                  "mean_reward": 0.0
            },
            "8": {
                  "mean_reward": 0.0
            }
      },
      "4": {
            "episode_duration": 63,
            "agents_reward_for_plot": {
                  "0": 2.1931060809750527,
                  "1": -25.78204063181536,
                  "2": -19.130420791377887,
                  "3": 0,
                  "4": 16.049543664499488,
                  "5": 3.8510254572330327,
                  "6": 0,
                  "7": 0,
                  "8": 0
            },
            "0": {
                  "mean_reward": 2.1931060809750527
            },
            "1": {
                  "mean_reward": -25.78204063181536
            },
            "2": {
                  "mean_reward": -19.130420791377887
            },
            "3": {
                  "mean_reward": 0.0
            },
            "4": {
                  "mean_reward": 16.049543664499488
            },
            "5": {
                  "mean_reward": 3.8510254572330327
            },
            "6": {
                  "mean_reward": 0.0
            },
            "7": {
                  "mean_reward": 0.0
            },
            "8": {
                  "mean_reward": 0.0
            }
      },
      "5": {
            "episode_duration": 66,
            "agents_reward_for_plot": {
                  "0": 45.98810878478293,
                  "1": -28.525542550622234,
                  "2": 0,
                  "3": -19.304574404334176,
                  "4": 11.71622578674531,
                  "5": 0,
                  "6": -17.56895527556736,
                  "7": -15.894768983615602,
                  "8": 0
            },
            "0": {
                  "mean_reward": 45.98810878478293
            },
            "1": {
                  "mean_reward": -28.525542550622234
            },
            "2": {
                  "mean_reward": 0.0
            },
            "3": {
                  "mean_reward": -19.304574404334176
            },
            "4": {
                  "mean_reward": 11.71622578674531
            },
            "5": {
                  "mean_reward": 0.0
            },
            "6": {
                  "mean_reward": -17.56895527556736
            },
            "7": {
                  "mean_reward": -15.894768983615602
            },
            "8": {
                  "mean_reward": 0.0
            }
      },
      "6": {
            "episode_duration": 111,
            "agents_reward_for_plot": {
                  "0": 4.697662656947827,
                  "1": -14.174122172069982,
                  "2": -47.8689924420828,
                  "3": -19.810104176750986,
                  "4": -7.151859293369201,
                  "5": -41.6095846392806,
                  "6": -15.969720036050159,
                  "7": -14.883614076607945,
                  "8": -55.26525101006717
            },
            "0": {
                  "mean_reward": 4.697662656947827
            },
            "1": {
                  "mean_reward": -14.174122172069982
            },
            "2": {
                  "mean_reward": -47.8689924420828
            },
            "3": {
                  "mean_reward": -19.810104176750986
            },
            "4": {
                  "mean_reward": -7.151859293369201
            },
            "5": {
                  "mean_reward": -41.6095846392806
            },
            "6": {
                  "mean_reward": -15.969720036050159
            },