{
      "0": {
            "episode_duration": 63,
            "agents_reward_for_plot": {
                  "0": -52.21458418478444,
                  "1": -24.656679112942673,
                  "2": -21.54648881500437,
                  "3": -42.626595251968716,
                  "4": 19.753382607463543,
                  "5": 3.517238474997846,
                  "6": 0,
                  "7": 0,
                  "8": 0
            },
            "0": {
                  "mean_reward": -52.21458418478444
            },
            "1": {
                  "mean_reward": -24.656679112942673
            },
            "2": {
                  "mean_reward": -21.54648881500437
            },
            "3": {
                  "mean_reward": -42.626595251968716
            },
            "4": {
                  "mean_reward": 19.753382607463543
            },
            "5": {
                  "mean_reward": 3.517238474997846
            },
            "6": {
                  "mean_reward": 0.0
            },
            "7": {
                  "mean_reward": 0.0
            },
            "8": {
                  "mean_reward": 0.0
            }
      },
      "1": {
            "episode_duration": 99,
            "agents_reward_for_plot": {
                  "0": -27.990056354374452,
                  "1": -18.94112751676688,
                  "2": -31.7997951394512,
                  "3": -65.23375600376386,
                  "4": -8.181514821251382,
                  "5": 0,
                  "6": -65.18761287722343,
                  "7": -20.98045452310225,
                  "8": 0
            },
            "0": {
                  "mean_reward": -27.990056354374452
            },
            "1": {
                  "mean_reward": -18.94112751676688
            },
            "2": {
                  "mean_reward": -31.7997951394512
            },
            "3": {
                  "mean_reward": -65.23375600376386
            },
            "4": {
                  "mean_reward": -8.181514821251382
            },
            "5": {
                  "mean_reward": 0.0
            },
            "6": {
                  "mean_reward": -65.18761287722343
            },
            "7": {
                  "mean_reward": -20.98045452310225
            },
            "8": {
                  "mean_reward": 0.0
            }
      },
      "2": {
            "episode_duration": 45,
            "agents_reward_for_plot": {
                  "0": 15.215840798399999,
                  "1": 3.968071418218277,
                  "2": 0,
                  "3": 0,
                  "4": 9.616104854047643,
                  "5": 0,
                  "6": 0,
                  "7": 0,
                  "8": 0
            },
            "0": {
                  "mean_reward": 15.215840798399999
            },
            "1": {
                  "mean_reward": 3.968071418218277
            },
            "2": {
                  "mean_reward": 0.0
            },
            "3": {
                  "mean_reward": 0.0
            },
            "4": {
                  "mean_reward": 9.616104854047643
            },
            "5": {
                  "mean_reward": 0.0
            },
            "6": {
                  "mean_reward": 0.0
            },
            "7": {
                  "mean_reward": 0.0
            },
            "8": {
                  "mean_reward": 0.0
            }
      },
      "3": {
            "episode_duration": 55,
            "agents_reward_for_plot": {
                  "0": 13.962055516611839,
                  "1": -10.321957748450108,
                  "2": 7.317665048345884,
                  "3": 0,
                  "4": -15.949567391072774,
                  "5": 0,
                  "6": 0,
                  "7": 0,
                  "8": 0
            },
            "0": {
                  "mean_reward": 13.962055516611839
            },
            "1": {
                  "mean_reward": -10.321957748450108
            },
            "2": {
                  "mean_reward": 7.317665048345884
            },
            "3": {
                  "mean_reward": 0.0
            },
            "4": {
                  "mean_reward": -15.949567391072774
            },
            "5": {
                  "mean_reward": 0.0
            },
            "6": {
                  "mean_reward": 0.0
            },
            "7": {
                  "mean_reward": 0.0
            },
            "8": {
                  "mean_reward": 0.0
            }
      },
      "4": {
            "episode_duration": 105,
            "agents_reward_for_plot": {
                  "0": -94.1480149401,
                  "1": 0,
                  "2": -14.617044335559472,
                  "3": -66.28587227268812,
                  "4": -32.85700899983597,
                  "5": 4.19852740460341,
                  "6": -62.68210474425601,
                  "7": -52.913503074114686,
                  "8": -55.06420463234309
            },
            "0": {
                  "mean_reward": -94.1480149401
            },
            "1": {
                  "mean_reward": 0.0
            },
            "2": {
                  "mean_reward": -14.617044335559472
            },
            "3": {
                  "mean_reward": -66.28587227268812
            },
            "4": {
                  "mean_reward": -32.85700899983597
            },
            "5": {
                  "mean_reward": 4.19852740460341
            },
            "6": {
                  "mean_reward": -62.68210474425601
            },
            "7": {
                  "mean_reward": -52.913503074114686
            },
            "8": {
                  "mean_reward": -55.06420463234309
            }
      },
      "5": {
            "episode_duration": 47,
            "agents_reward_for_plot": {
                  "0": 13.962055516611839,
                  "1": 3.8891067969957334,
                  "2": 0,
                  "3": 0,
                  "4": 9.424744367452094,
                  "5": 0,
                  "6": 0,
                  "7": 0,
                  "8": 0
            },
            "0": {
                  "mean_reward": 13.962055516611839
            },
            "1": {
                  "mean_reward": 3.8891067969957334
            },
            "2": {
                  "mean_reward": 0.0
            },
            "3": {
                  "mean_reward": 0.0
            },
            "4": {
                  "mean_reward": 9.424744367452094
            },
            "5": {
                  "mean_reward": 0.0
            },
            "6": {
                  "mean_reward": 0.0
            },
            "7": {
                  "mean_reward": 0.0
            },
            "8": {
                  "mean_reward": 0.0
            }
      },
      "6": {
            "episode_duration": 63,
            "agents_reward_for_plot": {
                  "0": 13.962055516611839,
                  "1": -27.459816361547773,
                  "2": -22.29366090933597,
                  "3": 0,
                  "4": 8.024771832249744,
                  "5": 0.5396152523131152,
                  "6": 0,
                  "7": 0,
                  "8": -15.541768128386511
            },
            "0": {
                  "mean_reward": 13.962055516611839
            },
            "1": {
                  "mean_reward": -27.459816361547773
            },
            "2": {
                  "mean_reward": -22.29366090933597
            },
            "3": {
                  "mean_reward": 0.0
            },
            "4": {
                  "mean_reward": 8.024771832249744
            },
            "5": {
                  "mean_reward": 0.5396152523131152
            },
            "6": {
                  "mean_reward": 0.0
            },
            "7": {
                  "mean_reward": 0.0
            },