{
      "0": {
            "episode_duration": 92,
            "agents_reward_for_plot": {
                  "0": -3.569067259810655,
                  "1": -41.62837089069995,
                  "2": 0,
                  "3": -47.644872832671915,
                  "4": 0,
                  "5": 0,
                  "6": -20.178508532816455,
                  "7": -7.529386265370398,
                  "8": 5.995885576435241
            },
            "0": {
                  "mean_reward": -3.569067259810655
            },
            "1": {
                  "mean_reward": -41.62837089069995
            },
            "2": {
                  "mean_reward": 0.0
            },
            "3": {
                  "mean_reward": -47.644872832671915
            },
            "4": {
                  "mean_reward": 0.0
            },
            "5": {
                  "mean_reward": 0.0
            },
            "6": {
                  "mean_reward": -20.178508532816455
            },
            "7": {
                  "mean_reward": -7.529386265370398
            },
            "8": {
                  "mean_reward": 5.995885576435241
            }
      },
      "1": {
            "episode_duration": 79,
            "agents_reward_for_plot": {
                  "0": 4.808755096818432,
                  "1": -24.357351713863558,
                  "2": 0,
                  "3": -8.58029160331496,
                  "4": -12.41170910394699,
                  "5": 0,
                  "6": -23.60373194066917,
                  "7": -22.604878691751438,
                  "8": -18.18728365199654
            },
            "0": {
                  "mean_reward": 4.808755096818432
            },
            "1": {
                  "mean_reward": -24.357351713863558
            },
            "2": {
                  "mean_reward": 0.0
            },
            "3": {
                  "mean_reward": -8.58029160331496
            },
            "4": {
                  "mean_reward": -12.41170910394699
            },
            "5": {
                  "mean_reward": 0.0
            },
            "6": {
                  "mean_reward": -23.60373194066917
            },
            "7": {
                  "mean_reward": -22.604878691751438
            },
            "8": {
                  "mean_reward": -18.18728365199654
            }
      },
      "2": {
            "episode_duration": 66,
            "agents_reward_for_plot": {
                  "0": 22.994054392391465,
                  "1": -28.525542550622234,
                  "2": 0,
                  "3": -19.304574404334176,
                  "4": 1.902610555504368,
                  "5": 0,
                  "6": 0,
                  "7": -15.894768983615602,
                  "8": 0
            },
            "0": {
                  "mean_reward": 22.994054392391465
            },
            "1": {
                  "mean_reward": -28.525542550622234
            },
            "2": {
                  "mean_reward": 0.0
            },
            "3": {
                  "mean_reward": -19.304574404334176
            },
            "4": {
                  "mean_reward": 1.902610555504368
            },
            "5": {
                  "mean_reward": 0.0
            },
            "6": {
                  "mean_reward": 0.0
            },
            "7": {
                  "mean_reward": -15.894768983615602
            },
            "8": {
                  "mean_reward": 0.0
            }
      },
      "3": {
            "episode_duration": 53,
            "agents_reward_for_plot": {
                  "0": 7.383406018683486,
                  "1": 3.6615168482719875,
                  "2": 0,
                  "3": -39.50506446832834,
                  "4": -12.13768695698871,
                  "5": 0,
                  "6": 0,
                  "7": 0,
                  "8": 0
            },
            "0": {
                  "mean_reward": 7.383406018683486
            },
            "1": {
                  "mean_reward": 3.6615168482719875
            },
            "2": {
                  "mean_reward": 0.0
            },
            "3": {
                  "mean_reward": -39.50506446832834
            },
            "4": {
                  "mean_reward": -12.13768695698871
            },
            "5": {
                  "mean_reward": 0.0
            },
            "6": {
                  "mean_reward": 0.0
            },
            "7": {
                  "mean_reward": 0.0
            },
            "8": {
                  "mean_reward": 0.0
            }
      },
      "4": {
            "episode_duration": 47,
            "agents_reward_for_plot": {
                  "0": 15.215840798399999,
                  "1": 3.095492513352078,
                  "2": 0,
                  "3": 0,
                  "4": 9.424744367452094,
                  "5": 0,
                  "6": 0,
                  "7": 0,
                  "8": 0
            },
            "0": {
                  "mean_reward": 15.215840798399999
            },
            "1": {
                  "mean_reward": 3.095492513352078
            },
            "2": {
                  "mean_reward": 0.0
            },
            "3": {
                  "mean_reward": 0.0
            },
            "4": {
                  "mean_reward": 9.424744367452094
            },
            "5": {
                  "mean_reward": 0.0
            },
            "6": {
                  "mean_reward": 0.0
            },
            "7": {
                  "mean_reward": 0.0
            },
            "8": {
                  "mean_reward": 0.0
            }
      },
      "5": {
            "episode_duration": 62,
            "agents_reward_for_plot": {
                  "0": -18.499426021317248,
                  "1": -21.969101089631923,
                  "2": -27.052692583889147,
                  "3": -33.94896431201994,
                  "4": -23.231008765469475,
                  "5": -10.869723082188631,
                  "6": 0,
                  "7": 0,
                  "8": 0
            },
            "0": {
                  "mean_reward": -18.499426021317248
            },
            "1": {
                  "mean_reward": -21.969101089631923
            },
            "2": {
                  "mean_reward": -27.052692583889147
            },
            "3": {
                  "mean_reward": -33.94896431201994
            },
            "4": {
                  "mean_reward": -23.231008765469475
            },
            "5": {
                  "mean_reward": -10.869723082188631
            },
            "6": {
                  "mean_reward": 0.0
            },
            "7": {
                  "mean_reward": 0.0
            },
            "8": {
                  "mean_reward": 0.0
            }
      },
      "6": {
            "episode_duration": 51,
            "agents_reward_for_plot": {
                  "0": 13.962055516611839,
                  "1": -7.47974483936094,
                  "2": 9.053371834644455,
                  "3": 0,
                  "4": -13.04964604724136,
                  "5": 0,
                  "6": 0,
                  "7": 0,
                  "8": 0
            },
            "0": {
                  "mean_reward": 13.962055516611839
            },
            "1": {
                  "mean_reward": -7.47974483936094
            },
            "2": {
                  "mean_reward": 9.053371834644455
            },
            "3": {
                  "mean_reward": 0.0
            },
            "4": {
                  "mean_reward": -13.04964604724136
            },
            "5": {
                  "mean_reward": 0.0
            },
            "6": {
                  "mean_reward": 0.0
            },
            "7": {
                  "mean_reward": 0.0
            },