{
      "0": {
            "episode_duration": 466,
            "agents_reward_for_plot": {
                  "0": -665.3549232666568,
                  "1": -237.91012308221664,
                  "2": -69.3799921560429,
                  "3": -420.2776757391712,
                  "4": -79.96829203837768,
                  "5": -134.16482212153463,
                  "6": -211.57020092493147,
                  "7": -6.576112754104931,
                  "8": -3.426362780575238
            },
            "0": {
                  "mean_reward": -42.4
            },
            "1": {
                  "mean_reward": -19.529411764705884
            },
            "2": {
                  "mean_reward": -11.363636363636363
            },
            "3": {
                  "mean_reward": -20.516129032258064
            },
            "4": {
                  "mean_reward": -7.882352941176471
            },
            "5": {
                  "mean_reward": -17.0
            },
            "6": {
                  "mean_reward": -3.8380952380952382
            },
            "7": {
                  "mean_reward": -1.4761904761904763
            },
            "8": {
                  "mean_reward": -1.0909090909090908
            }
      },
      "1": {
            "episode_duration": 445,
            "agents_reward_for_plot": {
                  "0": -988.8828120829489,
                  "1": -9.529979342262868,
                  "2": -135.3194674723914,
                  "3": -351.7951118956446,
                  "4": -209.07616255497052,
                  "5": -268.065224964176,
                  "6": -69.96476175057464,
                  "7": -62.897805605039586,
                  "8": -4.990558410817229
            },
            "0": {
                  "mean_reward": -20.265625
            },
            "1": {
                  "mean_reward": -1.3829787234042554
            },
            "2": {
                  "mean_reward": -17.53846153846154
            },
            "3": {
                  "mean_reward": -23.333333333333332
            },
            "4": {
                  "mean_reward": -15.761904761904763
            },
            "5": {
                  "mean_reward": -25.41176470588235
            },
            "6": {
                  "mean_reward": -13.0
            },
            "7": {
                  "mean_reward": -6.45
            },
            "8": {
                  "mean_reward": -1.3333333333333333
            }
      },
      "2": {
            "episode_duration": 316,
            "agents_reward_for_plot": {
                  "0": -600.1810409624082,
                  "1": -225.9575722522792,
                  "2": -4.334431978945583,
                  "3": -143.76386551072542,
                  "4": -289.3876342247538,
                  "5": -68.18375276915685,
                  "6": -76.35515796190684,
                  "7": -8.547507141782283,
                  "8": -6.364902788569815
            },
            "0": {
                  "mean_reward": -52.142857142857146
            },
            "1": {
                  "mean_reward": -22.133333333333333
            },
            "2": {
                  "mean_reward": -1.3333333333333333
            },
            "3": {
                  "mean_reward": -18.0
            },
            "4": {
                  "mean_reward": -28.066666666666666
            },
            "5": {
                  "mean_reward": -10.818181818181818
            },
            "6": {
                  "mean_reward": -8.0
            },
            "7": {
                  "mean_reward": -1.4545454545454546
            },
            "8": {
                  "mean_reward": -1.1935483870967742
            }
      },
      "3": {
            "episode_duration": 312,
            "agents_reward_for_plot": {
                  "0": -1672.5767409123573,
                  "1": -115.78690006914672,
                  "2": -150.98815618759645,
                  "3": -127.03108872141179,
                  "4": -6.890932707182573,
                  "5": -101.81351880787224,
                  "6": -152.86214487322542,
                  "7": -58.24834514621382,
                  "8": -141.50851217908672
            },
            "0": {
                  "mean_reward": -51.86363636363637
            },
            "1": {
                  "mean_reward": -14.117647058823529
            },
            "2": {
                  "mean_reward": -44.57142857142857
            },
            "3": {
                  "mean_reward": -9.03225806451613
            },
            "4": {
                  "mean_reward": -2.0
            },
            "5": {
                  "mean_reward": -20.818181818181817
            },
            "6": {
                  "mean_reward": -14.91304347826087
            },
            "7": {
                  "mean_reward": -5.607142857142857
            },
            "8": {
                  "mean_reward": -38.25
            }
      },
      "4": {
            "episode_duration": 1436,
            "agents_reward_for_plot": {
                  "0": -499.8751061129084,
                  "1": -151.18064371578154,
                  "2": -276.71065869474603,
                  "3": -101.10583396470685,
                  "4": -211.6948160384368,
                  "5": -147.91085711657104,
                  "6": -6.695522141067674,
                  "7": -5.762736251619724,
                  "8": -2.0197742041564917
            },
            "0": {
                  "mean_reward": -22.666666666666668
            },
            "1": {
                  "mean_reward": -11.380952380952381
            },
            "2": {
                  "mean_reward": -13.774193548387096
            },
            "3": {
                  "mean_reward": -2.3980582524271843
            },
            "4": {
                  "mean_reward": -6.1875
            },
            "5": {
                  "mean_reward": -11.8
            },
            "6": {
                  "mean_reward": -1.0
            },
            "7": {
                  "mean_reward": -1.28
            },
            "8": {
                  "mean_reward": -1.1666666666666667
            }
      },
      "5": {
            "episode_duration": 452,
            "agents_reward_for_plot": {
                  "0": -512.4880072719152,
                  "1": -104.09560812591661,
                  "2": -8.844582235805252,
                  "3": -232.65129146425835,
                  "4": -91.94539165447867,
                  "5": -7.7508457282596455,
                  "6": -72.03526504693343,
                  "7": -80.51252063684038,
                  "8": -70.05456711179284
            },
            "0": {
                  "mean_reward": -14.294117647058824
            },
            "1": {
                  "mean_reward": -3.596774193548387
            },
            "2": {
                  "mean_reward": -1.9090909090909092
            },
            "3": {
                  "mean_reward": -13.461538461538462
            },
            "4": {
                  "mean_reward": -6.193548387096774
            },
            "5": {
                  "mean_reward": -2.3684210526315788
            },
            "6": {
                  "mean_reward": -5.290322580645161
            },
            "7": {
                  "mean_reward": -6.75
            },
            "8": {
                  "mean_reward": -9.538461538461538
            }
      },
      "6": {
            "episode_duration": 307,
            "agents_reward_for_plot": {
                  "0": -758.5405708221524,
                  "1": -287.4352934739586,
                  "2": -78.34197850616047,
                  "3": -700.2279119372777,
                  "4": -255.55460840101938,
                  "5": -4.3298777191462055,
                  "6": -68.98560402129084,
                  "7": -69.79787185233504,