{
      "0": {
            "episode_duration": 65,
            "agents_reward_for_plot": {
                  "0": 53.09641876130024,
                  "1": 24.166011198595115,
                  "2": 22.249646510546523,
                  "3": 50.249123519432935,
                  "4": 35.02989298263031,
                  "5": 11.255163119993107,
                  "6": 0,
                  "7": 15.282474647558871,
                  "8": 16.743473970354444
            },
            "0": {
                  "mean_reward": 53.09641876130024
            },
            "1": {
                  "mean_reward": 24.166011198595115
            },
            "2": {
                  "mean_reward": 22.249646510546523
            },
            "3": {
                  "mean_reward": 50.249123519432935
            },
            "4": {
                  "mean_reward": 35.02989298263031
            },
            "5": {
                  "mean_reward": 11.255163119993107
            },
            "6": {
                  "mean_reward": 0.0
            },
            "7": {
                  "mean_reward": 15.282474647558871
            },
            "8": {
                  "mean_reward": 16.743473970354444
            }
      },
      "1": {
            "episode_duration": 81,
            "agents_reward_for_plot": {
                  "0": 57.00287637243109,
                  "1": 31.799502290165165,
                  "2": 27.704891011471606,
                  "3": 62.466525631288754,
                  "4": 43.77247127189692,
                  "5": 17.21933306558357,
                  "6": 0,
                  "7": 18.125120843827453,
                  "8": 18.8085986824307
            },
            "0": {
                  "mean_reward": 57.00287637243109
            },
            "1": {
                  "mean_reward": 31.799502290165165
            },
            "2": {
                  "mean_reward": 27.704891011471606
            },
            "3": {
                  "mean_reward": 62.466525631288754
            },
            "4": {
                  "mean_reward": 43.77247127189692
            },
            "5": {
                  "mean_reward": 17.21933306558357
            },
            "6": {
                  "mean_reward": 0.0
            },
            "7": {
                  "mean_reward": 18.125120843827453
            },
            "8": {
                  "mean_reward": 18.8085986824307
            }
      },
      "2": {
            "episode_duration": 65,
            "agents_reward_for_plot": {
                  "0": 56.108412944099996,
                  "1": 28.20668043084283,
                  "2": 26.151023301605864,
                  "3": 53.127724830698426,
                  "4": 39.655860033651045,
                  "5": 14.64606739308795,
                  "6": 0,
                  "7": 17.39281773255758,
                  "8": 18.896665568149267
            },
            "0": {
                  "mean_reward": 56.108412944099996
            },
            "1": {
                  "mean_reward": 28.20668043084283
            },
            "2": {
                  "mean_reward": 26.151023301605864
            },
            "3": {
                  "mean_reward": 53.127724830698426
            },
            "4": {
                  "mean_reward": 39.655860033651045
            },
            "5": {
                  "mean_reward": 14.64606739308795
            },
            "6": {
                  "mean_reward": 0.0
            },
            "7": {
                  "mean_reward": 17.39281773255758
            },
            "8": {
                  "mean_reward": 18.896665568149267
            }
      },
      "3": {
            "episode_duration": 61,
            "agents_reward_for_plot": {
                  "0": 52.3044527445,
                  "1": 25.157309573454416,
                  "2": 23.16233492427948,
                  "3": 49.399463439070466,
                  "4": 36.466831652392884,
                  "5": 11.71685391447036,
                  "6": 0,
                  "7": 15.909367193352043,
                  "8": 17.43029722802455
            },
            "0": {
                  "mean_reward": 52.3044527445
            },
            "1": {
                  "mean_reward": 25.157309573454416
            },
            "2": {
                  "mean_reward": 23.16233492427948
            },
            "3": {
                  "mean_reward": 49.399463439070466
            },
            "4": {
                  "mean_reward": 36.466831652392884
            },
            "5": {
                  "mean_reward": 11.71685391447036
            },
            "6": {
                  "mean_reward": 0.0
            },
            "7": {
                  "mean_reward": 15.909367193352043
            },
            "8": {
                  "mean_reward": 17.43029722802455
            }
      },
      "4": {
            "episode_duration": 61,
            "agents_reward_for_plot": {
                  "0": 52.3044527445,
                  "1": 25.157309573454416,
                  "2": 23.16233492427948,
                  "3": 49.399463439070466,
                  "4": 36.466831652392884,
                  "5": 11.71685391447036,
                  "6": 0,
                  "7": 15.909367193352043,
                  "8": 17.43029722802455
            },
            "0": {
                  "mean_reward": 52.3044527445
            },
            "1": {
                  "mean_reward": 25.157309573454416
            },
            "2": {
                  "mean_reward": 23.16233492427948
            },
            "3": {
                  "mean_reward": 49.399463439070466
            },
            "4": {
                  "mean_reward": 36.466831652392884
            },
            "5": {
                  "mean_reward": 11.71685391447036
            },
            "6": {
                  "mean_reward": 0.0
            },
            "7": {
                  "mean_reward": 15.909367193352043
            },
            "8": {
                  "mean_reward": 17.43029722802455
            }
      },
      "5": {
            "episode_duration": 67,
            "agents_reward_for_plot": {
                  "0": 58.010393043899995,
                  "1": 29.73136585953704,
                  "2": 27.645367490269056,
                  "3": 54.9918555265124,
                  "4": 41.257291703921325,
                  "5": 14.692702222177232,
                  "6": 0,
                  "7": 14.97835340207245,
                  "8": 19.23835245594137
            },
            "0": {
                  "mean_reward": 58.010393043899995
            },
            "1": {
                  "mean_reward": 29.73136585953704
            },
            "2": {
                  "mean_reward": 27.645367490269056
            },
            "3": {
                  "mean_reward": 54.9918555265124
            },
            "4": {
                  "mean_reward": 41.257291703921325
            },
            "5": {
                  "mean_reward": 14.692702222177232
            },
            "6": {
                  "mean_reward": 0.0
            },
            "7": {
                  "mean_reward": 14.97835340207245
            },
            "8": {
                  "mean_reward": 19.23835245594137
            }
      },
      "6": {
            "episode_duration": 77,
            "agents_reward_for_plot": {
                  "0": 67.52029354289999,
                  "1": 37.354793003008076,
                  "2": 35.11708843358502,
                  "3": 64.3125090055823,
                  "4": 49.3300321356581,
                  "5": 19.01376285564308,
                  "6": 0,
                  "7": 18.089872728560284,
                  "8": 22.95810346384059
            },
            "0": {
                  "mean_reward": 67.52029354289999
            },