{
      "0": {
            "episode_duration": 306,
            "agents_reward_for_plot": {
                  "0": -671.1672598287535,
                  "1": -241.16271495755853,
                  "2": -321.0466489515784,
                  "3": -307.13371619414204,
                  "4": -278.0565232640816,
                  "5": -168.27207339977775,
                  "6": -199.63677764763872,
                  "7": -68.57926373934542,
                  "8": -61.057077485016386
            },
            "0": {
                  "mean_reward": -30.424242424242426
            },
            "1": {
                  "mean_reward": -21.75
            },
            "2": {
                  "mean_reward": -19.0
            },
            "3": {
                  "mean_reward": -17.037037037037038
            },
            "4": {
                  "mean_reward": -18.92
            },
            "5": {
                  "mean_reward": -12.263157894736842
            },
            "6": {
                  "mean_reward": -17.94736842105263
            },
            "7": {
                  "mean_reward": -6.416666666666667
            },
            "8": {
                  "mean_reward": -6.842105263157895
            }
      },
      "1": {
            "episode_duration": 413,
            "agents_reward_for_plot": {
                  "0": -733.2237025182269,
                  "1": -455.37172674497896,
                  "2": -422.10483708321493,
                  "3": -271.26985516227745,
                  "4": -146.90603534711127,
                  "5": -60.807326570178056,
                  "6": -76.35099783264606,
                  "7": -83.07106445712104,
                  "8": -110.38512171854926
            },
            "0": {
                  "mean_reward": -27.3
            },
            "1": {
                  "mean_reward": -28.727272727272727
            },
            "2": {
                  "mean_reward": -50.75
            },
            "3": {
                  "mean_reward": -18.375
            },
            "4": {
                  "mean_reward": -13.294117647058824
            },
            "5": {
                  "mean_reward": -21.2
            },
            "6": {
                  "mean_reward": -6.0
            },
            "7": {
                  "mean_reward": -3.0
            },
            "8": {
                  "mean_reward": -34.0
            }
      },
      "2": {
            "episode_duration": 442,
            "agents_reward_for_plot": {
                  "0": -484.2846373856596,
                  "1": -308.7049589622641,
                  "2": -222.03421707237533,
                  "3": -163.16399550222192,
                  "4": -85.42149545304886,
                  "5": -158.22825547919902,
                  "6": -146.6484715447361,
                  "7": -71.56760474494652,
                  "8": -197.23618742585353
            },
            "0": {
                  "mean_reward": -17.404761904761905
            },
            "1": {
                  "mean_reward": -12.3
            },
            "2": {
                  "mean_reward": -17.63157894736842
            },
            "3": {
                  "mean_reward": -6.209302325581396
            },
            "4": {
                  "mean_reward": -5.4
            },
            "5": {
                  "mean_reward": -12.476190476190476
            },
            "6": {
                  "mean_reward": -7.65625
            },
            "7": {
                  "mean_reward": -5.375
            },
            "8": {
                  "mean_reward": -18.38888888888889
            }
      },
      "3": {
            "episode_duration": 268,
            "agents_reward_for_plot": {
                  "0": -753.7655979669858,
                  "1": -76.17931012648683,
                  "2": -65.93130136176899,
                  "3": -254.4556888602327,
                  "4": -136.9736368825528,
                  "5": -65.52338937586904,
                  "6": -332.0946525089256,
                  "7": -8.170544543388878,
                  "8": -1.6745650169534767
            },
            "0": {
                  "mean_reward": -23.69047619047619
            },
            "1": {
                  "mean_reward": -4.714285714285714
            },
            "2": {
                  "mean_reward": -8.76923076923077
            },
            "3": {
                  "mean_reward": -16.136363636363637
            },
            "4": {
                  "mean_reward": -15.066666666666666
            },
            "5": {
                  "mean_reward": -34.0
            },
            "6": {
                  "mean_reward": -22.526315789473685
            },
            "7": {
                  "mean_reward": -1.9285714285714286
            },
            "8": {
                  "mean_reward": -1.0
            }
      },
      "4": {
            "episode_duration": 382,
            "agents_reward_for_plot": {
                  "0": -364.20927843941485,
                  "1": -168.38490655543077,
                  "2": -6.246080566240449,
                  "3": -160.7965248956102,
                  "4": -79.95302002583901,
                  "5": -74.78465433921384,
                  "6": -81.86997097320369,
                  "7": -4.464078143660952,
                  "8": -3.790183999551708
            },
            "0": {
                  "mean_reward": -14.470588235294118
            },
            "1": {
                  "mean_reward": -13.764705882352942
            },
            "2": {
                  "mean_reward": -1.5714285714285714
            },
            "3": {
                  "mean_reward": -12.277777777777779
            },
            "4": {
                  "mean_reward": -5.666666666666667
            },
            "5": {
                  "mean_reward": -4.0
            },
            "6": {
                  "mean_reward": -6.722222222222222
            },
            "7": {
                  "mean_reward": -1.3529411764705883
            },
            "8": {
                  "mean_reward": -1.5625
            }
      },
      "5": {
            "episode_duration": 268,
            "agents_reward_for_plot": {
                  "0": -360.1624303387437,
                  "1": -169.46336823405682,
                  "2": -90.23555767464255,
                  "3": -175.99349806660652,
                  "4": -80.80088267289577,
                  "5": -5.786460879518797,
                  "6": -147.13011333725447,
                  "7": -6.5212888985413535,
                  "8": -1.7131137333998936
            },
            "0": {
                  "mean_reward": -18.692307692307693
            },
            "1": {
                  "mean_reward": -12.31578947368421
            },
            "2": {
                  "mean_reward": -11.181818181818182
            },
            "3": {
                  "mean_reward": -10.75
            },
            "4": {
                  "mean_reward": -7.947368421052632
            },
            "5": {
                  "mean_reward": -1.75
            },
            "6": {
                  "mean_reward": -11.380952380952381
            },
            "7": {
                  "mean_reward": -1.5
            },
            "8": {
                  "mean_reward": -1.0
            }
      },
      "6": {
            "episode_duration": 383,
            "agents_reward_for_plot": {
                  "0": -374.34566553175,
                  "1": -262.6188257351456,
                  "2": -78.10765132277038,
                  "3": -102.40537571272762,
                  "4": -89.64356134952641,
                  "5": -15.694244026441755,
                  "6": -389.9923629481406,
                  "7": -5.318025777450783,
                  "8": -8.049804116922905
            },
            "0": {
                  "mean_reward": -15.818181818181818
            },