{
      "0": {
            "episode_duration": 313,
            "agents_reward_for_plot": {
                  "0": -508.9970181602365,
                  "1": -251.56702638525508,
                  "2": -176.17892767449632,
                  "3": -237.9592177179088,
                  "4": -79.47908562975364,
                  "5": -78.92840598985933,
                  "6": -6.02129847984268,
                  "7": -8.621102064024434,
                  "8": -69.03108022893237
            },
            "0": {
                  "mean_reward": -28.541666666666668
            },
            "1": {
                  "mean_reward": -13.592592592592593
            },
            "2": {
                  "mean_reward": -10.608695652173912
            },
            "3": {
                  "mean_reward": -14.375
            },
            "4": {
                  "mean_reward": -7.454545454545454
            },
            "5": {
                  "mean_reward": -7.882352941176471
            },
            "6": {
                  "mean_reward": -1.8666666666666667
            },
            "7": {
                  "mean_reward": -2.227272727272727
            },
            "8": {
                  "mean_reward": -9.916666666666666
            }
      },
      "1": {
            "episode_duration": 583,
            "agents_reward_for_plot": {
                  "0": -367.1971398376483,
                  "1": -172.71890158328608,
                  "2": -74.2735215340946,
                  "3": -103.5706251225405,
                  "4": -165.228208266367,
                  "5": -2.3393870205086156,
                  "6": -8.04750346636479,
                  "7": -152.84644982177173,
                  "8": -72.92256582264105
            },
            "0": {
                  "mean_reward": -7.71830985915493
            },
            "1": {
                  "mean_reward": -5.869565217391305
            },
            "2": {
                  "mean_reward": -7.6
            },
            "3": {
                  "mean_reward": -2.488372093023256
            },
            "4": {
                  "mean_reward": -9.384615384615385
            },
            "5": {
                  "mean_reward": -1.75
            },
            "6": {
                  "mean_reward": -1.0294117647058822
            },
            "7": {
                  "mean_reward": -14.125
            },
            "8": {
                  "mean_reward": -26.5
            }
      },
      "2": {
            "episode_duration": 412,
            "agents_reward_for_plot": {
                  "0": -581.6990670197124,
                  "1": -227.65329914469493,
                  "2": -5.931595802828384,
                  "3": -407.4932242860483,
                  "4": -225.2235616707452,
                  "5": -6.177677277151853,
                  "6": -137.7554965107697,
                  "7": -6.563484504105342,
                  "8": -3.277135784852188
            },
            "0": {
                  "mean_reward": -16.693877551020407
            },
            "1": {
                  "mean_reward": -12.892857142857142
            },
            "2": {
                  "mean_reward": -1.8181818181818181
            },
            "3": {
                  "mean_reward": -14.947368421052632
            },
            "4": {
                  "mean_reward": -8.976190476190476
            },
            "5": {
                  "mean_reward": -1.3529411764705883
            },
            "6": {
                  "mean_reward": -7.5625
            },
            "7": {
                  "mean_reward": -1.8636363636363635
            },
            "8": {
                  "mean_reward": -1.625
            }
      },
      "3": {
            "episode_duration": 411,
            "agents_reward_for_plot": {
                  "0": -942.3022831702119,
                  "1": -216.37487475966608,
                  "2": -335.61142639498297,
                  "3": -422.4740288280318,
                  "4": -62.15270012863408,
                  "5": -3.7190918291877955,
                  "6": -122.07698727970272,
                  "7": -56.804492132003446,
                  "8": -3.1097726841424564
            },
            "0": {
                  "mean_reward": -29.645833333333332
            },
            "1": {
                  "mean_reward": -11.516129032258064
            },
            "2": {
                  "mean_reward": -38.6875
            },
            "3": {
                  "mean_reward": -14.25531914893617
            },
            "4": {
                  "mean_reward": -8.6875
            },
            "5": {
                  "mean_reward": -1.9285714285714286
            },
            "6": {
                  "mean_reward": -8.233333333333333
            },
            "7": {
                  "mean_reward": -4.9655172413793105
            },
            "8": {
                  "mean_reward": -1.5333333333333334
            }
      },
      "4": {
            "episode_duration": 273,
            "agents_reward_for_plot": {
                  "0": -856.9300049626455,
                  "1": -518.416823527892,
                  "2": -60.34822967269447,
                  "3": -74.54895017192439,
                  "4": -229.04749784118167,
                  "5": -10.885869202273266,
                  "6": -119.97527784555193,
                  "7": -75.0223164722988,
                  "8": -3.3268013788113286
            },
            "0": {
                  "mean_reward": -40.96551724137931
            },
            "1": {
                  "mean_reward": -21.972972972972972
            },
            "2": {
                  "mean_reward": -11.636363636363637
            },
            "3": {
                  "mean_reward": -7.260869565217392
            },
            "4": {
                  "mean_reward": -16.772727272727273
            },
            "5": {
                  "mean_reward": -2.55
            },
            "6": {
                  "mean_reward": -22.7
            },
            "7": {
                  "mean_reward": -8.294117647058824
            },
            "8": {
                  "mean_reward": -1.6666666666666667
            }
      },
      "5": {
            "episode_duration": 260,
            "agents_reward_for_plot": {
                  "0": -427.8822272467182,
                  "1": -96.49760777622733,
                  "2": -5.7992967837302185,
                  "3": -237.67946553534392,
                  "4": -242.12201137132615,
                  "5": -7.2451638302959305,
                  "6": -222.54025495648958,
                  "7": -70.27487211323121,
                  "8": -9.157273352255071
            },
            "0": {
                  "mean_reward": -29.63157894736842
            },
            "1": {
                  "mean_reward": -7.666666666666667
            },
            "2": {
                  "mean_reward": -1.105263157894737
            },
            "3": {
                  "mean_reward": -26.583333333333332
            },
            "4": {
                  "mean_reward": -19.705882352941178
            },
            "5": {
                  "mean_reward": -1.3
            },
            "6": {
                  "mean_reward": -34.666666666666664
            },
            "7": {
                  "mean_reward": -10.727272727272727
            },
            "8": {
                  "mean_reward": -2.2
            }
      },
      "6": {
            "episode_duration": 304,
            "agents_reward_for_plot": {
                  "0": -705.1784424740453,
                  "1": -445.3659995785428,
                  "2": -209.48795563072596,
                  "3": -243.8379856544033,
                  "4": -363.7990778054121,
                  "5": -317.1211784713873,
                  "6": -4.884566807082256,
                  "7": -116.46302554793208,