{
      "0": {
            "episode_duration": 67,
            "agents_reward_for_plot": {
                  "0": -0.8562647764133615,
                  "1": -25.094877302142265,
                  "2": 2.497978019670036,
                  "3": -14.137455245863798,
                  "4": -14.563450285787077,
                  "5": 7.034476949995692,
                  "6": 0,
                  "7": 0,
                  "8": 0
            },
            "0": {
                  "mean_reward": -0.8562647764133615
            },
            "1": {
                  "mean_reward": -25.094877302142265
            },
            "2": {
                  "mean_reward": 2.497978019670036
            },
            "3": {
                  "mean_reward": -14.137455245863798
            },
            "4": {
                  "mean_reward": -14.563450285787077
            },
            "5": {
                  "mean_reward": 7.034476949995692
            },
            "6": {
                  "mean_reward": 0.0
            },
            "7": {
                  "mean_reward": 0.0
            },
            "8": {
                  "mean_reward": 0.0
            }
      },
      "1": {
            "episode_duration": 67,
            "agents_reward_for_plot": {
                  "0": 11.350513618137692,
                  "1": -5.22386442396499,
                  "2": 0,
                  "3": 0,
                  "4": 15.417127606438985,
                  "5": 0,
                  "6": 0,
                  "7": 0,
                  "8": 0
            },
            "0": {
                  "mean_reward": 11.350513618137692
            },
            "1": {
                  "mean_reward": -5.22386442396499
            },
            "2": {
                  "mean_reward": 0.0
            },
            "3": {
                  "mean_reward": 0.0
            },
            "4": {
                  "mean_reward": 15.417127606438985
            },
            "5": {
                  "mean_reward": 0.0
            },
            "6": {
                  "mean_reward": 0.0
            },
            "7": {
                  "mean_reward": 0.0
            },
            "8": {
                  "mean_reward": 0.0
            }
      },
      "2": {
            "episode_duration": 53,
            "agents_reward_for_plot": {
                  "0": 30.431681596799997,
                  "1": 7.936142836436554,
                  "2": 0,
                  "3": -14.499606719157068,
                  "4": -16.273408214542165,
                  "5": 0,
                  "6": -12.789958090901258,
                  "7": -11.142611488793175,
                  "8": 17.746419470270062
            },
            "0": {
                  "mean_reward": 30.431681596799997
            },
            "1": {
                  "mean_reward": 7.936142836436554
            },
            "2": {
                  "mean_reward": 0.0
            },
            "3": {
                  "mean_reward": -14.499606719157068
            },
            "4": {
                  "mean_reward": -16.273408214542165
            },
            "5": {
                  "mean_reward": 0.0
            },
            "6": {
                  "mean_reward": -12.789958090901258
            },
            "7": {
                  "mean_reward": -11.142611488793175
            },
            "8": {
                  "mean_reward": 17.746419470270062
            }
      },
      "3": {
            "episode_duration": 69,
            "agents_reward_for_plot": {
                  "0": 13.452422633090443,
                  "1": -9.212054302811115,
                  "2": -18.73120923995105,
                  "3": 0,
                  "4": 2.0669957231402236,
                  "5": 0,
                  "6": 0,
                  "7": -21.566868006052957,
                  "8": 0
            },
            "0": {
                  "mean_reward": 13.452422633090443
            },
            "1": {
                  "mean_reward": -9.212054302811115
            },
            "2": {
                  "mean_reward": -18.73120923995105
            },
            "3": {
                  "mean_reward": 0.0
            },
            "4": {
                  "mean_reward": 2.0669957231402236
            },
            "5": {
                  "mean_reward": 0.0
            },
            "6": {
                  "mean_reward": 0.0
            },
            "7": {
                  "mean_reward": -21.566868006052957
            },
            "8": {
                  "mean_reward": 0.0
            }
      },
      "4": {
            "episode_duration": 45,
            "agents_reward_for_plot": {
                  "0": 30.431681596799997,
                  "1": 7.936142836436554,
                  "2": 0,
                  "3": 0,
                  "4": 19.232209708095287,
                  "5": 0,
                  "6": 0,
                  "7": 0,
                  "8": 0
            },
            "0": {
                  "mean_reward": 30.431681596799997
            },
            "1": {
                  "mean_reward": 7.936142836436554
            },
            "2": {
                  "mean_reward": 0.0
            },
            "3": {
                  "mean_reward": 0.0
            },
            "4": {
                  "mean_reward": 19.232209708095287
            },
            "5": {
                  "mean_reward": 0.0
            },
            "6": {
                  "mean_reward": 0.0
            },
            "7": {
                  "mean_reward": 0.0
            },
            "8": {
                  "mean_reward": 0.0
            }
      },
      "5": {
            "episode_duration": 45,
            "agents_reward_for_plot": {
                  "0": 30.431681596799997,
                  "1": 7.936142836436554,
                  "2": 0,
                  "3": 0,
                  "4": 19.232209708095287,
                  "5": 0,
                  "6": 0,
                  "7": 0,
                  "8": 0
            },
            "0": {
                  "mean_reward": 30.431681596799997
            },
            "1": {
                  "mean_reward": 7.936142836436554
            },
            "2": {
                  "mean_reward": 0.0
            },
            "3": {
                  "mean_reward": 0.0
            },
            "4": {
                  "mean_reward": 19.232209708095287
            },
            "5": {
                  "mean_reward": 0.0
            },
            "6": {
                  "mean_reward": 0.0
            },
            "7": {
                  "mean_reward": 0.0
            },
            "8": {
                  "mean_reward": 0.0
            }
      },
      "6": {
            "episode_duration": 67,
            "agents_reward_for_plot": {
                  "0": 12.585916096454607,
                  "1": 7.936142836436554,
                  "2": 0,
                  "3": -19.209111094353137,
                  "4": -0.11658023471489898,
                  "5": 0,
                  "6": 0,
                  "7": 0,
                  "8": 0
            },
            "0": {
                  "mean_reward": 12.585916096454607
            },
            "1": {
                  "mean_reward": 7.936142836436554
            },
            "2": {
                  "mean_reward": 0.0
            },
            "3": {
                  "mean_reward": -19.209111094353137
            },
            "4": {
                  "mean_reward": -0.11658023471489898
            },
            "5": {
                  "mean_reward": 0.0
            },
            "6": {
                  "mean_reward": 0.0
            },
            "7": {
                  "mean_reward": 0.0
            },
            "8": {
                  "mean_reward": 0.0
            }
      },
      "7": {
            "episode_duration": 51,