{
      "0": {
            "episode_duration": 105,
            "agents_reward_for_plot": {
                  "0": 13.962055516611839,
                  "1": 3.8891067969957334,
                  "2": 0,
                  "3": 0,
                  "4": -42.40869327365929,
                  "5": 0,
                  "6": -38.32824574601102,
                  "7": -28.646809461139014,
                  "8": -19.74724255965622
            },
            "0": {
                  "mean_reward": 13.962055516611839
            },
            "1": {
                  "mean_reward": 3.8891067969957334
            },
            "2": {
                  "mean_reward": 0.0
            },
            "3": {
                  "mean_reward": 0.0
            },
            "4": {
                  "mean_reward": -42.40869327365929
            },
            "5": {
                  "mean_reward": 0.0
            },
            "6": {
                  "mean_reward": -38.32824574601102
            },
            "7": {
                  "mean_reward": -28.646809461139014
            },
            "8": {
                  "mean_reward": -19.74724255965622
            }
      },
      "1": {
            "episode_duration": 103,
            "agents_reward_for_plot": {
                  "0": -14.473309565354935,
                  "1": -29.18337027578201,
                  "2": -13.91767576297378,
                  "3": -33.81317566537036,
                  "4": -40.00136979117133,
                  "5": 0,
                  "6": -41.47624903132018,
                  "7": 0,
                  "8": 0
            },
            "0": {
                  "mean_reward": -14.473309565354935
            },
            "1": {
                  "mean_reward": -29.18337027578201
            },
            "2": {
                  "mean_reward": -13.91767576297378
            },
            "3": {
                  "mean_reward": -33.81317566537036
            },
            "4": {
                  "mean_reward": -40.00136979117133
            },
            "5": {
                  "mean_reward": 0.0
            },
            "6": {
                  "mean_reward": -41.47624903132018
            },
            "7": {
                  "mean_reward": 0.0
            },
            "8": {
                  "mean_reward": 0.0
            }
      },
      "2": {
            "episode_duration": 59,
            "agents_reward_for_plot": {
                  "0": 11.763305810038254,
                  "1": -8.1860015304451,
                  "2": 0,
                  "3": -47.53533274325648,
                  "4": 4.244764633999828,
                  "5": 0,
                  "6": 0,
                  "7": 0,
                  "8": 0
            },
            "0": {
                  "mean_reward": 11.763305810038254
            },
            "1": {
                  "mean_reward": -8.1860015304451
            },
            "2": {
                  "mean_reward": 0.0
            },
            "3": {
                  "mean_reward": -47.53533274325648
            },
            "4": {
                  "mean_reward": 4.244764633999828
            },
            "5": {
                  "mean_reward": 0.0
            },
            "6": {
                  "mean_reward": 0.0
            },
            "7": {
                  "mean_reward": 0.0
            },
            "8": {
                  "mean_reward": 0.0
            }
      },
      "3": {
            "episode_duration": 45,
            "agents_reward_for_plot": {
                  "0": 15.215840798399999,
                  "1": 3.968071418218277,
                  "2": 0,
                  "3": 0,
                  "4": 9.616104854047643,
                  "5": 0,
                  "6": 0,
                  "7": 0,
                  "8": 0
            },
            "0": {
                  "mean_reward": 15.215840798399999
            },
            "1": {
                  "mean_reward": 3.968071418218277
            },
            "2": {
                  "mean_reward": 0.0
            },
            "3": {
                  "mean_reward": 0.0
            },
            "4": {
                  "mean_reward": 9.616104854047643
            },
            "5": {
                  "mean_reward": 0.0
            },
            "6": {
                  "mean_reward": 0.0
            },
            "7": {
                  "mean_reward": 0.0
            },
            "8": {
                  "mean_reward": 0.0
            }
      },
      "4": {
            "episode_duration": 45,
            "agents_reward_for_plot": {
                  "0": 15.215840798399999,
                  "1": 3.968071418218277,
                  "2": 0,
                  "3": 0,
                  "4": 9.616104854047643,
                  "5": 0,
                  "6": 0,
                  "7": 0,
                  "8": 0
            },
            "0": {
                  "mean_reward": 15.215840798399999
            },
            "1": {
                  "mean_reward": 3.968071418218277
            },
            "2": {
                  "mean_reward": 0.0
            },
            "3": {
                  "mean_reward": 0.0
            },
            "4": {
                  "mean_reward": 9.616104854047643
            },
            "5": {
                  "mean_reward": 0.0
            },
            "6": {
                  "mean_reward": 0.0
            },
            "7": {
                  "mean_reward": 0.0
            },
            "8": {
                  "mean_reward": 0.0
            }
      },
      "5": {
            "episode_duration": 47,
            "agents_reward_for_plot": {
                  "0": 13.962055516611839,
                  "1": 3.8891067969957334,
                  "2": 0,
                  "3": 0,
                  "4": 9.424744367452094,
                  "5": 0,
                  "6": 0,
                  "7": 0,
                  "8": 0
            },
            "0": {
                  "mean_reward": 13.962055516611839
            },
            "1": {
                  "mean_reward": 3.8891067969957334
            },
            "2": {
                  "mean_reward": 0.0
            },
            "3": {
                  "mean_reward": 0.0
            },
            "4": {
                  "mean_reward": 9.424744367452094
            },
            "5": {
                  "mean_reward": 0.0
            },
            "6": {
                  "mean_reward": 0.0
            },
            "7": {
                  "mean_reward": 0.0
            },
            "8": {
                  "mean_reward": 0.0
            }
      },
      "6": {
            "episode_duration": 51,
            "agents_reward_for_plot": {
                  "0": 15.215840798399999,
                  "1": -21.427585658378696,
                  "2": -19.445533984978667,
                  "3": 0,
                  "4": 9.053371834644455,
                  "5": 2.9735177573108773,
                  "6": 0,
                  "7": 0,
                  "8": 0
            },
            "0": {
                  "mean_reward": 15.215840798399999
            },
            "1": {
                  "mean_reward": -21.427585658378696
            },
            "2": {
                  "mean_reward": -19.445533984978667
            },
            "3": {
                  "mean_reward": 0.0
            },
            "4": {
                  "mean_reward": 9.053371834644455
            },
            "5": {
                  "mean_reward": 2.9735177573108773
            },
            "6": {
                  "mean_reward": 0.0
            },
            "7": {
                  "mean_reward": 0.0
            },
            "8": {
                  "mean_reward": 0.0
            }
      },
      "7": {
            "episode_duration": 45,
            "agents_reward_for_plot": {
                  "0": 15.215840798399999,