{
      "0": {
            "episode_duration": 225,
            "agents_reward_for_plot": {
                  "0": -179.91873130766245,
                  "1": -75.91053769623353,
                  "2": -39.2953916325741,
                  "3": 0,
                  "4": -1.6963634289986769,
                  "5": -23.30326566979284,
                  "6": 0,
                  "7": 0,
                  "8": 0
            },
            "0": {
                  "mean_reward": -179.91873130766245
            },
            "1": {
                  "mean_reward": -75.91053769623353
            },
            "2": {
                  "mean_reward": -39.2953916325741
            },
            "3": {
                  "mean_reward": 0.0
            },
            "4": {
                  "mean_reward": -1.6963634289986769
            },
            "5": {
                  "mean_reward": -23.30326566979284
            },
            "6": {
                  "mean_reward": 0.0
            },
            "7": {
                  "mean_reward": 0.0
            },
            "8": {
                  "mean_reward": 0.0
            }
      },
      "1": {
            "episode_duration": 81,
            "agents_reward_for_plot": {
                  "0": -45.78486473978731,
                  "1": -18.372294708811182,
                  "2": 0,
                  "3": 0,
                  "4": -7.211919643933246,
                  "5": 0,
                  "6": 0,
                  "7": 0,
                  "8": 0
            },
            "0": {
                  "mean_reward": -45.78486473978731
            },
            "1": {
                  "mean_reward": -18.372294708811182
            },
            "2": {
                  "mean_reward": 0.0
            },
            "3": {
                  "mean_reward": 0.0
            },
            "4": {
                  "mean_reward": -7.211919643933246
            },
            "5": {
                  "mean_reward": 0.0
            },
            "6": {
                  "mean_reward": 0.0
            },
            "7": {
                  "mean_reward": 0.0
            },
            "8": {
                  "mean_reward": 0.0
            }
      },
      "2": {
            "episode_duration": 235,
            "agents_reward_for_plot": {
                  "0": -130.13572501042097,
                  "1": 0,
                  "2": -3.7617544913148357,
                  "3": -64.25733524622834,
                  "4": -40.940809274701856,
                  "5": -13.966069129931325,
                  "6": 0,
                  "7": 0,
                  "8": -7.954320314259669
            },
            "0": {
                  "mean_reward": -130.13572501042097
            },
            "1": {
                  "mean_reward": 0.0
            },
            "2": {
                  "mean_reward": -3.7617544913148357
            },
            "3": {
                  "mean_reward": -64.25733524622834
            },
            "4": {
                  "mean_reward": -40.940809274701856
            },
            "5": {
                  "mean_reward": -13.966069129931325
            },
            "6": {
                  "mean_reward": 0.0
            },
            "7": {
                  "mean_reward": 0.0
            },
            "8": {
                  "mean_reward": -7.954320314259669
            }
      },
      "3": {
            "episode_duration": 301,
            "agents_reward_for_plot": {
                  "0": -125.81689825641331,
                  "1": -1.271857886970479,
                  "2": 0,
                  "3": -92.13021504120432,
                  "4": -23.23340729701384,
                  "5": 0,
                  "6": -32.13814720077304,
                  "7": -15.039261677421347,
                  "8": -20.537793463696275
            },
            "0": {
                  "mean_reward": -125.81689825641331
            },
            "1": {
                  "mean_reward": -1.271857886970479
            },
            "2": {
                  "mean_reward": 0.0
            },
            "3": {
                  "mean_reward": -92.13021504120432
            },
            "4": {
                  "mean_reward": -23.23340729701384
            },
            "5": {
                  "mean_reward": 0.0
            },
            "6": {
                  "mean_reward": -32.13814720077304
            },
            "7": {
                  "mean_reward": -15.039261677421347
            },
            "8": {
                  "mean_reward": -20.537793463696275
            }
      },
      "4": {
            "episode_duration": 53,
            "agents_reward_for_plot": {
                  "0": -41.16429703960355,
                  "1": -16.887885571421045,
                  "2": 0,
                  "3": 0,
                  "4": -9.555764330145417,
                  "5": 0,
                  "6": 0,
                  "7": 0,
                  "8": 0
            },
            "0": {
                  "mean_reward": -41.16429703960355
            },
            "1": {
                  "mean_reward": -16.887885571421045
            },
            "2": {
                  "mean_reward": 0.0
            },
            "3": {
                  "mean_reward": 0.0
            },
            "4": {
                  "mean_reward": -9.555764330145417
            },
            "5": {
                  "mean_reward": 0.0
            },
            "6": {
                  "mean_reward": 0.0
            },
            "7": {
                  "mean_reward": 0.0
            },
            "8": {
                  "mean_reward": 0.0
            }
      },
      "5": {
            "episode_duration": 217,
            "agents_reward_for_plot": {
                  "0": -96.60805702601633,
                  "1": -53.47525312562581,
                  "2": -49.17507676103187,
                  "3": 0,
                  "4": -1.8383887105960357,
                  "5": 0,
                  "6": 0,
                  "7": 0,
                  "8": 0
            },
            "0": {
                  "mean_reward": -96.60805702601633
            },
            "1": {
                  "mean_reward": -53.47525312562581
            },
            "2": {
                  "mean_reward": -49.17507676103187
            },
            "3": {
                  "mean_reward": 0.0
            },
            "4": {
                  "mean_reward": -1.8383887105960357
            },
            "5": {
                  "mean_reward": 0.0
            },
            "6": {
                  "mean_reward": 0.0
            },
            "7": {
                  "mean_reward": 0.0
            },
            "8": {
                  "mean_reward": 0.0
            }
      },
      "6": {
            "episode_duration": 107,
            "agents_reward_for_plot": {
                  "0": -71.44688135349196,
                  "1": -40.360899181790835,
                  "2": -18.98875301302443,
                  "3": 0,
                  "4": -5.5534892899083514,
                  "5": -4.2820002955272205,
                  "6": 0,
                  "7": 0,
                  "8": 0
            },
            "0": {
                  "mean_reward": -71.44688135349196
            },
            "1": {
                  "mean_reward": -40.360899181790835
            },
            "2": {
                  "mean_reward": -18.98875301302443
            },
            "3": {
                  "mean_reward": 0.0
            },
            "4": {
                  "mean_reward": -5.5534892899083514
            },
            "5": {
                  "mean_reward": -4.2820002955272205
            },
            "6": {
                  "mean_reward": 0.0
            },
            "7": {
                  "mean_reward": 0.0
            },
            "8": {
                  "mean_reward": 0.0
            }
      },