{
      "0": {
            "episode_duration": 365,
            "agents_reward_for_plot": {
                  "0": -129.09131764056247,
                  "1": -77.48656639145467,
                  "2": -6.471399868204943,
                  "3": 0,
                  "4": -46.3220864355918,
                  "5": 0,
                  "6": 0,
                  "7": -74.4806055664049,
                  "8": 0
            },
            "0": {
                  "mean_reward": -129.09131764056247
            },
            "1": {
                  "mean_reward": -77.48656639145467
            },
            "2": {
                  "mean_reward": -6.471399868204943
            },
            "3": {
                  "mean_reward": 0.0
            },
            "4": {
                  "mean_reward": -46.3220864355918
            },
            "5": {
                  "mean_reward": 0.0
            },
            "6": {
                  "mean_reward": 0.0
            },
            "7": {
                  "mean_reward": -74.4806055664049
            },
            "8": {
                  "mean_reward": 0.0
            }
      },
      "1": {
            "episode_duration": 109,
            "agents_reward_for_plot": {
                  "0": -65.19344483930489,
                  "1": -26.57578723805689,
                  "2": 0,
                  "3": -76.16399911694106,
                  "4": -18.459413878257138,
                  "5": 0,
                  "6": 0,
                  "7": -14.639513249492936,
                  "8": -8.394698254525794
            },
            "0": {
                  "mean_reward": -65.19344483930489
            },
            "1": {
                  "mean_reward": -26.57578723805689
            },
            "2": {
                  "mean_reward": 0.0
            },
            "3": {
                  "mean_reward": -76.16399911694106
            },
            "4": {
                  "mean_reward": -18.459413878257138
            },
            "5": {
                  "mean_reward": 0.0
            },
            "6": {
                  "mean_reward": 0.0
            },
            "7": {
                  "mean_reward": -14.639513249492936
            },
            "8": {
                  "mean_reward": -8.394698254525794
            }
      },
      "2": {
            "episode_duration": 581,
            "agents_reward_for_plot": {
                  "0": -180.03273328001978,
                  "1": -91.12515825335375,
                  "2": -138.21137801084421,
                  "3": -29.118172302677884,
                  "4": -33.57235227105298,
                  "5": -152.76123222196233,
                  "6": -9.816079900045287,
                  "7": -3.7567566806197923,
                  "8": -150.66966073045464
            },
            "0": {
                  "mean_reward": -180.03273328001978
            },
            "1": {
                  "mean_reward": -91.12515825335375
            },
            "2": {
                  "mean_reward": -138.21137801084421
            },
            "3": {
                  "mean_reward": -29.118172302677884
            },
            "4": {
                  "mean_reward": -33.57235227105298
            },
            "5": {
                  "mean_reward": -152.76123222196233
            },
            "6": {
                  "mean_reward": -9.816079900045287
            },
            "7": {
                  "mean_reward": -3.7567566806197923
            },
            "8": {
                  "mean_reward": -150.66966073045464
            }
      },
      "3": {
            "episode_duration": 514,
            "agents_reward_for_plot": {
                  "0": -127.16838964863828,
                  "1": -9.484951820247547,
                  "2": -9.664333126182903,
                  "3": -84.8596068054999,
                  "4": -43.49302642670115,
                  "5": 0,
                  "6": -43.17436767184425,
                  "7": -60.56518749690436,
                  "8": 0
            },
            "0": {
                  "mean_reward": -127.16838964863828
            },
            "1": {
                  "mean_reward": -9.484951820247547
            },
            "2": {
                  "mean_reward": -9.664333126182903
            },
            "3": {
                  "mean_reward": -84.8596068054999
            },
            "4": {
                  "mean_reward": -43.49302642670115
            },
            "5": {
                  "mean_reward": 0.0
            },
            "6": {
                  "mean_reward": -43.17436767184425
            },
            "7": {
                  "mean_reward": -60.56518749690436
            },
            "8": {
                  "mean_reward": 0.0
            }
      },
      "4": {
            "episode_duration": 271,
            "agents_reward_for_plot": {
                  "0": -141.52475976681356,
                  "1": -111.15104261284093,
                  "2": -2.1000615790760344,
                  "3": -71.7193613453361,
                  "4": -151.5382418625344,
                  "5": 0,
                  "6": -82.74568750473037,
                  "7": -72.85175508209828,
                  "8": 0
            },
            "0": {
                  "mean_reward": -141.52475976681356
            },
            "1": {
                  "mean_reward": -111.15104261284093
            },
            "2": {
                  "mean_reward": -2.1000615790760344
            },
            "3": {
                  "mean_reward": -71.7193613453361
            },
            "4": {
                  "mean_reward": -151.5382418625344
            },
            "5": {
                  "mean_reward": 0.0
            },
            "6": {
                  "mean_reward": -82.74568750473037
            },
            "7": {
                  "mean_reward": -72.85175508209828
            },
            "8": {
                  "mean_reward": 0.0
            }
      },
      "5": {
            "episode_duration": 263,
            "agents_reward_for_plot": {
                  "0": -126.20439754696389,
                  "1": -52.62761682592707,
                  "2": -45.37679638850685,
                  "3": 0,
                  "4": -116.4370522140738,
                  "5": 0,
                  "6": 0,
                  "7": 0,
                  "8": 0
            },
            "0": {
                  "mean_reward": -126.20439754696389
            },
            "1": {
                  "mean_reward": -52.62761682592707
            },
            "2": {
                  "mean_reward": -45.37679638850685
            },
            "3": {
                  "mean_reward": 0.0
            },
            "4": {
                  "mean_reward": -116.4370522140738
            },
            "5": {
                  "mean_reward": 0.0
            },
            "6": {
                  "mean_reward": 0.0
            },
            "7": {
                  "mean_reward": 0.0
            },
            "8": {
                  "mean_reward": 0.0
            }
      },
      "6": {
            "episode_duration": 101,
            "agents_reward_for_plot": {
                  "0": -63.9947927264912,
                  "1": -12.244807496212667,
                  "2": 0,
                  "3": -48.01295390410814,
                  "4": -6.767185625500556,
                  "5": 0,
                  "6": 0,
                  "7": 0,
                  "8": 0
            },
            "0": {
                  "mean_reward": -63.9947927264912
            },
            "1": {
                  "mean_reward": -12.244807496212667
            },
            "2": {
                  "mean_reward": 0.0
            },
            "3": {
                  "mean_reward": -48.01295390410814
            },
            "4": {
                  "mean_reward": -6.767185625500556
            },