{
      "0": {
            "episode_duration": 129,
            "agents_reward_for_plot": {
                  "0": -77.41756283867173,
                  "1": -10.155371283628964,
                  "2": 0,
                  "3": -53.169078332598986,
                  "4": -4.451846893468009,
                  "5": 0,
                  "6": 0,
                  "7": 0,
                  "8": 0
            },
            "0": {
                  "mean_reward": -77.41756283867173
            },
            "1": {
                  "mean_reward": -10.155371283628964
            },
            "2": {
                  "mean_reward": 0.0
            },
            "3": {
                  "mean_reward": -53.169078332598986
            },
            "4": {
                  "mean_reward": -4.451846893468009
            },
            "5": {
                  "mean_reward": 0.0
            },
            "6": {
                  "mean_reward": 0.0
            },
            "7": {
                  "mean_reward": 0.0
            },
            "8": {
                  "mean_reward": 0.0
            }
      },
      "1": {
            "episode_duration": 169,
            "agents_reward_for_plot": {
                  "0": -126.1285987229341,
                  "1": -51.08677118111787,
                  "2": -29.55536618073843,
                  "3": 0,
                  "4": -2.978159845206262,
                  "5": 0,
                  "6": 0,
                  "7": 0,
                  "8": 0
            },
            "0": {
                  "mean_reward": -126.1285987229341
            },
            "1": {
                  "mean_reward": -51.08677118111787
            },
            "2": {
                  "mean_reward": -29.55536618073843
            },
            "3": {
                  "mean_reward": 0.0
            },
            "4": {
                  "mean_reward": -2.978159845206262
            },
            "5": {
                  "mean_reward": 0.0
            },
            "6": {
                  "mean_reward": 0.0
            },
            "7": {
                  "mean_reward": 0.0
            },
            "8": {
                  "mean_reward": 0.0
            }
      },
      "2": {
            "episode_duration": 59,
            "agents_reward_for_plot": {
                  "0": -42.1606840324295,
                  "1": -19.681289387589516,
                  "2": 0,
                  "3": 0,
                  "4": -8.996562429186053,
                  "5": 0,
                  "6": 0,
                  "7": 0,
                  "8": 0
            },
            "0": {
                  "mean_reward": -42.1606840324295
            },
            "1": {
                  "mean_reward": -19.681289387589516
            },
            "2": {
                  "mean_reward": 0.0
            },
            "3": {
                  "mean_reward": 0.0
            },
            "4": {
                  "mean_reward": -8.996562429186053
            },
            "5": {
                  "mean_reward": 0.0
            },
            "6": {
                  "mean_reward": 0.0
            },
            "7": {
                  "mean_reward": 0.0
            },
            "8": {
                  "mean_reward": 0.0
            }
      },
      "3": {
            "episode_duration": 200,
            "agents_reward_for_plot": {
                  "0": -106.15301867126053,
                  "1": -75.02381911739143,
                  "2": 0,
                  "3": -68.85405073687603,
                  "4": -115.36542197992934,
                  "5": 0,
                  "6": -18.283183770421438,
                  "7": -8.937585991689476,
                  "8": -3.718341725268152
            },
            "0": {
                  "mean_reward": -106.15301867126053
            },
            "1": {
                  "mean_reward": -75.02381911739143
            },
            "2": {
                  "mean_reward": 0.0
            },
            "3": {
                  "mean_reward": -68.85405073687603
            },
            "4": {
                  "mean_reward": -115.36542197992934
            },
            "5": {
                  "mean_reward": 0.0
            },
            "6": {
                  "mean_reward": -18.283183770421438
            },
            "7": {
                  "mean_reward": -8.937585991689476
            },
            "8": {
                  "mean_reward": -3.718341725268152
            }
      },
      "4": {
            "episode_duration": 269,
            "agents_reward_for_plot": {
                  "0": -180.38825894460086,
                  "1": -22.083370706365223,
                  "2": -33.79005943630851,
                  "3": -148.7789992538034,
                  "4": -127.05489268002182,
                  "5": -54.008213809653576,
                  "6": 0,
                  "7": -121.3564599633672,
                  "8": -104.65274961489727
            },
            "0": {
                  "mean_reward": -180.38825894460086
            },
            "1": {
                  "mean_reward": -22.083370706365223
            },
            "2": {
                  "mean_reward": -33.79005943630851
            },
            "3": {
                  "mean_reward": -148.7789992538034
            },
            "4": {
                  "mean_reward": -127.05489268002182
            },
            "5": {
                  "mean_reward": -54.008213809653576
            },
            "6": {
                  "mean_reward": 0.0
            },
            "7": {
                  "mean_reward": -121.3564599633672
            },
            "8": {
                  "mean_reward": -104.65274961489727
            }
      },
      "5": {
            "episode_duration": 121,
            "agents_reward_for_plot": {
                  "0": -70.36703613873756,
                  "1": -37.398058748500354,
                  "2": 0,
                  "3": 0,
                  "4": -27.8841042507742,
                  "5": 0,
                  "6": 0,
                  "7": -14.368826750533362,
                  "8": 0
            },
            "0": {
                  "mean_reward": -70.36703613873756
            },
            "1": {
                  "mean_reward": -37.398058748500354
            },
            "2": {
                  "mean_reward": 0.0
            },
            "3": {
                  "mean_reward": 0.0
            },
            "4": {
                  "mean_reward": -27.8841042507742
            },
            "5": {
                  "mean_reward": 0.0
            },
            "6": {
                  "mean_reward": 0.0
            },
            "7": {
                  "mean_reward": -14.368826750533362
            },
            "8": {
                  "mean_reward": 0.0
            }
      },
      "6": {
            "episode_duration": 156,
            "agents_reward_for_plot": {
                  "0": -142.64850748499998,
                  "1": -104.75708544096251,
                  "2": -81.59288229656626,
                  "3": -15.929066392270737,
                  "4": -3.3938330446241225,
                  "5": -61.098268067984726,
                  "6": -22.261392187767406,
                  "7": -34.58451597311726,
                  "8": -50.91839714088423
            },
            "0": {
                  "mean_reward": -142.64850748499998
            },
            "1": {
                  "mean_reward": -104.75708544096251
            },
            "2": {
                  "mean_reward": -81.59288229656626
            },
            "3": {
                  "mean_reward": -15.929066392270737
            },
            "4": {
                  "mean_reward": -3.3938330446241225
            },
            "5": {
                  "mean_reward": -61.098268067984726
            },
            "6": {
                  "mean_reward": -22.261392187767406
            },