{
      "0": {
            "episode_duration": 64,
            "agents_reward_for_plot": {
                  "0": 47.62602260526757,
                  "1": 28.229534842063273,
                  "2": 0,
                  "3": 17.92567623259602,
                  "4": 10.464197811651724,
                  "5": 0,
                  "6": 16.217497177446795,
                  "7": 13.644334608352027,
                  "8": 0
            },
            "0": {
                  "mean_reward": 47.62602260526757
            },
            "1": {
                  "mean_reward": 28.229534842063273
            },
            "2": {
                  "mean_reward": 0.0
            },
            "3": {
                  "mean_reward": 17.92567623259602
            },
            "4": {
                  "mean_reward": 10.464197811651724
            },
            "5": {
                  "mean_reward": 0.0
            },
            "6": {
                  "mean_reward": 16.217497177446795
            },
            "7": {
                  "mean_reward": 13.644334608352027
            },
            "8": {
                  "mean_reward": 0.0
            }
      },
      "1": {
            "episode_duration": 58,
            "agents_reward_for_plot": {
                  "0": 42.95909444887269,
                  "1": 26.982885643884284,
                  "2": 0,
                  "3": 13.788981717381555,
                  "4": 9.08743679715763,
                  "5": 0,
                  "6": 12.163122883085096,
                  "7": 10.596512655743735,
                  "8": 0
            },
            "0": {
                  "mean_reward": 42.95909444887269
            },
            "1": {
                  "mean_reward": 26.982885643884284
            },
            "2": {
                  "mean_reward": 0.0
            },
            "3": {
                  "mean_reward": 13.788981717381555
            },
            "4": {
                  "mean_reward": 9.08743679715763
            },
            "5": {
                  "mean_reward": 0.0
            },
            "6": {
                  "mean_reward": 12.163122883085096
            },
            "7": {
                  "mean_reward": 10.596512655743735
            },
            "8": {
                  "mean_reward": 0.0
            }
      },
      "2": {
            "episode_duration": 58,
            "agents_reward_for_plot": {
                  "0": 42.95909444887269,
                  "1": 26.982885643884284,
                  "2": 0,
                  "3": 13.788981717381555,
                  "4": 9.08743679715763,
                  "5": 0,
                  "6": 12.163122883085096,
                  "7": 10.596512655743735,
                  "8": 0
            },
            "0": {
                  "mean_reward": 42.95909444887269
            },
            "1": {
                  "mean_reward": 26.982885643884284
            },
            "2": {
                  "mean_reward": 0.0
            },
            "3": {
                  "mean_reward": 13.788981717381555
            },
            "4": {
                  "mean_reward": 9.08743679715763
            },
            "5": {
                  "mean_reward": 0.0
            },
            "6": {
                  "mean_reward": 12.163122883085096
            },
            "7": {
                  "mean_reward": 10.596512655743735
            },
            "8": {
                  "mean_reward": 0.0
            }
      },
      "3": {
            "episode_duration": 70,
            "agents_reward_for_plot": {
                  "0": 47.05484379654658,
                  "1": 29.800396644306723,
                  "2": 0,
                  "3": 22.062370747810487,
                  "4": 15.195095411729422,
                  "5": 0,
                  "6": 20.271871471808492,
                  "7": 18.543897147551537,
                  "8": 0
            },
            "0": {
                  "mean_reward": 47.05484379654658
            },
            "1": {
                  "mean_reward": 29.800396644306723
            },
            "2": {
                  "mean_reward": 0.0
            },
            "3": {
                  "mean_reward": 22.062370747810487
            },
            "4": {
                  "mean_reward": 15.195095411729422
            },
            "5": {
                  "mean_reward": 0.0
            },
            "6": {
                  "mean_reward": 20.271871471808492
            },
            "7": {
                  "mean_reward": 18.543897147551537
            },
            "8": {
                  "mean_reward": 0.0
            }
      },
      "4": {
            "episode_duration": 58,
            "agents_reward_for_plot": {
                  "0": 42.95909444887269,
                  "1": 26.982885643884284,
                  "2": 0,
                  "3": 13.788981717381555,
                  "4": 9.08743679715763,
                  "5": 0,
                  "6": 12.163122883085096,
                  "7": 10.596512655743735,
                  "8": 0
            },
            "0": {
                  "mean_reward": 42.95909444887269
            },
            "1": {
                  "mean_reward": 26.982885643884284
            },
            "2": {
                  "mean_reward": 0.0
            },
            "3": {
                  "mean_reward": 13.788981717381555
            },
            "4": {
                  "mean_reward": 9.08743679715763
            },
            "5": {
                  "mean_reward": 0.0
            },
            "6": {
                  "mean_reward": 12.163122883085096
            },
            "7": {
                  "mean_reward": 10.596512655743735
            },
            "8": {
                  "mean_reward": 0.0
            }
      },
      "5": {
            "episode_duration": 58,
            "agents_reward_for_plot": {
                  "0": 42.95909444887269,
                  "1": 26.982885643884284,
                  "2": 0,
                  "3": 13.788981717381555,
                  "4": 9.08743679715763,
                  "5": 0,
                  "6": 12.163122883085096,
                  "7": 10.596512655743735,
                  "8": 0
            },
            "0": {
                  "mean_reward": 42.95909444887269
            },
            "1": {
                  "mean_reward": 26.982885643884284
            },
            "2": {
                  "mean_reward": 0.0
            },
            "3": {
                  "mean_reward": 13.788981717381555
            },
            "4": {
                  "mean_reward": 9.08743679715763
            },
            "5": {
                  "mean_reward": 0.0
            },
            "6": {
                  "mean_reward": 12.163122883085096
            },
            "7": {
                  "mean_reward": 10.596512655743735
            },
            "8": {
                  "mean_reward": 0.0
            }
      },
      "6": {
            "episode_duration": 62,
            "agents_reward_for_plot": {
                  "0": 42.97562136851673,
                  "1": 26.8448677335387,
                  "2": 0,
                  "3": 15.313988077286902,
                  "4": 8.7293555284768,
                  "5": 0,
                  "6": 14.866039079326228,
                  "7": 0,
                  "8": 0
            },
            "0": {
                  "mean_reward": 42.97562136851673
            },
            "1": {
                  "mean_reward": 26.8448677335387
            },
            "2": {
                  "mean_reward": 0.0
            },
            "3": {
                  "mean_reward": 15.313988077286902
            },
            "4": {
                  "mean_reward": 8.7293555284768
            },
            "5": {
                  "mean_reward": 0.0
            },